Command line invocation:
    /Applications/Xcode_26.3.app/Contents/Developer/usr/bin/xcodebuild -project ParkEmpire.xcodeproj -scheme ParkEmpire -configuration Release -sdk iphoneos -destination generic/platform=iOS -archivePath /Users/runner/work/_temp/ParkEmpire.xcarchive -allowProvisioningUpdates -authenticationKeyPath /Users/runner/.appstoreconnect/private_keys/AuthKey_F9UWGC85WY.p8 -authenticationKeyID F9UWGC85WY -authenticationKeyIssuerID bc4f5ad3-b1a0-475c-a2d3-e7d0bd7de074 DEVELOPMENT_TEAM=7X49UN26T8 CODE_SIGN_STYLE=Automatic MARKETING_VERSION=1.0 CURRENT_PROJECT_VERSION=2026.0917.0345 "OTHER_CODE_SIGN_FLAGS=--keychain /Users/runner/work/_temp/build.keychain-db" clean archive

Build settings from command line:
    CODE_SIGN_STYLE = Automatic
    CURRENT_PROJECT_VERSION = 2026.0917.0345
    DEVELOPMENT_TEAM = 7X49UN26T8
    MARKETING_VERSION = 1.0
    OTHER_CODE_SIGN_FLAGS = --keychain /Users/runner/work/_temp/build.keychain-db
    SDKROOT = iphoneos26.2

Resolve Package Graph

Fetching from https://github.com/googleads/swift-package-manager-google-mobile-ads.git

Fetching from https://github.com/googleads/swift-package-manager-google-user-messaging-platform.git

Creating working copy of package ‘swift-package-manager-google-mobile-ads’

Checking out 11.13.0 of package ‘swift-package-manager-google-mobile-ads’

Creating working copy of package ‘swift-package-manager-google-user-messaging-platform’

Checking out 2.7.0 of package ‘swift-package-manager-google-user-messaging-platform’


Resolved source packages:
  GoogleMobileAds: https://github.com/googleads/swift-package-manager-google-mobile-ads.git @ 11.13.0
  GoogleUserMessagingPlatform: https://github.com/googleads/swift-package-manager-google-user-messaging-platform.git @ 2.7.0

CreateBuildRequest

SendProjectDescription

CreateBuildOperation

** CLEAN SUCCEEDED **

ComputePackagePrebuildTargetDependencyGraph

Prepare packages

CreateBuildRequest

SendProjectDescription

CreateBuildOperation

ComputeTargetDependencyGraph
note: Building targets in dependency order
note: Target dependency graph (5 targets)
    Target 'ParkEmpire' in project 'ParkEmpire'
        ➜ Explicit dependency on target 'GoogleMobileAds' in project 'GoogleMobileAds'
    Target 'GoogleMobileAds' in project 'GoogleMobileAds'
        ➜ Explicit dependency on target 'GoogleMobileAdsTarget' in project 'GoogleMobileAds'
        ➜ Explicit dependency on target 'GoogleUserMessagingPlatform' in project 'GoogleUserMessagingPlatform'
    Target 'GoogleMobileAdsTarget' in project 'GoogleMobileAds'
        ➜ Explicit dependency on target 'GoogleUserMessagingPlatform' in project 'GoogleUserMessagingPlatform'
    Target 'GoogleUserMessagingPlatform' in project 'GoogleUserMessagingPlatform'
        ➜ Explicit dependency on target 'UserMessagingPlatformTarget' in project 'GoogleUserMessagingPlatform'
    Target 'UserMessagingPlatformTarget' in project 'GoogleUserMessagingPlatform' (no dependencies)

GatherProvisioningInputs

CreateBuildDescription

ExecuteExternalTool /Applications/Xcode_26.3.app/Contents/Developer/Toolchains/XcodeDefault.xctoolchain/usr/bin/clang -v -E -dM -isysroot /Applications/Xcode_26.3.app/Contents/Developer/Platforms/iPhoneOS.platform/Developer/SDKs/iPhoneOS26.2.sdk -x c -c /dev/null

ExecuteExternalTool /Applications/Xcode_26.3.app/Contents/Developer/Toolchains/XcodeDefault.xctoolchain/usr/bin/clang -v -E -dM -arch arm64 -isysroot /Applications/Xcode_26.3.app/Contents/Developer/Platforms/iPhoneOS.platform/Developer/SDKs/iPhoneOS26.2.sdk -x objective-c -c /dev/null

ExecuteExternalTool /Applications/Xcode_26.3.app/Contents/Developer/Toolchains/XcodeDefault.xctoolchain/usr/bin/swiftc --version

ExecuteExternalTool /Applications/Xcode_26.3.app/Contents/Developer/usr/bin/actool --print-asset-tag-combinations --output-format xml1 /Users/runner/work/Seven-Theme-Park/Seven-Theme-Park/ParkEmpire/Assets.xcassets

ExecuteExternalTool /Applications/Xcode_26.3.app/Contents/Developer/Toolchains/XcodeDefault.xctoolchain/usr/bin/clang -v -E -dM -arch arm64 -isysroot /Applications/Xcode_26.3.app/Contents/Developer/Platforms/iPhoneOS.platform/Developer/SDKs/iPhoneOS26.2.sdk -x c -c /dev/null

ExecuteExternalTool /Applications/Xcode_26.3.app/Contents/Developer/Toolchains/XcodeDefault.xctoolchain/usr/bin/ld -version_details

ExecuteExternalTool /Applications/Xcode_26.3.app/Contents/Developer/usr/bin/actool --version --output-format xml1

Build description signature: da672133f41bf1d76cf9191092b1596c
Build description path: /Users/runner/Library/Developer/Xcode/DerivedData/ParkEmpire-fpvmemtietdwcjgpjutgfnholqlg/Build/Intermediates.noindex/ArchiveIntermediates/ParkEmpire/IntermediateBuildFilesPath/XCBuildData/da672133f41bf1d76cf9191092b1596c.xcbuilddata
CreateBuildDirectory /Users/runner/Library/Developer/Xcode/DerivedData/ParkEmpire-fpvmemtietdwcjgpjutgfnholqlg/Build/Intermediates.noindex/ArchiveIntermediates/ParkEmpire/IntermediateBuildFilesPath
    cd /Users/runner/work/Seven-Theme-Park/Seven-Theme-Park/ParkEmpire.xcodeproj
    builtin-create-build-directory /Users/runner/Library/Developer/Xcode/DerivedData/ParkEmpire-fpvmemtietdwcjgpjutgfnholqlg/Build/Intermediates.noindex/ArchiveIntermediates/ParkEmpire/IntermediateBuildFilesPath

CreateBuildDirectory /Users/runner/Library/Developer/Xcode/DerivedData/ParkEmpire-fpvmemtietdwcjgpjutgfnholqlg/Build/Intermediates.noindex/ArchiveIntermediates/ParkEmpire/InstallationBuildProductsLocation
    cd /Users/runner/work/Seven-Theme-Park/Seven-Theme-Park/ParkEmpire.xcodeproj
    builtin-create-build-directory /Users/runner/Library/Developer/Xcode/DerivedData/ParkEmpire-fpvmemtietdwcjgpjutgfnholqlg/Build/Intermediates.noindex/ArchiveIntermediates/ParkEmpire/InstallationBuildProductsLocation

CreateBuildDirectory /Users/runner/Library/Developer/Xcode/DerivedData/ParkEmpire-fpvmemtietdwcjgpjutgfnholqlg/Build/Intermediates.noindex/ArchiveIntermediates/ParkEmpire/BuildProductsPath
    cd /Users/runner/work/Seven-Theme-Park/Seven-Theme-Park/ParkEmpire.xcodeproj
    builtin-create-build-directory /Users/runner/Library/Developer/Xcode/DerivedData/ParkEmpire-fpvmemtietdwcjgpjutgfnholqlg/Build/Intermediates.noindex/ArchiveIntermediates/ParkEmpire/BuildProductsPath

WriteAuxiliaryFile /Users/runner/Library/Developer/Xcode/DerivedData/ParkEmpire-fpvmemtietdwcjgpjutgfnholqlg/Build/Intermediates.noindex/ArchiveIntermediates/ParkEmpire/IntermediateBuildFilesPath/ParkEmpire.build/Release-iphoneos/ParkEmpire-29670ae6b33e365cba363b65a636c35e-VFS-iphoneos/all-product-headers.yaml
    cd /Users/runner/work/Seven-Theme-Park/Seven-Theme-Park/ParkEmpire.xcodeproj
    write-file /Users/runner/Library/Developer/Xcode/DerivedData/ParkEmpire-fpvmemtietdwcjgpjutgfnholqlg/Build/Intermediates.noindex/ArchiveIntermediates/ParkEmpire/IntermediateBuildFilesPath/ParkEmpire.build/Release-iphoneos/ParkEmpire-29670ae6b33e365cba363b65a636c35e-VFS-iphoneos/all-product-headers.yaml

SignatureCollection /Users/runner/Library/Developer/Xcode/DerivedData/ParkEmpire-fpvmemtietdwcjgpjutgfnholqlg/Build/Intermediates.noindex/ArchiveIntermediates/ParkEmpire/BuildProductsPath/Release-iphoneos/UserMessagingPlatform.xcframework-ios.signature
    cd /Users/runner/work/Seven-Theme-Park/Seven-Theme-Park/ParkEmpire.xcodeproj
    builtin-collectSignature --input /Users/runner/Library/Developer/Xcode/DerivedData/ParkEmpire-fpvmemtietdwcjgpjutgfnholqlg/SourcePackages/artifacts/swift-package-manager-google-user-messaging-platform/UserMessagingPlatform/UserMessagingPlatform.xcframework --output /Users/runner/Library/Developer/Xcode/DerivedData/ParkEmpire-fpvmemtietdwcjgpjutgfnholqlg/Build/Intermediates.noindex/ArchiveIntermediates/ParkEmpire/BuildProductsPath/Release-iphoneos/UserMessagingPlatform.xcframework-ios.signature --info platform ios --info library UserMessagingPlatform.framework

SignatureCollection /Users/runner/Library/Developer/Xcode/DerivedData/ParkEmpire-fpvmemtietdwcjgpjutgfnholqlg/Build/Intermediates.noindex/ArchiveIntermediates/ParkEmpire/BuildProductsPath/Release-iphoneos/GoogleMobileAds.xcframework-ios.signature
    cd /Users/runner/work/Seven-Theme-Park/Seven-Theme-Park/ParkEmpire.xcodeproj
    builtin-collectSignature --input /Users/runner/Library/Developer/Xcode/DerivedData/ParkEmpire-fpvmemtietdwcjgpjutgfnholqlg/SourcePackages/artifacts/swift-package-manager-google-mobile-ads/GoogleMobileAds/GoogleMobileAds.xcframework --output /Users/runner/Library/Developer/Xcode/DerivedData/ParkEmpire-fpvmemtietdwcjgpjutgfnholqlg/Build/Intermediates.noindex/ArchiveIntermediates/ParkEmpire/BuildProductsPath/Release-iphoneos/GoogleMobileAds.xcframework-ios.signature --info platform ios --info library GoogleMobileAds.framework

CreateBuildDirectory /Users/runner/Library/Developer/Xcode/DerivedData/ParkEmpire-fpvmemtietdwcjgpjutgfnholqlg/Build/Intermediates.noindex/ArchiveIntermediates/ParkEmpire/IntermediateBuildFilesPath/SwiftExplicitPrecompiledModules
    cd /Users/runner/work/Seven-Theme-Park/Seven-Theme-Park/ParkEmpire.xcodeproj
    builtin-create-build-directory /Users/runner/Library/Developer/Xcode/DerivedData/ParkEmpire-fpvmemtietdwcjgpjutgfnholqlg/Build/Intermediates.noindex/ArchiveIntermediates/ParkEmpire/IntermediateBuildFilesPath/SwiftExplicitPrecompiledModules

CreateBuildDirectory /Users/runner/Library/Developer/Xcode/DerivedData/ParkEmpire-fpvmemtietdwcjgpjutgfnholqlg/Build/Intermediates.noindex/ArchiveIntermediates/ParkEmpire/IntermediateBuildFilesPath/ExplicitPrecompiledModules
    cd /Users/runner/work/Seven-Theme-Park/Seven-Theme-Park/ParkEmpire.xcodeproj
    builtin-create-build-directory /Users/runner/Library/Developer/Xcode/DerivedData/ParkEmpire-fpvmemtietdwcjgpjutgfnholqlg/Build/Intermediates.noindex/ArchiveIntermediates/ParkEmpire/IntermediateBuildFilesPath/ExplicitPrecompiledModules

CreateBuildDirectory /Users/runner/Library/Developer/Xcode/DerivedData/ParkEmpire-fpvmemtietdwcjgpjutgfnholqlg/Build/Intermediates.noindex/ArchiveIntermediates/ParkEmpire/IntermediateBuildFilesPath/EagerLinkingTBDs/Release-iphoneos
    cd /Users/runner/work/Seven-Theme-Park/Seven-Theme-Park/ParkEmpire.xcodeproj
    builtin-create-build-directory /Users/runner/Library/Developer/Xcode/DerivedData/ParkEmpire-fpvmemtietdwcjgpjutgfnholqlg/Build/Intermediates.noindex/ArchiveIntermediates/ParkEmpire/IntermediateBuildFilesPath/EagerLinkingTBDs/Release-iphoneos

CreateBuildDirectory /Users/runner/Library/Developer/Xcode/DerivedData/ParkEmpire-fpvmemtietdwcjgpjutgfnholqlg/Build/Intermediates.noindex/ArchiveIntermediates/ParkEmpire/BuildProductsPath/Release-iphoneos
    cd /Users/runner/work/Seven-Theme-Park/Seven-Theme-Park/ParkEmpire.xcodeproj
    builtin-create-build-directory /Users/runner/Library/Developer/Xcode/DerivedData/ParkEmpire-fpvmemtietdwcjgpjutgfnholqlg/Build/Intermediates.noindex/ArchiveIntermediates/ParkEmpire/BuildProductsPath/Release-iphoneos

ClangStatCache /Applications/Xcode_26.3.app/Contents/Developer/Toolchains/XcodeDefault.xctoolchain/usr/bin/clang-stat-cache /Applications/Xcode_26.3.app/Contents/Developer/Platforms/iPhoneOS.platform/Developer/SDKs/iPhoneOS26.2.sdk /Users/runner/Library/Developer/Xcode/DerivedData/SDKStatCaches.noindex/iphoneos26.2-23C57-dc75598d0054f22ec865fa860f139d722dd23b4ebda140f7210d155ff1243552.sdkstatcache
    cd /Users/runner/work/Seven-Theme-Park/Seven-Theme-Park/ParkEmpire.xcodeproj
    /Applications/Xcode_26.3.app/Contents/Developer/Toolchains/XcodeDefault.xctoolchain/usr/bin/clang-stat-cache /Applications/Xcode_26.3.app/Contents/Developer/Platforms/iPhoneOS.platform/Developer/SDKs/iPhoneOS26.2.sdk -o /Users/runner/Library/Developer/Xcode/DerivedData/SDKStatCaches.noindex/iphoneos26.2-23C57-dc75598d0054f22ec865fa860f139d722dd23b4ebda140f7210d155ff1243552.sdkstatcache

ProcessXCFramework /Users/runner/Library/Developer/Xcode/DerivedData/ParkEmpire-fpvmemtietdwcjgpjutgfnholqlg/SourcePackages/artifacts/swift-package-manager-google-user-messaging-platform/UserMessagingPlatform/UserMessagingPlatform.xcframework /Users/runner/Library/Developer/Xcode/DerivedData/ParkEmpire-fpvmemtietdwcjgpjutgfnholqlg/Build/Intermediates.noindex/ArchiveIntermediates/ParkEmpire/BuildProductsPath/Release-iphoneos/UserMessagingPlatform.framework ios
    cd /Users/runner/work/Seven-Theme-Park/Seven-Theme-Park/ParkEmpire.xcodeproj
    builtin-process-xcframework --xcframework /Users/runner/Library/Developer/Xcode/DerivedData/ParkEmpire-fpvmemtietdwcjgpjutgfnholqlg/SourcePackages/artifacts/swift-package-manager-google-user-messaging-platform/UserMessagingPlatform/UserMessagingPlatform.xcframework --platform ios --target-path /Users/runner/Library/Developer/Xcode/DerivedData/ParkEmpire-fpvmemtietdwcjgpjutgfnholqlg/Build/Intermediates.noindex/ArchiveIntermediates/ParkEmpire/BuildProductsPath/Release-iphoneos
/Users/runner/Library/Developer/Xcode/DerivedData/ParkEmpire-fpvmemtietdwcjgpjutgfnholqlg/SourcePackages/artifacts/swift-package-manager-google-user-messaging-platform/UserMessagingPlatform/UserMessagingPlatform.xcframework:1:1: note: The identity of “UserMessagingPlatform.xcframework” is not recorded in your project.

ProcessXCFramework /Users/runner/Library/Developer/Xcode/DerivedData/ParkEmpire-fpvmemtietdwcjgpjutgfnholqlg/SourcePackages/artifacts/swift-package-manager-google-mobile-ads/GoogleMobileAds/GoogleMobileAds.xcframework /Users/runner/Library/Developer/Xcode/DerivedData/ParkEmpire-fpvmemtietdwcjgpjutgfnholqlg/Build/Intermediates.noindex/ArchiveIntermediates/ParkEmpire/BuildProductsPath/Release-iphoneos/GoogleMobileAds.framework ios
    cd /Users/runner/work/Seven-Theme-Park/Seven-Theme-Park/ParkEmpire.xcodeproj
    builtin-process-xcframework --xcframework /Users/runner/Library/Developer/Xcode/DerivedData/ParkEmpire-fpvmemtietdwcjgpjutgfnholqlg/SourcePackages/artifacts/swift-package-manager-google-mobile-ads/GoogleMobileAds/GoogleMobileAds.xcframework --platform ios --target-path /Users/runner/Library/Developer/Xcode/DerivedData/ParkEmpire-fpvmemtietdwcjgpjutgfnholqlg/Build/Intermediates.noindex/ArchiveIntermediates/ParkEmpire/BuildProductsPath/Release-iphoneos
/Users/runner/Library/Developer/Xcode/DerivedData/ParkEmpire-fpvmemtietdwcjgpjutgfnholqlg/SourcePackages/artifacts/swift-package-manager-google-mobile-ads/GoogleMobileAds/GoogleMobileAds.xcframework:1:1: note: The identity of “GoogleMobileAds.xcframework” is not recorded in your project.

CreateBuildDirectory /Users/runner/Library/Developer/Xcode/DerivedData/ParkEmpire-fpvmemtietdwcjgpjutgfnholqlg/Build/Intermediates.noindex/ArchiveIntermediates/ParkEmpire/BuildProductsPath/Release-iphoneos/PackageFrameworks
    cd /Users/runner/work/Seven-Theme-Park/Seven-Theme-Park/ParkEmpire.xcodeproj
    builtin-create-build-directory /Users/runner/Library/Developer/Xcode/DerivedData/ParkEmpire-fpvmemtietdwcjgpjutgfnholqlg/Build/Intermediates.noindex/ArchiveIntermediates/ParkEmpire/BuildProductsPath/Release-iphoneos/PackageFrameworks

WriteAuxiliaryFile /Users/runner/Library/Developer/Xcode/DerivedData/ParkEmpire-fpvmemtietdwcjgpjutgfnholqlg/Build/Intermediates.noindex/ArchiveIntermediates/ParkEmpire/IntermediateBuildFilesPath/GoogleUserMessagingPlatform.build/Release-iphoneos/UserMessagingPlatformTarget.build/UserMessagingPlatformTarget.modulemap (in target 'UserMessagingPlatformTarget' from project 'GoogleUserMessagingPlatform')
    cd /Users/runner/Library/Developer/Xcode/DerivedData/ParkEmpire-fpvmemtietdwcjgpjutgfnholqlg/SourcePackages/checkouts/swift-package-manager-google-user-messaging-platform
    write-file /Users/runner/Library/Developer/Xcode/DerivedData/ParkEmpire-fpvmemtietdwcjgpjutgfnholqlg/Build/Intermediates.noindex/ArchiveIntermediates/ParkEmpire/IntermediateBuildFilesPath/GoogleUserMessagingPlatform.build/Release-iphoneos/UserMessagingPlatformTarget.build/UserMessagingPlatformTarget.modulemap

WriteAuxiliaryFile /Users/runner/Library/Developer/Xcode/DerivedData/ParkEmpire-fpvmemtietdwcjgpjutgfnholqlg/Build/Intermediates.noindex/ArchiveIntermediates/ParkEmpire/IntermediateBuildFilesPath/GoogleUserMessagingPlatform.build/Release-iphoneos/UserMessagingPlatformTarget.build/UserMessagingPlatformTarget.DependencyStaticMetadataFileList (in target 'UserMessagingPlatformTarget' from project 'GoogleUserMessagingPlatform')
    cd /Users/runner/Library/Developer/Xcode/DerivedData/ParkEmpire-fpvmemtietdwcjgpjutgfnholqlg/SourcePackages/checkouts/swift-package-manager-google-user-messaging-platform
    write-file /Users/runner/Library/Developer/Xcode/DerivedData/ParkEmpire-fpvmemtietdwcjgpjutgfnholqlg/Build/Intermediates.noindex/ArchiveIntermediates/ParkEmpire/IntermediateBuildFilesPath/GoogleUserMessagingPlatform.build/Release-iphoneos/UserMessagingPlatformTarget.build/UserMessagingPlatformTarget.DependencyStaticMetadataFileList

WriteAuxiliaryFile /Users/runner/Library/Developer/Xcode/DerivedData/ParkEmpire-fpvmemtietdwcjgpjutgfnholqlg/Build/Intermediates.noindex/ArchiveIntermediates/ParkEmpire/IntermediateBuildFilesPath/GoogleUserMessagingPlatform.build/Release-iphoneos/UserMessagingPlatformTarget.build/UserMessagingPlatformTarget.DependencyMetadataFileList (in target 'UserMessagingPlatformTarget' from project 'GoogleUserMessagingPlatform')
    cd /Users/runner/Library/Developer/Xcode/DerivedData/ParkEmpire-fpvmemtietdwcjgpjutgfnholqlg/SourcePackages/checkouts/swift-package-manager-google-user-messaging-platform
    write-file /Users/runner/Library/Developer/Xcode/DerivedData/ParkEmpire-fpvmemtietdwcjgpjutgfnholqlg/Build/Intermediates.noindex/ArchiveIntermediates/ParkEmpire/IntermediateBuildFilesPath/GoogleUserMessagingPlatform.build/Release-iphoneos/UserMessagingPlatformTarget.build/UserMessagingPlatformTarget.DependencyMetadataFileList

WriteAuxiliaryFile /Users/runner/Library/Developer/Xcode/DerivedData/ParkEmpire-fpvmemtietdwcjgpjutgfnholqlg/Build/Intermediates.noindex/ArchiveIntermediates/ParkEmpire/IntermediateBuildFilesPath/GoogleUserMessagingPlatform.build/Release-iphoneos/UserMessagingPlatformTarget.build/Objects-normal/arm64/e6072d4f65d7061329687fe24e3d63a7-common-args.resp (in target 'UserMessagingPlatformTarget' from project 'GoogleUserMessagingPlatform')
    cd /Users/runner/Library/Developer/Xcode/DerivedData/ParkEmpire-fpvmemtietdwcjgpjutgfnholqlg/SourcePackages/checkouts/swift-package-manager-google-user-messaging-platform
    write-file /Users/runner/Library/Developer/Xcode/DerivedData/ParkEmpire-fpvmemtietdwcjgpjutgfnholqlg/Build/Intermediates.noindex/ArchiveIntermediates/ParkEmpire/IntermediateBuildFilesPath/GoogleUserMessagingPlatform.build/Release-iphoneos/UserMessagingPlatformTarget.build/Objects-normal/arm64/e6072d4f65d7061329687fe24e3d63a7-common-args.resp
-target arm64-apple-ios12.0 -fobjc-arc -fmodules -gmodules '-fmodules-cache-path=/Users/runner/Library/Developer/Xcode/DerivedData/ModuleCache.noindex' '-fmodule-name=UserMessagingPlatformTarget' -fpascal-strings -Os -DSWIFT_PACKAGE '-DOBJC_OLD_DISPATCH_PROTOTYPES=1' -isysroot /Applications/Xcode_26.3.app/Contents/Developer/Platforms/iPhoneOS.platform/Developer/SDKs/iPhoneOS26.2.sdk -g -I/Users/runner/Library/Developer/Xcode/DerivedData/ParkEmpire-fpvmemtietdwcjgpjutgfnholqlg/Build/Intermediates.noindex/ArchiveIntermediates/ParkEmpire/BuildProductsPath/Release-iphoneos/include -I/Users/runner/Library/Developer/Xcode/DerivedData/ParkEmpire-fpvmemtietdwcjgpjutgfnholqlg/SourcePackages/checkouts/swift-package-manager-google-user-messaging-platform/UserMessagingPlatformTarget/include -I/Users/runner/Library/Developer/Xcode/DerivedData/ParkEmpire-fpvmemtietdwcjgpjutgfnholqlg/Build/Intermediates.noindex/ArchiveIntermediates/ParkEmpire/IntermediateBuildFilesPath/GoogleUserMessagingPlatform.build/Release-iphoneos/UserMessagingPlatformTarget.build/DerivedSources-normal/arm64 -I/Users/runner/Library/Developer/Xcode/DerivedData/ParkEmpire-fpvmemtietdwcjgpjutgfnholqlg/Build/Intermediates.noindex/ArchiveIntermediates/ParkEmpire/IntermediateBuildFilesPath/GoogleUserMessagingPlatform.build/Release-iphoneos/UserMessagingPlatformTarget.build/DerivedSources/arm64 -I/Users/runner/Library/Developer/Xcode/DerivedData/ParkEmpire-fpvmemtietdwcjgpjutgfnholqlg/Build/Intermediates.noindex/ArchiveIntermediates/ParkEmpire/IntermediateBuildFilesPath/GoogleUserMessagingPlatform.build/Release-iphoneos/UserMessagingPlatformTarget.build/DerivedSources -F/Users/runner/Library/Developer/Xcode/DerivedData/ParkEmpire-fpvmemtietdwcjgpjutgfnholqlg/Build/Intermediates.noindex/ArchiveIntermediates/ParkEmpire/BuildProductsPath/Release-iphoneos -iframework /Applications/Xcode_26.3.app/Contents/Developer/Platforms/iPhoneOS.platform/Developer/Library/Frameworks -iframework /Applications/Xcode_26.3.app/Contents/Developer/Platforms/iPhoneOS.platform/Developer/SDKs/iPhoneOS26.2.sdk/Developer/Library/Frameworks -DXcode

WriteAuxiliaryFile /Users/runner/Library/Developer/Xcode/DerivedData/ParkEmpire-fpvmemtietdwcjgpjutgfnholqlg/Build/Intermediates.noindex/ArchiveIntermediates/ParkEmpire/IntermediateBuildFilesPath/GoogleUserMessagingPlatform.build/Release-iphoneos/UserMessagingPlatformTarget.build/Objects-normal/arm64/UserMessagingPlatformTarget.LinkFileList (in target 'UserMessagingPlatformTarget' from project 'GoogleUserMessagingPlatform')
    cd /Users/runner/Library/Developer/Xcode/DerivedData/ParkEmpire-fpvmemtietdwcjgpjutgfnholqlg/SourcePackages/checkouts/swift-package-manager-google-user-messaging-platform
    write-file /Users/runner/Library/Developer/Xcode/DerivedData/ParkEmpire-fpvmemtietdwcjgpjutgfnholqlg/Build/Intermediates.noindex/ArchiveIntermediates/ParkEmpire/IntermediateBuildFilesPath/GoogleUserMessagingPlatform.build/Release-iphoneos/UserMessagingPlatformTarget.build/Objects-normal/arm64/UserMessagingPlatformTarget.LinkFileList

Copy /Users/runner/Library/Developer/Xcode/DerivedData/ParkEmpire-fpvmemtietdwcjgpjutgfnholqlg/Build/Intermediates.noindex/ArchiveIntermediates/ParkEmpire/IntermediateBuildFilesPath/GeneratedModuleMaps-iphoneos/UserMessagingPlatformTarget.modulemap /Users/runner/Library/Developer/Xcode/DerivedData/ParkEmpire-fpvmemtietdwcjgpjutgfnholqlg/Build/Intermediates.noindex/ArchiveIntermediates/ParkEmpire/IntermediateBuildFilesPath/GoogleUserMessagingPlatform.build/Release-iphoneos/UserMessagingPlatformTarget.build/UserMessagingPlatformTarget.modulemap (in target 'UserMessagingPlatformTarget' from project 'GoogleUserMessagingPlatform')
    cd /Users/runner/Library/Developer/Xcode/DerivedData/ParkEmpire-fpvmemtietdwcjgpjutgfnholqlg/SourcePackages/checkouts/swift-package-manager-google-user-messaging-platform
    builtin-copy -exclude .DS_Store -exclude CVS -exclude .svn -exclude .git -exclude .hg -strip-unsigned-binaries -strip-deterministic -strip-tool /Applications/Xcode_26.3.app/Contents/Developer/Toolchains/XcodeDefault.xctoolchain/usr/bin/strip -resolve-src-symlinks /Users/runner/Library/Developer/Xcode/DerivedData/ParkEmpire-fpvmemtietdwcjgpjutgfnholqlg/Build/Intermediates.noindex/ArchiveIntermediates/ParkEmpire/IntermediateBuildFilesPath/GoogleUserMessagingPlatform.build/Release-iphoneos/UserMessagingPlatformTarget.build/UserMessagingPlatformTarget.modulemap /Users/runner/Library/Developer/Xcode/DerivedData/ParkEmpire-fpvmemtietdwcjgpjutgfnholqlg/Build/Intermediates.noindex/ArchiveIntermediates/ParkEmpire/IntermediateBuildFilesPath/GeneratedModuleMaps-iphoneos

SymLink /Users/runner/Library/Developer/Xcode/DerivedData/ParkEmpire-fpvmemtietdwcjgpjutgfnholqlg/Build/Intermediates.noindex/ArchiveIntermediates/ParkEmpire/BuildProductsPath/Release-iphoneos/UserMessagingPlatformTarget.o ../../IntermediateBuildFilesPath/UninstalledProducts/iphoneos/UserMessagingPlatformTarget.o (in target 'UserMessagingPlatformTarget' from project 'GoogleUserMessagingPlatform')
    cd /Users/runner/Library/Developer/Xcode/DerivedData/ParkEmpire-fpvmemtietdwcjgpjutgfnholqlg/SourcePackages/checkouts/swift-package-manager-google-user-messaging-platform
    /bin/ln -sfh ../../IntermediateBuildFilesPath/UninstalledProducts/iphoneos/UserMessagingPlatformTarget.o /Users/runner/Library/Developer/Xcode/DerivedData/ParkEmpire-fpvmemtietdwcjgpjutgfnholqlg/Build/Intermediates.noindex/ArchiveIntermediates/ParkEmpire/BuildProductsPath/Release-iphoneos/UserMessagingPlatformTarget.o

WriteAuxiliaryFile /Users/runner/Library/Developer/Xcode/DerivedData/ParkEmpire-fpvmemtietdwcjgpjutgfnholqlg/Build/Intermediates.noindex/ArchiveIntermediates/ParkEmpire/IntermediateBuildFilesPath/ParkEmpire.build/Release-iphoneos/ParkEmpire.build/ParkEmpire.hmap (in target 'ParkEmpire' from project 'ParkEmpire')
    cd /Users/runner/work/Seven-Theme-Park/Seven-Theme-Park
    write-file /Users/runner/Library/Developer/Xcode/DerivedData/ParkEmpire-fpvmemtietdwcjgpjutgfnholqlg/Build/Intermediates.noindex/ArchiveIntermediates/ParkEmpire/IntermediateBuildFilesPath/ParkEmpire.build/Release-iphoneos/ParkEmpire.build/ParkEmpire.hmap

WriteAuxiliaryFile /Users/runner/Library/Developer/Xcode/DerivedData/ParkEmpire-fpvmemtietdwcjgpjutgfnholqlg/Build/Intermediates.noindex/ArchiveIntermediates/ParkEmpire/IntermediateBuildFilesPath/ParkEmpire.build/Release-iphoneos/ParkEmpire.build/ParkEmpire.DependencyStaticMetadataFileList (in target 'ParkEmpire' from project 'ParkEmpire')
    cd /Users/runner/work/Seven-Theme-Park/Seven-Theme-Park
    write-file /Users/runner/Library/Developer/Xcode/DerivedData/ParkEmpire-fpvmemtietdwcjgpjutgfnholqlg/Build/Intermediates.noindex/ArchiveIntermediates/ParkEmpire/IntermediateBuildFilesPath/ParkEmpire.build/Release-iphoneos/ParkEmpire.build/ParkEmpire.DependencyStaticMetadataFileList

WriteAuxiliaryFile /Users/runner/Library/Developer/Xcode/DerivedData/ParkEmpire-fpvmemtietdwcjgpjutgfnholqlg/Build/Intermediates.noindex/ArchiveIntermediates/ParkEmpire/IntermediateBuildFilesPath/ParkEmpire.build/Release-iphoneos/ParkEmpire.build/ParkEmpire.DependencyMetadataFileList (in target 'ParkEmpire' from project 'ParkEmpire')
    cd /Users/runner/work/Seven-Theme-Park/Seven-Theme-Park
    write-file /Users/runner/Library/Developer/Xcode/DerivedData/ParkEmpire-fpvmemtietdwcjgpjutgfnholqlg/Build/Intermediates.noindex/ArchiveIntermediates/ParkEmpire/IntermediateBuildFilesPath/ParkEmpire.build/Release-iphoneos/ParkEmpire.build/ParkEmpire.DependencyMetadataFileList

WriteAuxiliaryFile /Users/runner/Library/Developer/Xcode/DerivedData/ParkEmpire-fpvmemtietdwcjgpjutgfnholqlg/Build/Intermediates.noindex/ArchiveIntermediates/ParkEmpire/IntermediateBuildFilesPath/ParkEmpire.build/Release-iphoneos/ParkEmpire.build/ParkEmpire-project-headers.hmap (in target 'ParkEmpire' from project 'ParkEmpire')
    cd /Users/runner/work/Seven-Theme-Park/Seven-Theme-Park
    write-file /Users/runner/Library/Developer/Xcode/DerivedData/ParkEmpire-fpvmemtietdwcjgpjutgfnholqlg/Build/Intermediates.noindex/ArchiveIntermediates/ParkEmpire/IntermediateBuildFilesPath/ParkEmpire.build/Release-iphoneos/ParkEmpire.build/ParkEmpire-project-headers.hmap

WriteAuxiliaryFile /Users/runner/Library/Developer/Xcode/DerivedData/ParkEmpire-fpvmemtietdwcjgpjutgfnholqlg/Build/Intermediates.noindex/ArchiveIntermediates/ParkEmpire/IntermediateBuildFilesPath/ParkEmpire.build/Release-iphoneos/ParkEmpire.build/ParkEmpire-own-target-headers.hmap (in target 'ParkEmpire' from project 'ParkEmpire')
    cd /Users/runner/work/Seven-Theme-Park/Seven-Theme-Park
    write-file /Users/runner/Library/Developer/Xcode/DerivedData/ParkEmpire-fpvmemtietdwcjgpjutgfnholqlg/Build/Intermediates.noindex/ArchiveIntermediates/ParkEmpire/IntermediateBuildFilesPath/ParkEmpire.build/Release-iphoneos/ParkEmpire.build/ParkEmpire-own-target-headers.hmap

WriteAuxiliaryFile /Users/runner/Library/Developer/Xcode/DerivedData/ParkEmpire-fpvmemtietdwcjgpjutgfnholqlg/Build/Intermediates.noindex/ArchiveIntermediates/ParkEmpire/IntermediateBuildFilesPath/ParkEmpire.build/Release-iphoneos/ParkEmpire.build/ParkEmpire-generated-files.hmap (in target 'ParkEmpire' from project 'ParkEmpire')
    cd /Users/runner/work/Seven-Theme-Park/Seven-Theme-Park
    write-file /Users/runner/Library/Developer/Xcode/DerivedData/ParkEmpire-fpvmemtietdwcjgpjutgfnholqlg/Build/Intermediates.noindex/ArchiveIntermediates/ParkEmpire/IntermediateBuildFilesPath/ParkEmpire.build/Release-iphoneos/ParkEmpire.build/ParkEmpire-generated-files.hmap

WriteAuxiliaryFile /Users/runner/Library/Developer/Xcode/DerivedData/ParkEmpire-fpvmemtietdwcjgpjutgfnholqlg/Build/Intermediates.noindex/ArchiveIntermediates/ParkEmpire/IntermediateBuildFilesPath/ParkEmpire.build/Release-iphoneos/ParkEmpire.build/ParkEmpire-all-target-headers.hmap (in target 'ParkEmpire' from project 'ParkEmpire')
    cd /Users/runner/work/Seven-Theme-Park/Seven-Theme-Park
    write-file /Users/runner/Library/Developer/Xcode/DerivedData/ParkEmpire-fpvmemtietdwcjgpjutgfnholqlg/Build/Intermediates.noindex/ArchiveIntermediates/ParkEmpire/IntermediateBuildFilesPath/ParkEmpire.build/Release-iphoneos/ParkEmpire.build/ParkEmpire-all-target-headers.hmap

WriteAuxiliaryFile /Users/runner/Library/Developer/Xcode/DerivedData/ParkEmpire-fpvmemtietdwcjgpjutgfnholqlg/Build/Intermediates.noindex/ArchiveIntermediates/ParkEmpire/IntermediateBuildFilesPath/ParkEmpire.build/Release-iphoneos/ParkEmpire.build/ParkEmpire-all-non-framework-target-headers.hmap (in target 'ParkEmpire' from project 'ParkEmpire')
    cd /Users/runner/work/Seven-Theme-Park/Seven-Theme-Park
    write-file /Users/runner/Library/Developer/Xcode/DerivedData/ParkEmpire-fpvmemtietdwcjgpjutgfnholqlg/Build/Intermediates.noindex/ArchiveIntermediates/ParkEmpire/IntermediateBuildFilesPath/ParkEmpire.build/Release-iphoneos/ParkEmpire.build/ParkEmpire-all-non-framework-target-headers.hmap

WriteAuxiliaryFile /Users/runner/Library/Developer/Xcode/DerivedData/ParkEmpire-fpvmemtietdwcjgpjutgfnholqlg/Build/Intermediates.noindex/ArchiveIntermediates/ParkEmpire/IntermediateBuildFilesPath/ParkEmpire.build/Release-iphoneos/ParkEmpire.build/Objects-normal/arm64/ParkEmpire_const_extract_protocols.json (in target 'ParkEmpire' from project 'ParkEmpire')
    cd /Users/runner/work/Seven-Theme-Park/Seven-Theme-Park
    write-file /Users/runner/Library/Developer/Xcode/DerivedData/ParkEmpire-fpvmemtietdwcjgpjutgfnholqlg/Build/Intermediates.noindex/ArchiveIntermediates/ParkEmpire/IntermediateBuildFilesPath/ParkEmpire.build/Release-iphoneos/ParkEmpire.build/Objects-normal/arm64/ParkEmpire_const_extract_protocols.json

WriteAuxiliaryFile /Users/runner/Library/Developer/Xcode/DerivedData/ParkEmpire-fpvmemtietdwcjgpjutgfnholqlg/Build/Intermediates.noindex/ArchiveIntermediates/ParkEmpire/IntermediateBuildFilesPath/ParkEmpire.build/Release-iphoneos/ParkEmpire.build/Objects-normal/arm64/ParkEmpire.SwiftFileList (in target 'ParkEmpire' from project 'ParkEmpire')
    cd /Users/runner/work/Seven-Theme-Park/Seven-Theme-Park
    write-file /Users/runner/Library/Developer/Xcode/DerivedData/ParkEmpire-fpvmemtietdwcjgpjutgfnholqlg/Build/Intermediates.noindex/ArchiveIntermediates/ParkEmpire/IntermediateBuildFilesPath/ParkEmpire.build/Release-iphoneos/ParkEmpire.build/Objects-normal/arm64/ParkEmpire.SwiftFileList

WriteAuxiliaryFile /Users/runner/Library/Developer/Xcode/DerivedData/ParkEmpire-fpvmemtietdwcjgpjutgfnholqlg/Build/Intermediates.noindex/ArchiveIntermediates/ParkEmpire/IntermediateBuildFilesPath/ParkEmpire.build/Release-iphoneos/ParkEmpire.build/Objects-normal/arm64/ParkEmpire.SwiftConstValuesFileList (in target 'ParkEmpire' from project 'ParkEmpire')
    cd /Users/runner/work/Seven-Theme-Park/Seven-Theme-Park
    write-file /Users/runner/Library/Developer/Xcode/DerivedData/ParkEmpire-fpvmemtietdwcjgpjutgfnholqlg/Build/Intermediates.noindex/ArchiveIntermediates/ParkEmpire/IntermediateBuildFilesPath/ParkEmpire.build/Release-iphoneos/ParkEmpire.build/Objects-normal/arm64/ParkEmpire.SwiftConstValuesFileList

WriteAuxiliaryFile /Users/runner/Library/Developer/Xcode/DerivedData/ParkEmpire-fpvmemtietdwcjgpjutgfnholqlg/Build/Intermediates.noindex/ArchiveIntermediates/ParkEmpire/IntermediateBuildFilesPath/ParkEmpire.build/Release-iphoneos/ParkEmpire.build/Objects-normal/arm64/ParkEmpire.LinkFileList (in target 'ParkEmpire' from project 'ParkEmpire')
    cd /Users/runner/work/Seven-Theme-Park/Seven-Theme-Park
    write-file /Users/runner/Library/Developer/Xcode/DerivedData/ParkEmpire-fpvmemtietdwcjgpjutgfnholqlg/Build/Intermediates.noindex/ArchiveIntermediates/ParkEmpire/IntermediateBuildFilesPath/ParkEmpire.build/Release-iphoneos/ParkEmpire.build/Objects-normal/arm64/ParkEmpire.LinkFileList

WriteAuxiliaryFile /Users/runner/Library/Developer/Xcode/DerivedData/ParkEmpire-fpvmemtietdwcjgpjutgfnholqlg/Build/Intermediates.noindex/ArchiveIntermediates/ParkEmpire/IntermediateBuildFilesPath/ParkEmpire.build/Release-iphoneos/ParkEmpire.build/Objects-normal/arm64/ParkEmpire-OutputFileMap.json (in target 'ParkEmpire' from project 'ParkEmpire')
    cd /Users/runner/work/Seven-Theme-Park/Seven-Theme-Park
    write-file /Users/runner/Library/Developer/Xcode/DerivedData/ParkEmpire-fpvmemtietdwcjgpjutgfnholqlg/Build/Intermediates.noindex/ArchiveIntermediates/ParkEmpire/IntermediateBuildFilesPath/ParkEmpire.build/Release-iphoneos/ParkEmpire.build/Objects-normal/arm64/ParkEmpire-OutputFileMap.json

WriteAuxiliaryFile /Users/runner/Library/Developer/Xcode/DerivedData/ParkEmpire-fpvmemtietdwcjgpjutgfnholqlg/Build/Intermediates.noindex/ArchiveIntermediates/ParkEmpire/IntermediateBuildFilesPath/ParkEmpire.build/Release-iphoneos/ParkEmpire.build/DerivedSources/Entitlements.plist (in target 'ParkEmpire' from project 'ParkEmpire')
    cd /Users/runner/work/Seven-Theme-Park/Seven-Theme-Park
    write-file /Users/runner/Library/Developer/Xcode/DerivedData/ParkEmpire-fpvmemtietdwcjgpjutgfnholqlg/Build/Intermediates.noindex/ArchiveIntermediates/ParkEmpire/IntermediateBuildFilesPath/ParkEmpire.build/Release-iphoneos/ParkEmpire.build/DerivedSources/Entitlements.plist

WriteAuxiliaryFile /Users/runner/Library/Developer/Xcode/DerivedData/ParkEmpire-fpvmemtietdwcjgpjutgfnholqlg/Build/Intermediates.noindex/ArchiveIntermediates/ParkEmpire/IntermediateBuildFilesPath/GoogleMobileAds.build/Release-iphoneos/GoogleMobileAdsTarget.build/Objects-normal/arm64/GoogleMobileAdsTarget_const_extract_protocols.json (in target 'GoogleMobileAdsTarget' from project 'GoogleMobileAds')
    cd /Users/runner/Library/Developer/Xcode/DerivedData/ParkEmpire-fpvmemtietdwcjgpjutgfnholqlg/SourcePackages/checkouts/swift-package-manager-google-mobile-ads
    write-file /Users/runner/Library/Developer/Xcode/DerivedData/ParkEmpire-fpvmemtietdwcjgpjutgfnholqlg/Build/Intermediates.noindex/ArchiveIntermediates/ParkEmpire/IntermediateBuildFilesPath/GoogleMobileAds.build/Release-iphoneos/GoogleMobileAdsTarget.build/Objects-normal/arm64/GoogleMobileAdsTarget_const_extract_protocols.json

WriteAuxiliaryFile /Users/runner/Library/Developer/Xcode/DerivedData/ParkEmpire-fpvmemtietdwcjgpjutgfnholqlg/Build/Intermediates.noindex/ArchiveIntermediates/ParkEmpire/IntermediateBuildFilesPath/GoogleMobileAds.build/Release-iphoneos/GoogleMobileAdsTarget.build/Objects-normal/arm64/GoogleMobileAdsTarget.SwiftFileList (in target 'GoogleMobileAdsTarget' from project 'GoogleMobileAds')
    cd /Users/runner/Library/Developer/Xcode/DerivedData/ParkEmpire-fpvmemtietdwcjgpjutgfnholqlg/SourcePackages/checkouts/swift-package-manager-google-mobile-ads
    write-file /Users/runner/Library/Developer/Xcode/DerivedData/ParkEmpire-fpvmemtietdwcjgpjutgfnholqlg/Build/Intermediates.noindex/ArchiveIntermediates/ParkEmpire/IntermediateBuildFilesPath/GoogleMobileAds.build/Release-iphoneos/GoogleMobileAdsTarget.build/Objects-normal/arm64/GoogleMobileAdsTarget.SwiftFileList

WriteAuxiliaryFile /Users/runner/Library/Developer/Xcode/DerivedData/ParkEmpire-fpvmemtietdwcjgpjutgfnholqlg/Build/Intermediates.noindex/ArchiveIntermediates/ParkEmpire/IntermediateBuildFilesPath/GoogleMobileAds.build/Release-iphoneos/GoogleMobileAdsTarget.build/Objects-normal/arm64/GoogleMobileAdsTarget.SwiftConstValuesFileList (in target 'GoogleMobileAdsTarget' from project 'GoogleMobileAds')
    cd /Users/runner/Library/Developer/Xcode/DerivedData/ParkEmpire-fpvmemtietdwcjgpjutgfnholqlg/SourcePackages/checkouts/swift-package-manager-google-mobile-ads
    write-file /Users/runner/Library/Developer/Xcode/DerivedData/ParkEmpire-fpvmemtietdwcjgpjutgfnholqlg/Build/Intermediates.noindex/ArchiveIntermediates/ParkEmpire/IntermediateBuildFilesPath/GoogleMobileAds.build/Release-iphoneos/GoogleMobileAdsTarget.build/Objects-normal/arm64/GoogleMobileAdsTarget.SwiftConstValuesFileList

WriteAuxiliaryFile /Users/runner/Library/Developer/Xcode/DerivedData/ParkEmpire-fpvmemtietdwcjgpjutgfnholqlg/Build/Intermediates.noindex/ArchiveIntermediates/ParkEmpire/IntermediateBuildFilesPath/GoogleMobileAds.build/Release-iphoneos/GoogleMobileAdsTarget.build/Objects-normal/arm64/GoogleMobileAdsTarget.LinkFileList (in target 'GoogleMobileAdsTarget' from project 'GoogleMobileAds')
    cd /Users/runner/Library/Developer/Xcode/DerivedData/ParkEmpire-fpvmemtietdwcjgpjutgfnholqlg/SourcePackages/checkouts/swift-package-manager-google-mobile-ads
    write-file /Users/runner/Library/Developer/Xcode/DerivedData/ParkEmpire-fpvmemtietdwcjgpjutgfnholqlg/Build/Intermediates.noindex/ArchiveIntermediates/ParkEmpire/IntermediateBuildFilesPath/GoogleMobileAds.build/Release-iphoneos/GoogleMobileAdsTarget.build/Objects-normal/arm64/GoogleMobileAdsTarget.LinkFileList

WriteAuxiliaryFile /Users/runner/Library/Developer/Xcode/DerivedData/ParkEmpire-fpvmemtietdwcjgpjutgfnholqlg/Build/Intermediates.noindex/ArchiveIntermediates/ParkEmpire/IntermediateBuildFilesPath/GoogleMobileAds.build/Release-iphoneos/GoogleMobileAdsTarget.build/Objects-normal/arm64/GoogleMobileAdsTarget-OutputFileMap.json (in target 'GoogleMobileAdsTarget' from project 'GoogleMobileAds')
    cd /Users/runner/Library/Developer/Xcode/DerivedData/ParkEmpire-fpvmemtietdwcjgpjutgfnholqlg/SourcePackages/checkouts/swift-package-manager-google-mobile-ads
    write-file /Users/runner/Library/Developer/Xcode/DerivedData/ParkEmpire-fpvmemtietdwcjgpjutgfnholqlg/Build/Intermediates.noindex/ArchiveIntermediates/ParkEmpire/IntermediateBuildFilesPath/GoogleMobileAds.build/Release-iphoneos/GoogleMobileAdsTarget.build/Objects-normal/arm64/GoogleMobileAdsTarget-OutputFileMap.json

WriteAuxiliaryFile /Users/runner/Library/Developer/Xcode/DerivedData/ParkEmpire-fpvmemtietdwcjgpjutgfnholqlg/Build/Intermediates.noindex/ArchiveIntermediates/ParkEmpire/IntermediateBuildFilesPath/GoogleMobileAds.build/Release-iphoneos/GoogleMobileAdsTarget.build/GoogleMobileAdsTarget.modulemap (in target 'GoogleMobileAdsTarget' from project 'GoogleMobileAds')
    cd /Users/runner/Library/Developer/Xcode/DerivedData/ParkEmpire-fpvmemtietdwcjgpjutgfnholqlg/SourcePackages/checkouts/swift-package-manager-google-mobile-ads
    write-file /Users/runner/Library/Developer/Xcode/DerivedData/ParkEmpire-fpvmemtietdwcjgpjutgfnholqlg/Build/Intermediates.noindex/ArchiveIntermediates/ParkEmpire/IntermediateBuildFilesPath/GoogleMobileAds.build/Release-iphoneos/GoogleMobileAdsTarget.build/GoogleMobileAdsTarget.modulemap

WriteAuxiliaryFile /Users/runner/Library/Developer/Xcode/DerivedData/ParkEmpire-fpvmemtietdwcjgpjutgfnholqlg/Build/Intermediates.noindex/ArchiveIntermediates/ParkEmpire/IntermediateBuildFilesPath/GoogleMobileAds.build/Release-iphoneos/GoogleMobileAdsTarget.build/GoogleMobileAdsTarget.DependencyStaticMetadataFileList (in target 'GoogleMobileAdsTarget' from project 'GoogleMobileAds')
    cd /Users/runner/Library/Developer/Xcode/DerivedData/ParkEmpire-fpvmemtietdwcjgpjutgfnholqlg/SourcePackages/checkouts/swift-package-manager-google-mobile-ads
    write-file /Users/runner/Library/Developer/Xcode/DerivedData/ParkEmpire-fpvmemtietdwcjgpjutgfnholqlg/Build/Intermediates.noindex/ArchiveIntermediates/ParkEmpire/IntermediateBuildFilesPath/GoogleMobileAds.build/Release-iphoneos/GoogleMobileAdsTarget.build/GoogleMobileAdsTarget.DependencyStaticMetadataFileList

WriteAuxiliaryFile /Users/runner/Library/Developer/Xcode/DerivedData/ParkEmpire-fpvmemtietdwcjgpjutgfnholqlg/Build/Intermediates.noindex/ArchiveIntermediates/ParkEmpire/IntermediateBuildFilesPath/GoogleMobileAds.build/Release-iphoneos/GoogleMobileAdsTarget.build/GoogleMobileAdsTarget.DependencyMetadataFileList (in target 'GoogleMobileAdsTarget' from project 'GoogleMobileAds')
    cd /Users/runner/Library/Developer/Xcode/DerivedData/ParkEmpire-fpvmemtietdwcjgpjutgfnholqlg/SourcePackages/checkouts/swift-package-manager-google-mobile-ads
    write-file /Users/runner/Library/Developer/Xcode/DerivedData/ParkEmpire-fpvmemtietdwcjgpjutgfnholqlg/Build/Intermediates.noindex/ArchiveIntermediates/ParkEmpire/IntermediateBuildFilesPath/GoogleMobileAds.build/Release-iphoneos/GoogleMobileAdsTarget.build/GoogleMobileAdsTarget.DependencyMetadataFileList

Copy /Users/runner/Library/Developer/Xcode/DerivedData/ParkEmpire-fpvmemtietdwcjgpjutgfnholqlg/Build/Intermediates.noindex/ArchiveIntermediates/ParkEmpire/IntermediateBuildFilesPath/GeneratedModuleMaps-iphoneos/GoogleMobileAdsTarget.modulemap /Users/runner/Library/Developer/Xcode/DerivedData/ParkEmpire-fpvmemtietdwcjgpjutgfnholqlg/Build/Intermediates.noindex/ArchiveIntermediates/ParkEmpire/IntermediateBuildFilesPath/GoogleMobileAds.build/Release-iphoneos/GoogleMobileAdsTarget.build/GoogleMobileAdsTarget.modulemap (in target 'GoogleMobileAdsTarget' from project 'GoogleMobileAds')
    cd /Users/runner/Library/Developer/Xcode/DerivedData/ParkEmpire-fpvmemtietdwcjgpjutgfnholqlg/SourcePackages/checkouts/swift-package-manager-google-mobile-ads
    builtin-copy -exclude .DS_Store -exclude CVS -exclude .svn -exclude .git -exclude .hg -strip-unsigned-binaries -strip-deterministic -strip-tool /Applications/Xcode_26.3.app/Contents/Developer/Toolchains/XcodeDefault.xctoolchain/usr/bin/strip -resolve-src-symlinks /Users/runner/Library/Developer/Xcode/DerivedData/ParkEmpire-fpvmemtietdwcjgpjutgfnholqlg/Build/Intermediates.noindex/ArchiveIntermediates/ParkEmpire/IntermediateBuildFilesPath/GoogleMobileAds.build/Release-iphoneos/GoogleMobileAdsTarget.build/GoogleMobileAdsTarget.modulemap /Users/runner/Library/Developer/Xcode/DerivedData/ParkEmpire-fpvmemtietdwcjgpjutgfnholqlg/Build/Intermediates.noindex/ArchiveIntermediates/ParkEmpire/IntermediateBuildFilesPath/GeneratedModuleMaps-iphoneos

SymLink /Users/runner/Library/Developer/Xcode/DerivedData/ParkEmpire-fpvmemtietdwcjgpjutgfnholqlg/Build/Intermediates.noindex/ArchiveIntermediates/ParkEmpire/BuildProductsPath/Release-iphoneos/ParkEmpire.app ../../InstallationBuildProductsLocation/Applications/ParkEmpire.app (in target 'ParkEmpire' from project 'ParkEmpire')
    cd /Users/runner/work/Seven-Theme-Park/Seven-Theme-Park
    /bin/ln -sfh ../../InstallationBuildProductsLocation/Applications/ParkEmpire.app /Users/runner/Library/Developer/Xcode/DerivedData/ParkEmpire-fpvmemtietdwcjgpjutgfnholqlg/Build/Intermediates.noindex/ArchiveIntermediates/ParkEmpire/BuildProductsPath/Release-iphoneos/ParkEmpire.app

MkDir /Users/runner/Library/Developer/Xcode/DerivedData/ParkEmpire-fpvmemtietdwcjgpjutgfnholqlg/Build/Intermediates.noindex/ArchiveIntermediates/ParkEmpire/InstallationBuildProductsLocation/Applications/ParkEmpire.app/Frameworks (in target 'ParkEmpire' from project 'ParkEmpire')
    cd /Users/runner/work/Seven-Theme-Park/Seven-Theme-Park
    /bin/mkdir -p /Users/runner/Library/Developer/Xcode/DerivedData/ParkEmpire-fpvmemtietdwcjgpjutgfnholqlg/Build/Intermediates.noindex/ArchiveIntermediates/ParkEmpire/InstallationBuildProductsLocation/Applications/ParkEmpire.app/Frameworks

MkDir /Users/runner/Library/Developer/Xcode/DerivedData/ParkEmpire-fpvmemtietdwcjgpjutgfnholqlg/Build/Intermediates.noindex/ArchiveIntermediates/ParkEmpire/InstallationBuildProductsLocation/Applications/ParkEmpire.app (in target 'ParkEmpire' from project 'ParkEmpire')
    cd /Users/runner/work/Seven-Theme-Park/Seven-Theme-Park
    /bin/mkdir -p /Users/runner/Library/Developer/Xcode/DerivedData/ParkEmpire-fpvmemtietdwcjgpjutgfnholqlg/Build/Intermediates.noindex/ArchiveIntermediates/ParkEmpire/InstallationBuildProductsLocation/Applications/ParkEmpire.app

SymLink /Users/runner/Library/Developer/Xcode/DerivedData/ParkEmpire-fpvmemtietdwcjgpjutgfnholqlg/Build/Intermediates.noindex/ArchiveIntermediates/ParkEmpire/BuildProductsPath/Release-iphoneos/GoogleMobileAdsTarget.o ../../IntermediateBuildFilesPath/UninstalledProducts/iphoneos/GoogleMobileAdsTarget.o (in target 'GoogleMobileAdsTarget' from project 'GoogleMobileAds')
    cd /Users/runner/Library/Developer/Xcode/DerivedData/ParkEmpire-fpvmemtietdwcjgpjutgfnholqlg/SourcePackages/checkouts/swift-package-manager-google-mobile-ads
    /bin/ln -sfh ../../IntermediateBuildFilesPath/UninstalledProducts/iphoneos/GoogleMobileAdsTarget.o /Users/runner/Library/Developer/Xcode/DerivedData/ParkEmpire-fpvmemtietdwcjgpjutgfnholqlg/Build/Intermediates.noindex/ArchiveIntermediates/ParkEmpire/BuildProductsPath/Release-iphoneos/GoogleMobileAdsTarget.o

SwiftDriver GoogleMobileAdsTarget normal arm64 com.apple.xcode.tools.swift.compiler (in target 'GoogleMobileAdsTarget' from project 'GoogleMobileAds')
    cd /Users/runner/work/Seven-Theme-Park/Seven-Theme-Park/ParkEmpire.xcodeproj
    builtin-SwiftDriver -- /Applications/Xcode_26.3.app/Contents/Developer/Toolchains/XcodeDefault.xctoolchain/usr/bin/swiftc -module-name GoogleMobileAdsTarget -O -whole-module-optimization -enforce-exclusivity\=checked @/Users/runner/Library/Developer/Xcode/DerivedData/ParkEmpire-fpvmemtietdwcjgpjutgfnholqlg/Build/Intermediates.noindex/ArchiveIntermediates/ParkEmpire/IntermediateBuildFilesPath/GoogleMobileAds.build/Release-iphoneos/GoogleMobileAdsTarget.build/Objects-normal/arm64/GoogleMobileAdsTarget.SwiftFileList -DSWIFT_PACKAGE -DSWIFT_MODULE_RESOURCE_BUNDLE_UNAVAILABLE -Xcc -fmodule-map-file\=/Users/runner/Library/Developer/Xcode/DerivedData/ParkEmpire-fpvmemtietdwcjgpjutgfnholqlg/Build/Intermediates.noindex/ArchiveIntermediates/ParkEmpire/IntermediateBuildFilesPath/GeneratedModuleMaps-iphoneos/UserMessagingPlatformTarget.modulemap -DXcode -plugin-path /Applications/Xcode_26.3.app/Contents/Developer/Toolchains/XcodeDefault.xctoolchain/usr/lib/swift/host/plugins/testing -enable-experimental-feature DebugDescriptionMacro -sdk /Applications/Xcode_26.3.app/Contents/Developer/Platforms/iPhoneOS.platform/Developer/SDKs/iPhoneOS26.2.sdk -target arm64-apple-ios12.0 -g -module-cache-path /Users/runner/Library/Developer/Xcode/DerivedData/ModuleCache.noindex -Xfrontend -serialize-debugging-options -suppress-warnings -swift-version 5 -I /Users/runner/Library/Developer/Xcode/DerivedData/ParkEmpire-fpvmemtietdwcjgpjutgfnholqlg/Build/Intermediates.noindex/ArchiveIntermediates/ParkEmpire/BuildProductsPath/Release-iphoneos -Isystem /Applications/Xcode_26.3.app/Contents/Developer/Platforms/iPhoneOS.platform/Developer/usr/lib -F /Users/runner/Library/Developer/Xcode/DerivedData/ParkEmpire-fpvmemtietdwcjgpjutgfnholqlg/Build/Intermediates.noindex/ArchiveIntermediates/ParkEmpire/BuildProductsPath/Release-iphoneos/PackageFrameworks -F /Users/runner/Library/Developer/Xcode/DerivedData/ParkEmpire-fpvmemtietdwcjgpjutgfnholqlg/Build/Intermediates.noindex/ArchiveIntermediates/ParkEmpire/BuildProductsPath/Release-iphoneos -F /Applications/Xcode_26.3.app/Contents/Developer/Platforms/iPhoneOS.platform/Developer/Library/Frameworks -F /Applications/Xcode_26.3.app/Contents/Developer/Platforms/iPhoneOS.platform/Developer/SDKs/iPhoneOS26.2.sdk/Developer/Library/Frameworks -parse-as-library -c -num-threads 3 -Xcc -ivfsstatcache -Xcc /Users/runner/Library/Developer/Xcode/DerivedData/SDKStatCaches.noindex/iphoneos26.2-23C57-dc75598d0054f22ec865fa860f139d722dd23b4ebda140f7210d155ff1243552.sdkstatcache -output-file-map /Users/runner/Library/Developer/Xcode/DerivedData/ParkEmpire-fpvmemtietdwcjgpjutgfnholqlg/Build/Intermediates.noindex/ArchiveIntermediates/ParkEmpire/IntermediateBuildFilesPath/GoogleMobileAds.build/Release-iphoneos/GoogleMobileAdsTarget.build/Objects-normal/arm64/GoogleMobileAdsTarget-OutputFileMap.json -use-frontend-parseable-output -save-temps -no-color-diagnostics -explicit-module-build -module-cache-path /Users/runner/Library/Developer/Xcode/DerivedData/ParkEmpire-fpvmemtietdwcjgpjutgfnholqlg/Build/Intermediates.noindex/ArchiveIntermediates/ParkEmpire/IntermediateBuildFilesPath/SwiftExplicitPrecompiledModules -clang-scanner-module-cache-path /Users/runner/Library/Developer/Xcode/DerivedData/ModuleCache.noindex -sdk-module-cache-path /Users/runner/Library/Developer/Xcode/DerivedData/ModuleCache.noindex -serialize-diagnostics -emit-dependencies -emit-module -emit-module-path /Users/runner/Library/Developer/Xcode/DerivedData/ParkEmpire-fpvmemtietdwcjgpjutgfnholqlg/Build/Intermediates.noindex/ArchiveIntermediates/ParkEmpire/IntermediateBuildFilesPath/GoogleMobileAds.build/Release-iphoneos/GoogleMobileAdsTarget.build/Objects-normal/arm64/GoogleMobileAdsTarget.swiftmodule -validate-clang-modules-once -clang-build-session-file /Users/runner/Library/Developer/Xcode/DerivedData/ModuleCache.noindex/Session.modulevalidation -Xcc -I/Users/runner/Library/Developer/Xcode/DerivedData/ParkEmpire-fpvmemtietdwcjgpjutgfnholqlg/Build/Intermediates.noindex/ArchiveIntermediates/ParkEmpire/IntermediateBuildFilesPath/GoogleMobileAds.build/Release-iphoneos/GoogleMobileAdsTarget.build/swift-overrides.hmap -emit-const-values -Xfrontend -const-gather-protocols-file -Xfrontend /Users/runner/Library/Developer/Xcode/DerivedData/ParkEmpire-fpvmemtietdwcjgpjutgfnholqlg/Build/Intermediates.noindex/ArchiveIntermediates/ParkEmpire/IntermediateBuildFilesPath/GoogleMobileAds.build/Release-iphoneos/GoogleMobileAdsTarget.build/Objects-normal/arm64/GoogleMobileAdsTarget_const_extract_protocols.json -Xcc -I/Users/runner/Library/Developer/Xcode/DerivedData/ParkEmpire-fpvmemtietdwcjgpjutgfnholqlg/SourcePackages/checkouts/swift-package-manager-google-user-messaging-platform/UserMessagingPlatformTarget/include -Xcc -I/Users/runner/Library/Developer/Xcode/DerivedData/ParkEmpire-fpvmemtietdwcjgpjutgfnholqlg/Build/Intermediates.noindex/ArchiveIntermediates/ParkEmpire/BuildProductsPath/Release-iphoneos/include -Xcc -I/Users/runner/Library/Developer/Xcode/DerivedData/ParkEmpire-fpvmemtietdwcjgpjutgfnholqlg/Build/Intermediates.noindex/ArchiveIntermediates/ParkEmpire/IntermediateBuildFilesPath/GoogleMobileAds.build/Release-iphoneos/GoogleMobileAdsTarget.build/DerivedSources-normal/arm64 -Xcc -I/Users/runner/Library/Developer/Xcode/DerivedData/ParkEmpire-fpvmemtietdwcjgpjutgfnholqlg/Build/Intermediates.noindex/ArchiveIntermediates/ParkEmpire/IntermediateBuildFilesPath/GoogleMobileAds.build/Release-iphoneos/GoogleMobileAdsTarget.build/DerivedSources/arm64 -Xcc -I/Users/runner/Library/Developer/Xcode/DerivedData/ParkEmpire-fpvmemtietdwcjgpjutgfnholqlg/Build/Intermediates.noindex/ArchiveIntermediates/ParkEmpire/IntermediateBuildFilesPath/GoogleMobileAds.build/Release-iphoneos/GoogleMobileAdsTarget.build/DerivedSources -Xcc -DSWIFT_PACKAGE -emit-objc-header -emit-objc-header-path /Users/runner/Library/Developer/Xcode/DerivedData/ParkEmpire-fpvmemtietdwcjgpjutgfnholqlg/Build/Intermediates.noindex/ArchiveIntermediates/ParkEmpire/IntermediateBuildFilesPath/GoogleMobileAds.build/Release-iphoneos/GoogleMobileAdsTarget.build/Objects-normal/arm64/GoogleMobileAdsTarget-Swift.h -working-directory /Users/runner/work/Seven-Theme-Park/Seven-Theme-Park/ParkEmpire.xcodeproj -no-emit-module-separately-wmo

ScanDependencies /Users/runner/Library/Developer/Xcode/DerivedData/ParkEmpire-fpvmemtietdwcjgpjutgfnholqlg/Build/Intermediates.noindex/ArchiveIntermediates/ParkEmpire/IntermediateBuildFilesPath/GoogleUserMessagingPlatform.build/Release-iphoneos/UserMessagingPlatformTarget.build/Objects-normal/arm64/placeholder.o /Users/runner/Library/Developer/Xcode/DerivedData/ParkEmpire-fpvmemtietdwcjgpjutgfnholqlg/SourcePackages/checkouts/swift-package-manager-google-user-messaging-platform/UserMessagingPlatformTarget/placeholder.m normal arm64 objective-c com.apple.compilers.llvm.clang.1_0.compiler (in target 'UserMessagingPlatformTarget' from project 'GoogleUserMessagingPlatform')
    cd /Users/runner/work/Seven-Theme-Park/Seven-Theme-Park/ParkEmpire.xcodeproj
    
    Using response file: /Users/runner/Library/Developer/Xcode/DerivedData/ParkEmpire-fpvmemtietdwcjgpjutgfnholqlg/Build/Intermediates.noindex/ArchiveIntermediates/ParkEmpire/IntermediateBuildFilesPath/GoogleUserMessagingPlatform.build/Release-iphoneos/UserMessagingPlatformTarget.build/Objects-normal/arm64/e6072d4f65d7061329687fe24e3d63a7-common-args.resp
    
    builtin-ScanDependencies -o /Users/runner/Library/Developer/Xcode/DerivedData/ParkEmpire-fpvmemtietdwcjgpjutgfnholqlg/Build/Intermediates.noindex/ArchiveIntermediates/ParkEmpire/IntermediateBuildFilesPath/GoogleUserMessagingPlatform.build/Release-iphoneos/UserMessagingPlatformTarget.build/Objects-normal/arm64/placeholder.o.scan -- /Applications/Xcode_26.3.app/Contents/Developer/Toolchains/XcodeDefault.xctoolchain/usr/bin/clang -x objective-c -ivfsstatcache /Users/runner/Library/Developer/Xcode/DerivedData/SDKStatCaches.noindex/iphoneos26.2-23C57-dc75598d0054f22ec865fa860f139d722dd23b4ebda140f7210d155ff1243552.sdkstatcache -fmessage-length\=0 -fdiagnostics-show-note-include-stack -fmacro-backtrace-limit\=0 -fno-color-diagnostics -fmodules-prune-interval\=86400 -fmodules-prune-after\=345600 -fbuild-session-file\=/Users/runner/Library/Developer/Xcode/DerivedData/ModuleCache.noindex/Session.modulevalidation -fmodules-validate-once-per-build-session -Wnon-modular-include-in-framework-module -Werror\=non-modular-include-in-framework-module -Wno-trigraphs -Wno-missing-field-initializers -Wno-missing-prototypes -Wno-return-type -Wno-implicit-atomic-properties -Wno-objc-interface-ivars -Wno-arc-repeated-use-of-weak -Wno-missing-braces -Wparentheses -Wswitch -Wno-unused-function -Wno-unused-label -Wno-unused-parameter -Wno-unused-variable -Wunused-value -Wno-empty-body -Wno-uninitialized -Wno-unknown-pragmas -w -Wno-shadow -Wno-four-char-constants -Wno-conversion -Wno-constant-conversion -Wno-int-conversion -Wno-bool-conversion -Wno-enum-conversion -Wno-float-conversion -Wno-non-literal-null-conversion -Wno-objc-literal-conversion -Wshorten-64-to-32 -Wpointer-sign -Wno-newline-eof -Wno-selector -Wno-strict-selector-match -Wno-undeclared-selector -Wno-deprecated-implementations -Wno-implicit-fallthrough -fstrict-aliasing -Wprotocol -Wdeprecated-declarations -Wno-sign-conversion -Wno-infinite-recursion -Wno-comma -Wno-block-capture-autoreleasing -Wno-strict-prototypes -Wno-semicolon-before-method-body @/Users/runner/Library/Developer/Xcode/DerivedData/ParkEmpire-fpvmemtietdwcjgpjutgfnholqlg/Build/Intermediates.noindex/ArchiveIntermediates/ParkEmpire/IntermediateBuildFilesPath/GoogleUserMessagingPlatform.build/Release-iphoneos/UserMessagingPlatformTarget.build/Objects-normal/arm64/e6072d4f65d7061329687fe24e3d63a7-common-args.resp -MMD -MT dependencies -MF /Users/runner/Library/Developer/Xcode/DerivedData/ParkEmpire-fpvmemtietdwcjgpjutgfnholqlg/Build/Intermediates.noindex/ArchiveIntermediates/ParkEmpire/IntermediateBuildFilesPath/GoogleUserMessagingPlatform.build/Release-iphoneos/UserMessagingPlatformTarget.build/Objects-normal/arm64/placeholder.d --serialize-diagnostics /Users/runner/Library/Developer/Xcode/DerivedData/ParkEmpire-fpvmemtietdwcjgpjutgfnholqlg/Build/Intermediates.noindex/ArchiveIntermediates/ParkEmpire/IntermediateBuildFilesPath/GoogleUserMessagingPlatform.build/Release-iphoneos/UserMessagingPlatformTarget.build/Objects-normal/arm64/placeholder.dia -c /Users/runner/Library/Developer/Xcode/DerivedData/ParkEmpire-fpvmemtietdwcjgpjutgfnholqlg/SourcePackages/checkouts/swift-package-manager-google-user-messaging-platform/UserMessagingPlatformTarget/placeholder.m -o /Users/runner/Library/Developer/Xcode/DerivedData/ParkEmpire-fpvmemtietdwcjgpjutgfnholqlg/Build/Intermediates.noindex/ArchiveIntermediates/ParkEmpire/IntermediateBuildFilesPath/GoogleUserMessagingPlatform.build/Release-iphoneos/UserMessagingPlatformTarget.build/Objects-normal/arm64/placeholder.o

CompileC /Users/runner/Library/Developer/Xcode/DerivedData/ParkEmpire-fpvmemtietdwcjgpjutgfnholqlg/Build/Intermediates.noindex/ArchiveIntermediates/ParkEmpire/IntermediateBuildFilesPath/GoogleUserMessagingPlatform.build/Release-iphoneos/UserMessagingPlatformTarget.build/Objects-normal/arm64/placeholder.o /Users/runner/Library/Developer/Xcode/DerivedData/ParkEmpire-fpvmemtietdwcjgpjutgfnholqlg/SourcePackages/checkouts/swift-package-manager-google-user-messaging-platform/UserMessagingPlatformTarget/placeholder.m normal arm64 objective-c com.apple.compilers.llvm.clang.1_0.compiler (in target 'UserMessagingPlatformTarget' from project 'GoogleUserMessagingPlatform')
    cd /Users/runner/work/Seven-Theme-Park/Seven-Theme-Park/ParkEmpire.xcodeproj
    
    Using response file: /Users/runner/Library/Developer/Xcode/DerivedData/ParkEmpire-fpvmemtietdwcjgpjutgfnholqlg/Build/Intermediates.noindex/ArchiveIntermediates/ParkEmpire/IntermediateBuildFilesPath/GoogleUserMessagingPlatform.build/Release-iphoneos/UserMessagingPlatformTarget.build/Objects-normal/arm64/e6072d4f65d7061329687fe24e3d63a7-common-args.resp
    
    /Applications/Xcode_26.3.app/Contents/Developer/Toolchains/XcodeDefault.xctoolchain/usr/bin/clang -x objective-c -ivfsstatcache /Users/runner/Library/Developer/Xcode/DerivedData/SDKStatCaches.noindex/iphoneos26.2-23C57-dc75598d0054f22ec865fa860f139d722dd23b4ebda140f7210d155ff1243552.sdkstatcache -fmessage-length\=0 -fdiagnostics-show-note-include-stack -fmacro-backtrace-limit\=0 -fno-color-diagnostics -fmodules-prune-interval\=86400 -fmodules-prune-after\=345600 -fbuild-session-file\=/Users/runner/Library/Developer/Xcode/DerivedData/ModuleCache.noindex/Session.modulevalidation -fmodules-validate-once-per-build-session -Wnon-modular-include-in-framework-module -Werror\=non-modular-include-in-framework-module -Wno-trigraphs -Wno-missing-field-initializers -Wno-missing-prototypes -Wno-return-type -Wno-implicit-atomic-properties -Wno-objc-interface-ivars -Wno-arc-repeated-use-of-weak -Wno-missing-braces -Wparentheses -Wswitch -Wno-unused-function -Wno-unused-label -Wno-unused-parameter -Wno-unused-variable -Wunused-value -Wno-empty-body -Wno-uninitialized -Wno-unknown-pragmas -w -Wno-shadow -Wno-four-char-constants -Wno-conversion -Wno-constant-conversion -Wno-int-conversion -Wno-bool-conversion -Wno-enum-conversion -Wno-float-conversion -Wno-non-literal-null-conversion -Wno-objc-literal-conversion -Wshorten-64-to-32 -Wpointer-sign -Wno-newline-eof -Wno-selector -Wno-strict-selector-match -Wno-undeclared-selector -Wno-deprecated-implementations -Wno-implicit-fallthrough -fstrict-aliasing -Wprotocol -Wdeprecated-declarations -Wno-sign-conversion -Wno-infinite-recursion -Wno-comma -Wno-block-capture-autoreleasing -Wno-strict-prototypes -Wno-semicolon-before-method-body @/Users/runner/Library/Developer/Xcode/DerivedData/ParkEmpire-fpvmemtietdwcjgpjutgfnholqlg/Build/Intermediates.noindex/ArchiveIntermediates/ParkEmpire/IntermediateBuildFilesPath/GoogleUserMessagingPlatform.build/Release-iphoneos/UserMessagingPlatformTarget.build/Objects-normal/arm64/e6072d4f65d7061329687fe24e3d63a7-common-args.resp -MMD -MT dependencies -MF /Users/runner/Library/Developer/Xcode/DerivedData/ParkEmpire-fpvmemtietdwcjgpjutgfnholqlg/Build/Intermediates.noindex/ArchiveIntermediates/ParkEmpire/IntermediateBuildFilesPath/GoogleUserMessagingPlatform.build/Release-iphoneos/UserMessagingPlatformTarget.build/Objects-normal/arm64/placeholder.d --serialize-diagnostics /Users/runner/Library/Developer/Xcode/DerivedData/ParkEmpire-fpvmemtietdwcjgpjutgfnholqlg/Build/Intermediates.noindex/ArchiveIntermediates/ParkEmpire/IntermediateBuildFilesPath/GoogleUserMessagingPlatform.build/Release-iphoneos/UserMessagingPlatformTarget.build/Objects-normal/arm64/placeholder.dia -c /Users/runner/Library/Developer/Xcode/DerivedData/ParkEmpire-fpvmemtietdwcjgpjutgfnholqlg/SourcePackages/checkouts/swift-package-manager-google-user-messaging-platform/UserMessagingPlatformTarget/placeholder.m -o /Users/runner/Library/Developer/Xcode/DerivedData/ParkEmpire-fpvmemtietdwcjgpjutgfnholqlg/Build/Intermediates.noindex/ArchiveIntermediates/ParkEmpire/IntermediateBuildFilesPath/GoogleUserMessagingPlatform.build/Release-iphoneos/UserMessagingPlatformTarget.build/Objects-normal/arm64/placeholder.o

SwiftDriver\ Compilation GoogleMobileAdsTarget normal arm64 com.apple.xcode.tools.swift.compiler (in target 'GoogleMobileAdsTarget' from project 'GoogleMobileAds')
    cd /Users/runner/work/Seven-Theme-Park/Seven-Theme-Park/ParkEmpire.xcodeproj
    builtin-Swift-Compilation -- /Applications/Xcode_26.3.app/Contents/Developer/Toolchains/XcodeDefault.xctoolchain/usr/bin/swiftc -module-name GoogleMobileAdsTarget -O -whole-module-optimization -enforce-exclusivity\=checked @/Users/runner/Library/Developer/Xcode/DerivedData/ParkEmpire-fpvmemtietdwcjgpjutgfnholqlg/Build/Intermediates.noindex/ArchiveIntermediates/ParkEmpire/IntermediateBuildFilesPath/GoogleMobileAds.build/Release-iphoneos/GoogleMobileAdsTarget.build/Objects-normal/arm64/GoogleMobileAdsTarget.SwiftFileList -DSWIFT_PACKAGE -DSWIFT_MODULE_RESOURCE_BUNDLE_UNAVAILABLE -Xcc -fmodule-map-file\=/Users/runner/Library/Developer/Xcode/DerivedData/ParkEmpire-fpvmemtietdwcjgpjutgfnholqlg/Build/Intermediates.noindex/ArchiveIntermediates/ParkEmpire/IntermediateBuildFilesPath/GeneratedModuleMaps-iphoneos/UserMessagingPlatformTarget.modulemap -DXcode -plugin-path /Applications/Xcode_26.3.app/Contents/Developer/Toolchains/XcodeDefault.xctoolchain/usr/lib/swift/host/plugins/testing -enable-experimental-feature DebugDescriptionMacro -sdk /Applications/Xcode_26.3.app/Contents/Developer/Platforms/iPhoneOS.platform/Developer/SDKs/iPhoneOS26.2.sdk -target arm64-apple-ios12.0 -g -module-cache-path /Users/runner/Library/Developer/Xcode/DerivedData/ModuleCache.noindex -Xfrontend -serialize-debugging-options -suppress-warnings -swift-version 5 -I /Users/runner/Library/Developer/Xcode/DerivedData/ParkEmpire-fpvmemtietdwcjgpjutgfnholqlg/Build/Intermediates.noindex/ArchiveIntermediates/ParkEmpire/BuildProductsPath/Release-iphoneos -Isystem /Applications/Xcode_26.3.app/Contents/Developer/Platforms/iPhoneOS.platform/Developer/usr/lib -F /Users/runner/Library/Developer/Xcode/DerivedData/ParkEmpire-fpvmemtietdwcjgpjutgfnholqlg/Build/Intermediates.noindex/ArchiveIntermediates/ParkEmpire/BuildProductsPath/Release-iphoneos/PackageFrameworks -F /Users/runner/Library/Developer/Xcode/DerivedData/ParkEmpire-fpvmemtietdwcjgpjutgfnholqlg/Build/Intermediates.noindex/ArchiveIntermediates/ParkEmpire/BuildProductsPath/Release-iphoneos -F /Applications/Xcode_26.3.app/Contents/Developer/Platforms/iPhoneOS.platform/Developer/Library/Frameworks -F /Applications/Xcode_26.3.app/Contents/Developer/Platforms/iPhoneOS.platform/Developer/SDKs/iPhoneOS26.2.sdk/Developer/Library/Frameworks -parse-as-library -c -num-threads 3 -Xcc -ivfsstatcache -Xcc /Users/runner/Library/Developer/Xcode/DerivedData/SDKStatCaches.noindex/iphoneos26.2-23C57-dc75598d0054f22ec865fa860f139d722dd23b4ebda140f7210d155ff1243552.sdkstatcache -output-file-map /Users/runner/Library/Developer/Xcode/DerivedData/ParkEmpire-fpvmemtietdwcjgpjutgfnholqlg/Build/Intermediates.noindex/ArchiveIntermediates/ParkEmpire/IntermediateBuildFilesPath/GoogleMobileAds.build/Release-iphoneos/GoogleMobileAdsTarget.build/Objects-normal/arm64/GoogleMobileAdsTarget-OutputFileMap.json -use-frontend-parseable-output -save-temps -no-color-diagnostics -explicit-module-build -module-cache-path /Users/runner/Library/Developer/Xcode/DerivedData/ParkEmpire-fpvmemtietdwcjgpjutgfnholqlg/Build/Intermediates.noindex/ArchiveIntermediates/ParkEmpire/IntermediateBuildFilesPath/SwiftExplicitPrecompiledModules -clang-scanner-module-cache-path /Users/runner/Library/Developer/Xcode/DerivedData/ModuleCache.noindex -sdk-module-cache-path /Users/runner/Library/Developer/Xcode/DerivedData/ModuleCache.noindex -serialize-diagnostics -emit-dependencies -emit-module -emit-module-path /Users/runner/Library/Developer/Xcode/DerivedData/ParkEmpire-fpvmemtietdwcjgpjutgfnholqlg/Build/Intermediates.noindex/ArchiveIntermediates/ParkEmpire/IntermediateBuildFilesPath/GoogleMobileAds.build/Release-iphoneos/GoogleMobileAdsTarget.build/Objects-normal/arm64/GoogleMobileAdsTarget.swiftmodule -validate-clang-modules-once -clang-build-session-file /Users/runner/Library/Developer/Xcode/DerivedData/ModuleCache.noindex/Session.modulevalidation -Xcc -I/Users/runner/Library/Developer/Xcode/DerivedData/ParkEmpire-fpvmemtietdwcjgpjutgfnholqlg/Build/Intermediates.noindex/ArchiveIntermediates/ParkEmpire/IntermediateBuildFilesPath/GoogleMobileAds.build/Release-iphoneos/GoogleMobileAdsTarget.build/swift-overrides.hmap -emit-const-values -Xfrontend -const-gather-protocols-file -Xfrontend /Users/runner/Library/Developer/Xcode/DerivedData/ParkEmpire-fpvmemtietdwcjgpjutgfnholqlg/Build/Intermediates.noindex/ArchiveIntermediates/ParkEmpire/IntermediateBuildFilesPath/GoogleMobileAds.build/Release-iphoneos/GoogleMobileAdsTarget.build/Objects-normal/arm64/GoogleMobileAdsTarget_const_extract_protocols.json -Xcc -I/Users/runner/Library/Developer/Xcode/DerivedData/ParkEmpire-fpvmemtietdwcjgpjutgfnholqlg/SourcePackages/checkouts/swift-package-manager-google-user-messaging-platform/UserMessagingPlatformTarget/include -Xcc -I/Users/runner/Library/Developer/Xcode/DerivedData/ParkEmpire-fpvmemtietdwcjgpjutgfnholqlg/Build/Intermediates.noindex/ArchiveIntermediates/ParkEmpire/BuildProductsPath/Release-iphoneos/include -Xcc -I/Users/runner/Library/Developer/Xcode/DerivedData/ParkEmpire-fpvmemtietdwcjgpjutgfnholqlg/Build/Intermediates.noindex/ArchiveIntermediates/ParkEmpire/IntermediateBuildFilesPath/GoogleMobileAds.build/Release-iphoneos/GoogleMobileAdsTarget.build/DerivedSources-normal/arm64 -Xcc -I/Users/runner/Library/Developer/Xcode/DerivedData/ParkEmpire-fpvmemtietdwcjgpjutgfnholqlg/Build/Intermediates.noindex/ArchiveIntermediates/ParkEmpire/IntermediateBuildFilesPath/GoogleMobileAds.build/Release-iphoneos/GoogleMobileAdsTarget.build/DerivedSources/arm64 -Xcc -I/Users/runner/Library/Developer/Xcode/DerivedData/ParkEmpire-fpvmemtietdwcjgpjutgfnholqlg/Build/Intermediates.noindex/ArchiveIntermediates/ParkEmpire/IntermediateBuildFilesPath/GoogleMobileAds.build/Release-iphoneos/GoogleMobileAdsTarget.build/DerivedSources -Xcc -DSWIFT_PACKAGE -emit-objc-header -emit-objc-header-path /Users/runner/Library/Developer/Xcode/DerivedData/ParkEmpire-fpvmemtietdwcjgpjutgfnholqlg/Build/Intermediates.noindex/ArchiveIntermediates/ParkEmpire/IntermediateBuildFilesPath/GoogleMobileAds.build/Release-iphoneos/GoogleMobileAdsTarget.build/Objects-normal/arm64/GoogleMobileAdsTarget-Swift.h -working-directory /Users/runner/work/Seven-Theme-Park/Seven-Theme-Park/ParkEmpire.xcodeproj -no-emit-module-separately-wmo

SwiftExplicitDependencyGeneratePcm arm64 /Users/runner/Library/Developer/Xcode/DerivedData/ModuleCache.noindex/_SwiftConcurrencyShims-5HCTWJAQQTXWEM60RC25MRQE1.pcm

SwiftExplicitDependencyGeneratePcm arm64 /Users/runner/Library/Developer/Xcode/DerivedData/ModuleCache.noindex/SwiftShims-3EY9ELEMV3IMR8S2K139RMJ1X.pcm

Ld /Users/runner/Library/Developer/Xcode/DerivedData/ParkEmpire-fpvmemtietdwcjgpjutgfnholqlg/Build/Intermediates.noindex/ArchiveIntermediates/ParkEmpire/IntermediateBuildFilesPath/UninstalledProducts/iphoneos/UserMessagingPlatformTarget.o normal (in target 'UserMessagingPlatformTarget' from project 'GoogleUserMessagingPlatform')
    cd /Users/runner/Library/Developer/Xcode/DerivedData/ParkEmpire-fpvmemtietdwcjgpjutgfnholqlg/SourcePackages/checkouts/swift-package-manager-google-user-messaging-platform
    /Applications/Xcode_26.3.app/Contents/Developer/Toolchains/XcodeDefault.xctoolchain/usr/bin/clang -Xlinker -reproducible -target arm64-apple-ios12.0 -r -isysroot /Applications/Xcode_26.3.app/Contents/Developer/Platforms/iPhoneOS.platform/Developer/SDKs/iPhoneOS26.2.sdk -Os -w -L/Users/runner/Library/Developer/Xcode/DerivedData/ParkEmpire-fpvmemtietdwcjgpjutgfnholqlg/Build/Intermediates.noindex/ArchiveIntermediates/ParkEmpire/IntermediateBuildFilesPath/EagerLinkingTBDs/Release-iphoneos -L/Users/runner/Library/Developer/Xcode/DerivedData/ParkEmpire-fpvmemtietdwcjgpjutgfnholqlg/Build/Intermediates.noindex/ArchiveIntermediates/ParkEmpire/BuildProductsPath/Release-iphoneos -L/Applications/Xcode_26.3.app/Contents/Developer/Platforms/iPhoneOS.platform/Developer/usr/lib -F/Users/runner/Library/Developer/Xcode/DerivedData/ParkEmpire-fpvmemtietdwcjgpjutgfnholqlg/Build/Intermediates.noindex/ArchiveIntermediates/ParkEmpire/IntermediateBuildFilesPath/EagerLinkingTBDs/Release-iphoneos -F/Users/runner/Library/Developer/Xcode/DerivedData/ParkEmpire-fpvmemtietdwcjgpjutgfnholqlg/Build/Intermediates.noindex/ArchiveIntermediates/ParkEmpire/BuildProductsPath/Release-iphoneos -iframework /Applications/Xcode_26.3.app/Contents/Developer/Platforms/iPhoneOS.platform/Developer/Library/Frameworks -iframework /Applications/Xcode_26.3.app/Contents/Developer/Platforms/iPhoneOS.platform/Developer/SDKs/iPhoneOS26.2.sdk/Developer/Library/Frameworks -filelist /Users/runner/Library/Developer/Xcode/DerivedData/ParkEmpire-fpvmemtietdwcjgpjutgfnholqlg/Build/Intermediates.noindex/ArchiveIntermediates/ParkEmpire/IntermediateBuildFilesPath/GoogleUserMessagingPlatform.build/Release-iphoneos/UserMessagingPlatformTarget.build/Objects-normal/arm64/UserMessagingPlatformTarget.LinkFileList -nostdlib -Xlinker -object_path_lto -Xlinker /Users/runner/Library/Developer/Xcode/DerivedData/ParkEmpire-fpvmemtietdwcjgpjutgfnholqlg/Build/Intermediates.noindex/ArchiveIntermediates/ParkEmpire/IntermediateBuildFilesPath/GoogleUserMessagingPlatform.build/Release-iphoneos/UserMessagingPlatformTarget.build/Objects-normal/arm64/UserMessagingPlatformTarget_lto.o -Xlinker -dependency_info -Xlinker /Users/runner/Library/Developer/Xcode/DerivedData/ParkEmpire-fpvmemtietdwcjgpjutgfnholqlg/Build/Intermediates.noindex/ArchiveIntermediates/ParkEmpire/IntermediateBuildFilesPath/GoogleUserMessagingPlatform.build/Release-iphoneos/UserMessagingPlatformTarget.build/Objects-normal/arm64/UserMessagingPlatformTarget_dependency_info.dat -fobjc-arc -fobjc-link-runtime -o /Users/runner/Library/Developer/Xcode/DerivedData/ParkEmpire-fpvmemtietdwcjgpjutgfnholqlg/Build/Intermediates.noindex/ArchiveIntermediates/ParkEmpire/IntermediateBuildFilesPath/UninstalledProducts/iphoneos/UserMessagingPlatformTarget.o

SetOwnerAndGroup runner:staff /Users/runner/Library/Developer/Xcode/DerivedData/ParkEmpire-fpvmemtietdwcjgpjutgfnholqlg/Build/Intermediates.noindex/ArchiveIntermediates/ParkEmpire/IntermediateBuildFilesPath/UninstalledProducts/iphoneos/UserMessagingPlatformTarget.o (in target 'UserMessagingPlatformTarget' from project 'GoogleUserMessagingPlatform')
    cd /Users/runner/Library/Developer/Xcode/DerivedData/ParkEmpire-fpvmemtietdwcjgpjutgfnholqlg/SourcePackages/checkouts/swift-package-manager-google-user-messaging-platform
    /usr/sbin/chown -RH runner:staff /Users/runner/Library/Developer/Xcode/DerivedData/ParkEmpire-fpvmemtietdwcjgpjutgfnholqlg/Build/Intermediates.noindex/ArchiveIntermediates/ParkEmpire/IntermediateBuildFilesPath/UninstalledProducts/iphoneos/UserMessagingPlatformTarget.o

SetMode u+w,go-w,a+rX /Users/runner/Library/Developer/Xcode/DerivedData/ParkEmpire-fpvmemtietdwcjgpjutgfnholqlg/Build/Intermediates.noindex/ArchiveIntermediates/ParkEmpire/IntermediateBuildFilesPath/UninstalledProducts/iphoneos/UserMessagingPlatformTarget.o (in target 'UserMessagingPlatformTarget' from project 'GoogleUserMessagingPlatform')
    cd /Users/runner/Library/Developer/Xcode/DerivedData/ParkEmpire-fpvmemtietdwcjgpjutgfnholqlg/SourcePackages/checkouts/swift-package-manager-google-user-messaging-platform
    /bin/chmod -RH u+w,go-w,a+rX /Users/runner/Library/Developer/Xcode/DerivedData/ParkEmpire-fpvmemtietdwcjgpjutgfnholqlg/Build/Intermediates.noindex/ArchiveIntermediates/ParkEmpire/IntermediateBuildFilesPath/UninstalledProducts/iphoneos/UserMessagingPlatformTarget.o

RegisterExecutionPolicyException /Users/runner/Library/Developer/Xcode/DerivedData/ParkEmpire-fpvmemtietdwcjgpjutgfnholqlg/Build/Intermediates.noindex/ArchiveIntermediates/ParkEmpire/IntermediateBuildFilesPath/UninstalledProducts/iphoneos/UserMessagingPlatformTarget.o (in target 'UserMessagingPlatformTarget' from project 'GoogleUserMessagingPlatform')
    cd /Users/runner/Library/Developer/Xcode/DerivedData/ParkEmpire-fpvmemtietdwcjgpjutgfnholqlg/SourcePackages/checkouts/swift-package-manager-google-user-messaging-platform
    builtin-RegisterExecutionPolicyException /Users/runner/Library/Developer/Xcode/DerivedData/ParkEmpire-fpvmemtietdwcjgpjutgfnholqlg/Build/Intermediates.noindex/ArchiveIntermediates/ParkEmpire/IntermediateBuildFilesPath/UninstalledProducts/iphoneos/UserMessagingPlatformTarget.o

SwiftCompile normal arm64 Compiling\ placeholder.swift /Users/runner/Library/Developer/Xcode/DerivedData/ParkEmpire-fpvmemtietdwcjgpjutgfnholqlg/SourcePackages/checkouts/swift-package-manager-google-mobile-ads/GoogleMobileAdsTarget/placeholder.swift /Applications/Xcode_26.3.app/Contents/Developer/Toolchains/XcodeDefault.xctoolchain/usr/lib/swift/iphoneos/prebuilt-modules/26.2/Swift.swiftmodule/arm64e-apple-ios.swiftmodule /Applications/Xcode_26.3.app/Contents/Developer/Toolchains/XcodeDefault.xctoolchain/usr/lib/swift/iphoneos/prebuilt-modules/26.2/_StringProcessing.swiftmodule/arm64e-apple-ios.swiftmodule /Applications/Xcode_26.3.app/Contents/Developer/Toolchains/XcodeDefault.xctoolchain/usr/lib/swift/iphoneos/prebuilt-modules/26.2/_Concurrency.swiftmodule/arm64e-apple-ios.swiftmodule /Users/runner/Library/Developer/Xcode/DerivedData/ModuleCache.noindex/_SwiftConcurrencyShims-5HCTWJAQQTXWEM60RC25MRQE1.pcm /Users/runner/Library/Developer/Xcode/DerivedData/ModuleCache.noindex/SwiftShims-3EY9ELEMV3IMR8S2K139RMJ1X.pcm /Users/runner/Library/Developer/Xcode/DerivedData/ParkEmpire-fpvmemtietdwcjgpjutgfnholqlg/Build/Intermediates.noindex/ArchiveIntermediates/ParkEmpire/IntermediateBuildFilesPath/GoogleMobileAds.build/Release-iphoneos/GoogleMobileAdsTarget.build/Objects-normal/arm64/GoogleMobileAdsTarget-dependencies-1.json (in target 'GoogleMobileAdsTarget' from project 'GoogleMobileAds')

SwiftCompile normal arm64 /Users/runner/Library/Developer/Xcode/DerivedData/ParkEmpire-fpvmemtietdwcjgpjutgfnholqlg/SourcePackages/checkouts/swift-package-manager-google-mobile-ads/GoogleMobileAdsTarget/placeholder.swift (in target 'GoogleMobileAdsTarget' from project 'GoogleMobileAds')
    cd /Users/runner/work/Seven-Theme-Park/Seven-Theme-Park/ParkEmpire.xcodeproj
    

SwiftDriverJobDiscovery normal arm64 Compiling placeholder.swift (in target 'GoogleMobileAdsTarget' from project 'GoogleMobileAds')

SwiftDriver\ Compilation\ Requirements GoogleMobileAdsTarget normal arm64 com.apple.xcode.tools.swift.compiler (in target 'GoogleMobileAdsTarget' from project 'GoogleMobileAds')
    cd /Users/runner/work/Seven-Theme-Park/Seven-Theme-Park/ParkEmpire.xcodeproj
    builtin-Swift-Compilation-Requirements -- /Applications/Xcode_26.3.app/Contents/Developer/Toolchains/XcodeDefault.xctoolchain/usr/bin/swiftc -module-name GoogleMobileAdsTarget -O -whole-module-optimization -enforce-exclusivity\=checked @/Users/runner/Library/Developer/Xcode/DerivedData/ParkEmpire-fpvmemtietdwcjgpjutgfnholqlg/Build/Intermediates.noindex/ArchiveIntermediates/ParkEmpire/IntermediateBuildFilesPath/GoogleMobileAds.build/Release-iphoneos/GoogleMobileAdsTarget.build/Objects-normal/arm64/GoogleMobileAdsTarget.SwiftFileList -DSWIFT_PACKAGE -DSWIFT_MODULE_RESOURCE_BUNDLE_UNAVAILABLE -Xcc -fmodule-map-file\=/Users/runner/Library/Developer/Xcode/DerivedData/ParkEmpire-fpvmemtietdwcjgpjutgfnholqlg/Build/Intermediates.noindex/ArchiveIntermediates/ParkEmpire/IntermediateBuildFilesPath/GeneratedModuleMaps-iphoneos/UserMessagingPlatformTarget.modulemap -DXcode -plugin-path /Applications/Xcode_26.3.app/Contents/Developer/Toolchains/XcodeDefault.xctoolchain/usr/lib/swift/host/plugins/testing -enable-experimental-feature DebugDescriptionMacro -sdk /Applications/Xcode_26.3.app/Contents/Developer/Platforms/iPhoneOS.platform/Developer/SDKs/iPhoneOS26.2.sdk -target arm64-apple-ios12.0 -g -module-cache-path /Users/runner/Library/Developer/Xcode/DerivedData/ModuleCache.noindex -Xfrontend -serialize-debugging-options -suppress-warnings -swift-version 5 -I /Users/runner/Library/Developer/Xcode/DerivedData/ParkEmpire-fpvmemtietdwcjgpjutgfnholqlg/Build/Intermediates.noindex/ArchiveIntermediates/ParkEmpire/BuildProductsPath/Release-iphoneos -Isystem /Applications/Xcode_26.3.app/Contents/Developer/Platforms/iPhoneOS.platform/Developer/usr/lib -F /Users/runner/Library/Developer/Xcode/DerivedData/ParkEmpire-fpvmemtietdwcjgpjutgfnholqlg/Build/Intermediates.noindex/ArchiveIntermediates/ParkEmpire/BuildProductsPath/Release-iphoneos/PackageFrameworks -F /Users/runner/Library/Developer/Xcode/DerivedData/ParkEmpire-fpvmemtietdwcjgpjutgfnholqlg/Build/Intermediates.noindex/ArchiveIntermediates/ParkEmpire/BuildProductsPath/Release-iphoneos -F /Applications/Xcode_26.3.app/Contents/Developer/Platforms/iPhoneOS.platform/Developer/Library/Frameworks -F /Applications/Xcode_26.3.app/Contents/Developer/Platforms/iPhoneOS.platform/Developer/SDKs/iPhoneOS26.2.sdk/Developer/Library/Frameworks -parse-as-library -c -num-threads 3 -Xcc -ivfsstatcache -Xcc /Users/runner/Library/Developer/Xcode/DerivedData/SDKStatCaches.noindex/iphoneos26.2-23C57-dc75598d0054f22ec865fa860f139d722dd23b4ebda140f7210d155ff1243552.sdkstatcache -output-file-map /Users/runner/Library/Developer/Xcode/DerivedData/ParkEmpire-fpvmemtietdwcjgpjutgfnholqlg/Build/Intermediates.noindex/ArchiveIntermediates/ParkEmpire/IntermediateBuildFilesPath/GoogleMobileAds.build/Release-iphoneos/GoogleMobileAdsTarget.build/Objects-normal/arm64/GoogleMobileAdsTarget-OutputFileMap.json -use-frontend-parseable-output -save-temps -no-color-diagnostics -explicit-module-build -module-cache-path /Users/runner/Library/Developer/Xcode/DerivedData/ParkEmpire-fpvmemtietdwcjgpjutgfnholqlg/Build/Intermediates.noindex/ArchiveIntermediates/ParkEmpire/IntermediateBuildFilesPath/SwiftExplicitPrecompiledModules -clang-scanner-module-cache-path /Users/runner/Library/Developer/Xcode/DerivedData/ModuleCache.noindex -sdk-module-cache-path /Users/runner/Library/Developer/Xcode/DerivedData/ModuleCache.noindex -serialize-diagnostics -emit-dependencies -emit-module -emit-module-path /Users/runner/Library/Developer/Xcode/DerivedData/ParkEmpire-fpvmemtietdwcjgpjutgfnholqlg/Build/Intermediates.noindex/ArchiveIntermediates/ParkEmpire/IntermediateBuildFilesPath/GoogleMobileAds.build/Release-iphoneos/GoogleMobileAdsTarget.build/Objects-normal/arm64/GoogleMobileAdsTarget.swiftmodule -validate-clang-modules-once -clang-build-session-file /Users/runner/Library/Developer/Xcode/DerivedData/ModuleCache.noindex/Session.modulevalidation -Xcc -I/Users/runner/Library/Developer/Xcode/DerivedData/ParkEmpire-fpvmemtietdwcjgpjutgfnholqlg/Build/Intermediates.noindex/ArchiveIntermediates/ParkEmpire/IntermediateBuildFilesPath/GoogleMobileAds.build/Release-iphoneos/GoogleMobileAdsTarget.build/swift-overrides.hmap -emit-const-values -Xfrontend -const-gather-protocols-file -Xfrontend /Users/runner/Library/Developer/Xcode/DerivedData/ParkEmpire-fpvmemtietdwcjgpjutgfnholqlg/Build/Intermediates.noindex/ArchiveIntermediates/ParkEmpire/IntermediateBuildFilesPath/GoogleMobileAds.build/Release-iphoneos/GoogleMobileAdsTarget.build/Objects-normal/arm64/GoogleMobileAdsTarget_const_extract_protocols.json -Xcc -I/Users/runner/Library/Developer/Xcode/DerivedData/ParkEmpire-fpvmemtietdwcjgpjutgfnholqlg/SourcePackages/checkouts/swift-package-manager-google-user-messaging-platform/UserMessagingPlatformTarget/include -Xcc -I/Users/runner/Library/Developer/Xcode/DerivedData/ParkEmpire-fpvmemtietdwcjgpjutgfnholqlg/Build/Intermediates.noindex/ArchiveIntermediates/ParkEmpire/BuildProductsPath/Release-iphoneos/include -Xcc -I/Users/runner/Library/Developer/Xcode/DerivedData/ParkEmpire-fpvmemtietdwcjgpjutgfnholqlg/Build/Intermediates.noindex/ArchiveIntermediates/ParkEmpire/IntermediateBuildFilesPath/GoogleMobileAds.build/Release-iphoneos/GoogleMobileAdsTarget.build/DerivedSources-normal/arm64 -Xcc -I/Users/runner/Library/Developer/Xcode/DerivedData/ParkEmpire-fpvmemtietdwcjgpjutgfnholqlg/Build/Intermediates.noindex/ArchiveIntermediates/ParkEmpire/IntermediateBuildFilesPath/GoogleMobileAds.build/Release-iphoneos/GoogleMobileAdsTarget.build/DerivedSources/arm64 -Xcc -I/Users/runner/Library/Developer/Xcode/DerivedData/ParkEmpire-fpvmemtietdwcjgpjutgfnholqlg/Build/Intermediates.noindex/ArchiveIntermediates/ParkEmpire/IntermediateBuildFilesPath/GoogleMobileAds.build/Release-iphoneos/GoogleMobileAdsTarget.build/DerivedSources -Xcc -DSWIFT_PACKAGE -emit-objc-header -emit-objc-header-path /Users/runner/Library/Developer/Xcode/DerivedData/ParkEmpire-fpvmemtietdwcjgpjutgfnholqlg/Build/Intermediates.noindex/ArchiveIntermediates/ParkEmpire/IntermediateBuildFilesPath/GoogleMobileAds.build/Release-iphoneos/GoogleMobileAdsTarget.build/Objects-normal/arm64/GoogleMobileAdsTarget-Swift.h -working-directory /Users/runner/work/Seven-Theme-Park/Seven-Theme-Park/ParkEmpire.xcodeproj -no-emit-module-separately-wmo

SwiftMergeGeneratedHeaders /Users/runner/Library/Developer/Xcode/DerivedData/ParkEmpire-fpvmemtietdwcjgpjutgfnholqlg/Build/Intermediates.noindex/ArchiveIntermediates/ParkEmpire/IntermediateBuildFilesPath/GeneratedModuleMaps-iphoneos/GoogleMobileAdsTarget-Swift.h /Users/runner/Library/Developer/Xcode/DerivedData/ParkEmpire-fpvmemtietdwcjgpjutgfnholqlg/Build/Intermediates.noindex/ArchiveIntermediates/ParkEmpire/IntermediateBuildFilesPath/GoogleMobileAds.build/Release-iphoneos/GoogleMobileAdsTarget.build/Objects-normal/arm64/GoogleMobileAdsTarget-Swift.h (in target 'GoogleMobileAdsTarget' from project 'GoogleMobileAds')
    cd /Users/runner/Library/Developer/Xcode/DerivedData/ParkEmpire-fpvmemtietdwcjgpjutgfnholqlg/SourcePackages/checkouts/swift-package-manager-google-mobile-ads
    builtin-swiftHeaderTool -arch arm64 /Users/runner/Library/Developer/Xcode/DerivedData/ParkEmpire-fpvmemtietdwcjgpjutgfnholqlg/Build/Intermediates.noindex/ArchiveIntermediates/ParkEmpire/IntermediateBuildFilesPath/GoogleMobileAds.build/Release-iphoneos/GoogleMobileAdsTarget.build/Objects-normal/arm64/GoogleMobileAdsTarget-Swift.h -o /Users/runner/Library/Developer/Xcode/DerivedData/ParkEmpire-fpvmemtietdwcjgpjutgfnholqlg/Build/Intermediates.noindex/ArchiveIntermediates/ParkEmpire/IntermediateBuildFilesPath/GeneratedModuleMaps-iphoneos/GoogleMobileAdsTarget-Swift.h

Copy /Users/runner/Library/Developer/Xcode/DerivedData/ParkEmpire-fpvmemtietdwcjgpjutgfnholqlg/Build/Intermediates.noindex/ArchiveIntermediates/ParkEmpire/BuildProductsPath/Release-iphoneos/GoogleMobileAdsTarget.swiftmodule/arm64-apple-ios.swiftmodule /Users/runner/Library/Developer/Xcode/DerivedData/ParkEmpire-fpvmemtietdwcjgpjutgfnholqlg/Build/Intermediates.noindex/ArchiveIntermediates/ParkEmpire/IntermediateBuildFilesPath/GoogleMobileAds.build/Release-iphoneos/GoogleMobileAdsTarget.build/Objects-normal/arm64/GoogleMobileAdsTarget.swiftmodule (in target 'GoogleMobileAdsTarget' from project 'GoogleMobileAds')
    cd /Users/runner/Library/Developer/Xcode/DerivedData/ParkEmpire-fpvmemtietdwcjgpjutgfnholqlg/SourcePackages/checkouts/swift-package-manager-google-mobile-ads
    builtin-copy -exclude .DS_Store -exclude CVS -exclude .svn -exclude .git -exclude .hg -strip-unsigned-binaries -strip-deterministic -strip-tool /Applications/Xcode_26.3.app/Contents/Developer/Toolchains/XcodeDefault.xctoolchain/usr/bin/strip -resolve-src-symlinks -rename /Users/runner/Library/Developer/Xcode/DerivedData/ParkEmpire-fpvmemtietdwcjgpjutgfnholqlg/Build/Intermediates.noindex/ArchiveIntermediates/ParkEmpire/IntermediateBuildFilesPath/GoogleMobileAds.build/Release-iphoneos/GoogleMobileAdsTarget.build/Objects-normal/arm64/GoogleMobileAdsTarget.swiftmodule /Users/runner/Library/Developer/Xcode/DerivedData/ParkEmpire-fpvmemtietdwcjgpjutgfnholqlg/Build/Intermediates.noindex/ArchiveIntermediates/ParkEmpire/BuildProductsPath/Release-iphoneos/GoogleMobileAdsTarget.swiftmodule/arm64-apple-ios.swiftmodule

Copy /Users/runner/Library/Developer/Xcode/DerivedData/ParkEmpire-fpvmemtietdwcjgpjutgfnholqlg/Build/Intermediates.noindex/ArchiveIntermediates/ParkEmpire/BuildProductsPath/Release-iphoneos/GoogleMobileAdsTarget.swiftmodule/arm64-apple-ios.swiftdoc /Users/runner/Library/Developer/Xcode/DerivedData/ParkEmpire-fpvmemtietdwcjgpjutgfnholqlg/Build/Intermediates.noindex/ArchiveIntermediates/ParkEmpire/IntermediateBuildFilesPath/GoogleMobileAds.build/Release-iphoneos/GoogleMobileAdsTarget.build/Objects-normal/arm64/GoogleMobileAdsTarget.swiftdoc (in target 'GoogleMobileAdsTarget' from project 'GoogleMobileAds')
    cd /Users/runner/Library/Developer/Xcode/DerivedData/ParkEmpire-fpvmemtietdwcjgpjutgfnholqlg/SourcePackages/checkouts/swift-package-manager-google-mobile-ads
    builtin-copy -exclude .DS_Store -exclude CVS -exclude .svn -exclude .git -exclude .hg -strip-unsigned-binaries -strip-deterministic -strip-tool /Applications/Xcode_26.3.app/Contents/Developer/Toolchains/XcodeDefault.xctoolchain/usr/bin/strip -resolve-src-symlinks -rename /Users/runner/Library/Developer/Xcode/DerivedData/ParkEmpire-fpvmemtietdwcjgpjutgfnholqlg/Build/Intermediates.noindex/ArchiveIntermediates/ParkEmpire/IntermediateBuildFilesPath/GoogleMobileAds.build/Release-iphoneos/GoogleMobileAdsTarget.build/Objects-normal/arm64/GoogleMobileAdsTarget.swiftdoc /Users/runner/Library/Developer/Xcode/DerivedData/ParkEmpire-fpvmemtietdwcjgpjutgfnholqlg/Build/Intermediates.noindex/ArchiveIntermediates/ParkEmpire/BuildProductsPath/Release-iphoneos/GoogleMobileAdsTarget.swiftmodule/arm64-apple-ios.swiftdoc

Copy /Users/runner/Library/Developer/Xcode/DerivedData/ParkEmpire-fpvmemtietdwcjgpjutgfnholqlg/Build/Intermediates.noindex/ArchiveIntermediates/ParkEmpire/BuildProductsPath/Release-iphoneos/GoogleMobileAdsTarget.swiftmodule/arm64-apple-ios.abi.json /Users/runner/Library/Developer/Xcode/DerivedData/ParkEmpire-fpvmemtietdwcjgpjutgfnholqlg/Build/Intermediates.noindex/ArchiveIntermediates/ParkEmpire/IntermediateBuildFilesPath/GoogleMobileAds.build/Release-iphoneos/GoogleMobileAdsTarget.build/Objects-normal/arm64/GoogleMobileAdsTarget.abi.json (in target 'GoogleMobileAdsTarget' from project 'GoogleMobileAds')
    cd /Users/runner/Library/Developer/Xcode/DerivedData/ParkEmpire-fpvmemtietdwcjgpjutgfnholqlg/SourcePackages/checkouts/swift-package-manager-google-mobile-ads
    builtin-copy -exclude .DS_Store -exclude CVS -exclude .svn -exclude .git -exclude .hg -strip-unsigned-binaries -strip-deterministic -strip-tool /Applications/Xcode_26.3.app/Contents/Developer/Toolchains/XcodeDefault.xctoolchain/usr/bin/strip -resolve-src-symlinks -rename /Users/runner/Library/Developer/Xcode/DerivedData/ParkEmpire-fpvmemtietdwcjgpjutgfnholqlg/Build/Intermediates.noindex/ArchiveIntermediates/ParkEmpire/IntermediateBuildFilesPath/GoogleMobileAds.build/Release-iphoneos/GoogleMobileAdsTarget.build/Objects-normal/arm64/GoogleMobileAdsTarget.abi.json /Users/runner/Library/Developer/Xcode/DerivedData/ParkEmpire-fpvmemtietdwcjgpjutgfnholqlg/Build/Intermediates.noindex/ArchiveIntermediates/ParkEmpire/BuildProductsPath/Release-iphoneos/GoogleMobileAdsTarget.swiftmodule/arm64-apple-ios.abi.json

Ld /Users/runner/Library/Developer/Xcode/DerivedData/ParkEmpire-fpvmemtietdwcjgpjutgfnholqlg/Build/Intermediates.noindex/ArchiveIntermediates/ParkEmpire/IntermediateBuildFilesPath/UninstalledProducts/iphoneos/GoogleMobileAdsTarget.o normal (in target 'GoogleMobileAdsTarget' from project 'GoogleMobileAds')
    cd /Users/runner/Library/Developer/Xcode/DerivedData/ParkEmpire-fpvmemtietdwcjgpjutgfnholqlg/SourcePackages/checkouts/swift-package-manager-google-mobile-ads
    /Applications/Xcode_26.3.app/Contents/Developer/Toolchains/XcodeDefault.xctoolchain/usr/bin/clang -Xlinker -reproducible -target arm64-apple-ios12.0 -r -isysroot /Applications/Xcode_26.3.app/Contents/Developer/Platforms/iPhoneOS.platform/Developer/SDKs/iPhoneOS26.2.sdk -Os -w -L/Users/runner/Library/Developer/Xcode/DerivedData/ParkEmpire-fpvmemtietdwcjgpjutgfnholqlg/Build/Intermediates.noindex/ArchiveIntermediates/ParkEmpire/IntermediateBuildFilesPath/EagerLinkingTBDs/Release-iphoneos -L/Users/runner/Library/Developer/Xcode/DerivedData/ParkEmpire-fpvmemtietdwcjgpjutgfnholqlg/Build/Intermediates.noindex/ArchiveIntermediates/ParkEmpire/BuildProductsPath/Release-iphoneos -L/Applications/Xcode_26.3.app/Contents/Developer/Platforms/iPhoneOS.platform/Developer/usr/lib -F/Users/runner/Library/Developer/Xcode/DerivedData/ParkEmpire-fpvmemtietdwcjgpjutgfnholqlg/Build/Intermediates.noindex/ArchiveIntermediates/ParkEmpire/IntermediateBuildFilesPath/EagerLinkingTBDs/Release-iphoneos -F/Users/runner/Library/Developer/Xcode/DerivedData/ParkEmpire-fpvmemtietdwcjgpjutgfnholqlg/Build/Intermediates.noindex/ArchiveIntermediates/ParkEmpire/BuildProductsPath/Release-iphoneos/PackageFrameworks -F/Users/runner/Library/Developer/Xcode/DerivedData/ParkEmpire-fpvmemtietdwcjgpjutgfnholqlg/Build/Intermediates.noindex/ArchiveIntermediates/ParkEmpire/BuildProductsPath/Release-iphoneos -iframework /Applications/Xcode_26.3.app/Contents/Developer/Platforms/iPhoneOS.platform/Developer/Library/Frameworks -iframework /Applications/Xcode_26.3.app/Contents/Developer/Platforms/iPhoneOS.platform/Developer/SDKs/iPhoneOS26.2.sdk/Developer/Library/Frameworks -filelist /Users/runner/Library/Developer/Xcode/DerivedData/ParkEmpire-fpvmemtietdwcjgpjutgfnholqlg/Build/Intermediates.noindex/ArchiveIntermediates/ParkEmpire/IntermediateBuildFilesPath/GoogleMobileAds.build/Release-iphoneos/GoogleMobileAdsTarget.build/Objects-normal/arm64/GoogleMobileAdsTarget.LinkFileList -nostdlib -Xlinker -object_path_lto -Xlinker /Users/runner/Library/Developer/Xcode/DerivedData/ParkEmpire-fpvmemtietdwcjgpjutgfnholqlg/Build/Intermediates.noindex/ArchiveIntermediates/ParkEmpire/IntermediateBuildFilesPath/GoogleMobileAds.build/Release-iphoneos/GoogleMobileAdsTarget.build/Objects-normal/arm64/GoogleMobileAdsTarget_lto.o -Xlinker -dependency_info -Xlinker /Users/runner/Library/Developer/Xcode/DerivedData/ParkEmpire-fpvmemtietdwcjgpjutgfnholqlg/Build/Intermediates.noindex/ArchiveIntermediates/ParkEmpire/IntermediateBuildFilesPath/GoogleMobileAds.build/Release-iphoneos/GoogleMobileAdsTarget.build/Objects-normal/arm64/GoogleMobileAdsTarget_dependency_info.dat -fobjc-link-runtime -L/Applications/Xcode_26.3.app/Contents/Developer/Toolchains/XcodeDefault.xctoolchain/usr/lib/swift/iphoneos -L/usr/lib/swift -Xlinker -add_ast_path -Xlinker /Users/runner/Library/Developer/Xcode/DerivedData/ParkEmpire-fpvmemtietdwcjgpjutgfnholqlg/Build/Intermediates.noindex/ArchiveIntermediates/ParkEmpire/IntermediateBuildFilesPath/GoogleMobileAds.build/Release-iphoneos/GoogleMobileAdsTarget.build/Objects-normal/arm64/GoogleMobileAdsTarget.swiftmodule @/Users/runner/Library/Developer/Xcode/DerivedData/ParkEmpire-fpvmemtietdwcjgpjutgfnholqlg/Build/Intermediates.noindex/ArchiveIntermediates/ParkEmpire/IntermediateBuildFilesPath/GoogleMobileAds.build/Release-iphoneos/GoogleMobileAdsTarget.build/Objects-normal/arm64/GoogleMobileAdsTarget-linker-args.resp -o /Users/runner/Library/Developer/Xcode/DerivedData/ParkEmpire-fpvmemtietdwcjgpjutgfnholqlg/Build/Intermediates.noindex/ArchiveIntermediates/ParkEmpire/IntermediateBuildFilesPath/UninstalledProducts/iphoneos/GoogleMobileAdsTarget.o

ProcessProductPackaging /Users/runner/Library/Developer/Xcode/UserData/Provisioning\ Profiles/ccc52812-a5a2-4394-9f94-927dd78c8787.mobileprovision /Users/runner/Library/Developer/Xcode/DerivedData/ParkEmpire-fpvmemtietdwcjgpjutgfnholqlg/Build/Intermediates.noindex/ArchiveIntermediates/ParkEmpire/InstallationBuildProductsLocation/Applications/ParkEmpire.app/embedded.mobileprovision (in target 'ParkEmpire' from project 'ParkEmpire')
    cd /Users/runner/work/Seven-Theme-Park/Seven-Theme-Park
    builtin-productPackagingUtility /Users/runner/Library/Developer/Xcode/UserData/Provisioning\ Profiles/ccc52812-a5a2-4394-9f94-927dd78c8787.mobileprovision -o /Users/runner/Library/Developer/Xcode/DerivedData/ParkEmpire-fpvmemtietdwcjgpjutgfnholqlg/Build/Intermediates.noindex/ArchiveIntermediates/ParkEmpire/InstallationBuildProductsLocation/Applications/ParkEmpire.app/embedded.mobileprovision

ProcessProductPackaging "" /Users/runner/Library/Developer/Xcode/DerivedData/ParkEmpire-fpvmemtietdwcjgpjutgfnholqlg/Build/Intermediates.noindex/ArchiveIntermediates/ParkEmpire/IntermediateBuildFilesPath/ParkEmpire.build/Release-iphoneos/ParkEmpire.build/ParkEmpire.app.xcent (in target 'ParkEmpire' from project 'ParkEmpire')
    cd /Users/runner/work/Seven-Theme-Park/Seven-Theme-Park
    
    Entitlements:
    
    {
    "application-identifier" = "7X49UN26T8.com.wickedstudios.wonderlot.7X49UN26T8";
    "com.apple.developer.team-identifier" = 7X49UN26T8;
    "get-task-allow" = 1;
}
    
    builtin-productPackagingUtility -entitlements -format xml -o /Users/runner/Library/Developer/Xcode/DerivedData/ParkEmpire-fpvmemtietdwcjgpjutgfnholqlg/Build/Intermediates.noindex/ArchiveIntermediates/ParkEmpire/IntermediateBuildFilesPath/ParkEmpire.build/Release-iphoneos/ParkEmpire.build/ParkEmpire.app.xcent

ProcessProductPackagingDER /Users/runner/Library/Developer/Xcode/DerivedData/ParkEmpire-fpvmemtietdwcjgpjutgfnholqlg/Build/Intermediates.noindex/ArchiveIntermediates/ParkEmpire/IntermediateBuildFilesPath/ParkEmpire.build/Release-iphoneos/ParkEmpire.build/ParkEmpire.app.xcent /Users/runner/Library/Developer/Xcode/DerivedData/ParkEmpire-fpvmemtietdwcjgpjutgfnholqlg/Build/Intermediates.noindex/ArchiveIntermediates/ParkEmpire/IntermediateBuildFilesPath/ParkEmpire.build/Release-iphoneos/ParkEmpire.build/ParkEmpire.app.xcent.der (in target 'ParkEmpire' from project 'ParkEmpire')
    cd /Users/runner/work/Seven-Theme-Park/Seven-Theme-Park
    /usr/bin/derq query -f xml -i /Users/runner/Library/Developer/Xcode/DerivedData/ParkEmpire-fpvmemtietdwcjgpjutgfnholqlg/Build/Intermediates.noindex/ArchiveIntermediates/ParkEmpire/IntermediateBuildFilesPath/ParkEmpire.build/Release-iphoneos/ParkEmpire.build/ParkEmpire.app.xcent -o /Users/runner/Library/Developer/Xcode/DerivedData/ParkEmpire-fpvmemtietdwcjgpjutgfnholqlg/Build/Intermediates.noindex/ArchiveIntermediates/ParkEmpire/IntermediateBuildFilesPath/ParkEmpire.build/Release-iphoneos/ParkEmpire.build/ParkEmpire.app.xcent.der --raw

MkDir /Users/runner/Library/Developer/Xcode/DerivedData/ParkEmpire-fpvmemtietdwcjgpjutgfnholqlg/Build/Intermediates.noindex/ArchiveIntermediates/ParkEmpire/IntermediateBuildFilesPath/ParkEmpire.build/Release-iphoneos/ParkEmpire.build/assetcatalog_output/unthinned (in target 'ParkEmpire' from project 'ParkEmpire')
    cd /Users/runner/work/Seven-Theme-Park/Seven-Theme-Park
    /bin/mkdir -p /Users/runner/Library/Developer/Xcode/DerivedData/ParkEmpire-fpvmemtietdwcjgpjutgfnholqlg/Build/Intermediates.noindex/ArchiveIntermediates/ParkEmpire/IntermediateBuildFilesPath/ParkEmpire.build/Release-iphoneos/ParkEmpire.build/assetcatalog_output/unthinned

MkDir /Users/runner/Library/Developer/Xcode/DerivedData/ParkEmpire-fpvmemtietdwcjgpjutgfnholqlg/Build/Intermediates.noindex/ArchiveIntermediates/ParkEmpire/IntermediateBuildFilesPath/ParkEmpire.build/Release-iphoneos/ParkEmpire.build/assetcatalog_output/thinned (in target 'ParkEmpire' from project 'ParkEmpire')
    cd /Users/runner/work/Seven-Theme-Park/Seven-Theme-Park
    /bin/mkdir -p /Users/runner/Library/Developer/Xcode/DerivedData/ParkEmpire-fpvmemtietdwcjgpjutgfnholqlg/Build/Intermediates.noindex/ArchiveIntermediates/ParkEmpire/IntermediateBuildFilesPath/ParkEmpire.build/Release-iphoneos/ParkEmpire.build/assetcatalog_output/thinned

GenerateAssetSymbols /Users/runner/work/Seven-Theme-Park/Seven-Theme-Park/ParkEmpire/Assets.xcassets (in target 'ParkEmpire' from project 'ParkEmpire')
    cd /Users/runner/work/Seven-Theme-Park/Seven-Theme-Park
    /Applications/Xcode_26.3.app/Contents/Developer/usr/bin/actool /Users/runner/work/Seven-Theme-Park/Seven-Theme-Park/ParkEmpire/Assets.xcassets --compile /Users/runner/Library/Developer/Xcode/DerivedData/ParkEmpire-fpvmemtietdwcjgpjutgfnholqlg/Build/Intermediates.noindex/ArchiveIntermediates/ParkEmpire/InstallationBuildProductsLocation/Applications/ParkEmpire.app --output-format human-readable-text --notices --warnings --export-dependency-info /Users/runner/Library/Developer/Xcode/DerivedData/ParkEmpire-fpvmemtietdwcjgpjutgfnholqlg/Build/Intermediates.noindex/ArchiveIntermediates/ParkEmpire/IntermediateBuildFilesPath/ParkEmpire.build/Release-iphoneos/ParkEmpire.build/assetcatalog_dependencies --output-partial-info-plist /Users/runner/Library/Developer/Xcode/DerivedData/ParkEmpire-fpvmemtietdwcjgpjutgfnholqlg/Build/Intermediates.noindex/ArchiveIntermediates/ParkEmpire/IntermediateBuildFilesPath/ParkEmpire.build/Release-iphoneos/ParkEmpire.build/assetcatalog_generated_info.plist --app-icon AppIcon --accent-color AccentColor --compress-pngs --enable-on-demand-resources YES --development-region en --target-device iphone --target-device ipad --minimum-deployment-target 15.0 --platform iphoneos --bundle-identifier com.wickedstudios.wonderlot.7X49UN26T8 --generate-swift-asset-symbol-extensions NO --generate-swift-asset-symbols /Users/runner/Library/Developer/Xcode/DerivedData/ParkEmpire-fpvmemtietdwcjgpjutgfnholqlg/Build/Intermediates.noindex/ArchiveIntermediates/ParkEmpire/IntermediateBuildFilesPath/ParkEmpire.build/Release-iphoneos/ParkEmpire.build/DerivedSources/GeneratedAssetSymbols.swift --generate-objc-asset-symbols /Users/runner/Library/Developer/Xcode/DerivedData/ParkEmpire-fpvmemtietdwcjgpjutgfnholqlg/Build/Intermediates.noindex/ArchiveIntermediates/ParkEmpire/IntermediateBuildFilesPath/ParkEmpire.build/Release-iphoneos/ParkEmpire.build/DerivedSources/GeneratedAssetSymbols.h --generate-asset-symbol-index /Users/runner/Library/Developer/Xcode/DerivedData/ParkEmpire-fpvmemtietdwcjgpjutgfnholqlg/Build/Intermediates.noindex/ArchiveIntermediates/ParkEmpire/IntermediateBuildFilesPath/ParkEmpire.build/Release-iphoneos/ParkEmpire.build/DerivedSources/GeneratedAssetSymbols-Index.plist
/* com.apple.actool.compilation-results */
/Users/runner/Library/Developer/Xcode/DerivedData/ParkEmpire-fpvmemtietdwcjgpjutgfnholqlg/Build/Intermediates.noindex/ArchiveIntermediates/ParkEmpire/IntermediateBuildFilesPath/ParkEmpire.build/Release-iphoneos/ParkEmpire.build/DerivedSources/GeneratedAssetSymbols-Index.plist
/Users/runner/Library/Developer/Xcode/DerivedData/ParkEmpire-fpvmemtietdwcjgpjutgfnholqlg/Build/Intermediates.noindex/ArchiveIntermediates/ParkEmpire/IntermediateBuildFilesPath/ParkEmpire.build/Release-iphoneos/ParkEmpire.build/DerivedSources/GeneratedAssetSymbols.h
/Users/runner/Library/Developer/Xcode/DerivedData/ParkEmpire-fpvmemtietdwcjgpjutgfnholqlg/Build/Intermediates.noindex/ArchiveIntermediates/ParkEmpire/IntermediateBuildFilesPath/ParkEmpire.build/Release-iphoneos/ParkEmpire.build/DerivedSources/GeneratedAssetSymbols.swift


CompileAssetCatalogVariant thinned /Users/runner/Library/Developer/Xcode/DerivedData/ParkEmpire-fpvmemtietdwcjgpjutgfnholqlg/Build/Intermediates.noindex/ArchiveIntermediates/ParkEmpire/InstallationBuildProductsLocation/Applications/ParkEmpire.app /Users/runner/work/Seven-Theme-Park/Seven-Theme-Park/ParkEmpire/Assets.xcassets (in target 'ParkEmpire' from project 'ParkEmpire')
    cd /Users/runner/work/Seven-Theme-Park/Seven-Theme-Park
    /Applications/Xcode_26.3.app/Contents/Developer/usr/bin/actool /Users/runner/work/Seven-Theme-Park/Seven-Theme-Park/ParkEmpire/Assets.xcassets --compile /Users/runner/Library/Developer/Xcode/DerivedData/ParkEmpire-fpvmemtietdwcjgpjutgfnholqlg/Build/Intermediates.noindex/ArchiveIntermediates/ParkEmpire/IntermediateBuildFilesPath/ParkEmpire.build/Release-iphoneos/ParkEmpire.build/assetcatalog_output/thinned --output-format human-readable-text --notices --warnings --export-dependency-info /Users/runner/Library/Developer/Xcode/DerivedData/ParkEmpire-fpvmemtietdwcjgpjutgfnholqlg/Build/Intermediates.noindex/ArchiveIntermediates/ParkEmpire/IntermediateBuildFilesPath/ParkEmpire.build/Release-iphoneos/ParkEmpire.build/assetcatalog_dependencies_thinned --output-partial-info-plist /Users/runner/Library/Developer/Xcode/DerivedData/ParkEmpire-fpvmemtietdwcjgpjutgfnholqlg/Build/Intermediates.noindex/ArchiveIntermediates/ParkEmpire/IntermediateBuildFilesPath/ParkEmpire.build/Release-iphoneos/ParkEmpire.build/assetcatalog_generated_info.plist_thinned --app-icon AppIcon --accent-color AccentColor --compress-pngs --enable-on-demand-resources YES --development-region en --target-device iphone --target-device ipad --minimum-deployment-target 15.0 --platform iphoneos
/* com.apple.actool.compilation-results */
/Users/runner/Library/Developer/Xcode/DerivedData/ParkEmpire-fpvmemtietdwcjgpjutgfnholqlg/Build/Intermediates.noindex/ArchiveIntermediates/ParkEmpire/IntermediateBuildFilesPath/ParkEmpire.build/Release-iphoneos/ParkEmpire.build/assetcatalog_generated_info.plist_thinned
/Users/runner/Library/Developer/Xcode/DerivedData/ParkEmpire-fpvmemtietdwcjgpjutgfnholqlg/Build/Intermediates.noindex/ArchiveIntermediates/ParkEmpire/IntermediateBuildFilesPath/ParkEmpire.build/Release-iphoneos/ParkEmpire.build/assetcatalog_output/thinned/AppIcon60x60@2x.png
/Users/runner/Library/Developer/Xcode/DerivedData/ParkEmpire-fpvmemtietdwcjgpjutgfnholqlg/Build/Intermediates.noindex/ArchiveIntermediates/ParkEmpire/IntermediateBuildFilesPath/ParkEmpire.build/Release-iphoneos/ParkEmpire.build/assetcatalog_output/thinned/AppIcon76x76@2x~ipad.png
/Users/runner/Library/Developer/Xcode/DerivedData/ParkEmpire-fpvmemtietdwcjgpjutgfnholqlg/Build/Intermediates.noindex/ArchiveIntermediates/ParkEmpire/IntermediateBuildFilesPath/ParkEmpire.build/Release-iphoneos/ParkEmpire.build/assetcatalog_output/thinned/Assets.car


ExtractAppIntentsMetadata (in target 'GoogleMobileAdsTarget' from project 'GoogleMobileAds')
    cd /Users/runner/Library/Developer/Xcode/DerivedData/ParkEmpire-fpvmemtietdwcjgpjutgfnholqlg/SourcePackages/checkouts/swift-package-manager-google-mobile-ads
    /Applications/Xcode_26.3.app/Contents/Developer/Toolchains/XcodeDefault.xctoolchain/usr/bin/appintentsmetadataprocessor --toolchain-dir /var/run/com.apple.security.cryptexd/mnt/com.apple.MobileAsset.MetalToolchain-v17.3.7003.10.sxkMMS/Metal.xctoolchain --module-name GoogleMobileAdsTarget --sdk-root /Applications/Xcode_26.3.app/Contents/Developer/Platforms/iPhoneOS.platform/Developer/SDKs/iPhoneOS26.2.sdk --xcode-version 17C529 --platform-family iOS --deployment-target 12.0 --bundle-identifier swift-package-manager-google-mobile-ads.GoogleMobileAdsTarget --output /Users/runner/Library/Developer/Xcode/DerivedData/ParkEmpire-fpvmemtietdwcjgpjutgfnholqlg/Build/Intermediates.noindex/ArchiveIntermediates/ParkEmpire/IntermediateBuildFilesPath/UninstalledProducts/iphoneos/GoogleMobileAdsTarget.appintents --target-triple arm64-apple-ios12.0 --binary-file /Users/runner/Library/Developer/Xcode/DerivedData/ParkEmpire-fpvmemtietdwcjgpjutgfnholqlg/Build/Intermediates.noindex/ArchiveIntermediates/ParkEmpire/IntermediateBuildFilesPath/UninstalledProducts/iphoneos/GoogleMobileAdsTarget.o --dependency-file /Users/runner/Library/Developer/Xcode/DerivedData/ParkEmpire-fpvmemtietdwcjgpjutgfnholqlg/Build/Intermediates.noindex/ArchiveIntermediates/ParkEmpire/IntermediateBuildFilesPath/GoogleMobileAds.build/Release-iphoneos/GoogleMobileAdsTarget.build/Objects-normal/arm64/GoogleMobileAdsTarget_dependency_info.dat --stringsdata-file /Users/runner/Library/Developer/Xcode/DerivedData/ParkEmpire-fpvmemtietdwcjgpjutgfnholqlg/Build/Intermediates.noindex/ArchiveIntermediates/ParkEmpire/IntermediateBuildFilesPath/GoogleMobileAds.build/Release-iphoneos/GoogleMobileAdsTarget.build/Objects-normal/arm64/ExtractedAppShortcutsMetadata.stringsdata --source-file-list /Users/runner/Library/Developer/Xcode/DerivedData/ParkEmpire-fpvmemtietdwcjgpjutgfnholqlg/Build/Intermediates.noindex/ArchiveIntermediates/ParkEmpire/IntermediateBuildFilesPath/GoogleMobileAds.build/Release-iphoneos/GoogleMobileAdsTarget.build/Objects-normal/arm64/GoogleMobileAdsTarget.SwiftFileList --metadata-file-list /Users/runner/Library/Developer/Xcode/DerivedData/ParkEmpire-fpvmemtietdwcjgpjutgfnholqlg/Build/Intermediates.noindex/ArchiveIntermediates/ParkEmpire/IntermediateBuildFilesPath/GoogleMobileAds.build/Release-iphoneos/GoogleMobileAdsTarget.build/GoogleMobileAdsTarget.DependencyMetadataFileList --static-metadata-file-list /Users/runner/Library/Developer/Xcode/DerivedData/ParkEmpire-fpvmemtietdwcjgpjutgfnholqlg/Build/Intermediates.noindex/ArchiveIntermediates/ParkEmpire/IntermediateBuildFilesPath/GoogleMobileAds.build/Release-iphoneos/GoogleMobileAdsTarget.build/GoogleMobileAdsTarget.DependencyStaticMetadataFileList --swift-const-vals-list /Users/runner/Library/Developer/Xcode/DerivedData/ParkEmpire-fpvmemtietdwcjgpjutgfnholqlg/Build/Intermediates.noindex/ArchiveIntermediates/ParkEmpire/IntermediateBuildFilesPath/GoogleMobileAds.build/Release-iphoneos/GoogleMobileAdsTarget.build/Objects-normal/arm64/GoogleMobileAdsTarget.SwiftConstValuesFileList --force --compile-time-extraction --deployment-aware-processing --validate-assistant-intents --no-app-shortcuts-localization
2026-09-17 03:45:49.992 appintentsmetadataprocessor[2941:12460] Starting appintentsmetadataprocessor export
2026-09-17 03:45:50.146 appintentsmetadataprocessor[2941:12460] Extracted no relevant App Intents symbols, skipping writing output

SetOwnerAndGroup runner:staff /Users/runner/Library/Developer/Xcode/DerivedData/ParkEmpire-fpvmemtietdwcjgpjutgfnholqlg/Build/Intermediates.noindex/ArchiveIntermediates/ParkEmpire/IntermediateBuildFilesPath/UninstalledProducts/iphoneos/GoogleMobileAdsTarget.o (in target 'GoogleMobileAdsTarget' from project 'GoogleMobileAds')
    cd /Users/runner/Library/Developer/Xcode/DerivedData/ParkEmpire-fpvmemtietdwcjgpjutgfnholqlg/SourcePackages/checkouts/swift-package-manager-google-mobile-ads
    /usr/sbin/chown -RH runner:staff /Users/runner/Library/Developer/Xcode/DerivedData/ParkEmpire-fpvmemtietdwcjgpjutgfnholqlg/Build/Intermediates.noindex/ArchiveIntermediates/ParkEmpire/IntermediateBuildFilesPath/UninstalledProducts/iphoneos/GoogleMobileAdsTarget.o

SetMode u+w,go-w,a+rX /Users/runner/Library/Developer/Xcode/DerivedData/ParkEmpire-fpvmemtietdwcjgpjutgfnholqlg/Build/Intermediates.noindex/ArchiveIntermediates/ParkEmpire/IntermediateBuildFilesPath/UninstalledProducts/iphoneos/GoogleMobileAdsTarget.o (in target 'GoogleMobileAdsTarget' from project 'GoogleMobileAds')
    cd /Users/runner/Library/Developer/Xcode/DerivedData/ParkEmpire-fpvmemtietdwcjgpjutgfnholqlg/SourcePackages/checkouts/swift-package-manager-google-mobile-ads
    /bin/chmod -RH u+w,go-w,a+rX /Users/runner/Library/Developer/Xcode/DerivedData/ParkEmpire-fpvmemtietdwcjgpjutgfnholqlg/Build/Intermediates.noindex/ArchiveIntermediates/ParkEmpire/IntermediateBuildFilesPath/UninstalledProducts/iphoneos/GoogleMobileAdsTarget.o

RegisterExecutionPolicyException /Users/runner/Library/Developer/Xcode/DerivedData/ParkEmpire-fpvmemtietdwcjgpjutgfnholqlg/Build/Intermediates.noindex/ArchiveIntermediates/ParkEmpire/IntermediateBuildFilesPath/UninstalledProducts/iphoneos/GoogleMobileAdsTarget.o (in target 'GoogleMobileAdsTarget' from project 'GoogleMobileAds')
    cd /Users/runner/Library/Developer/Xcode/DerivedData/ParkEmpire-fpvmemtietdwcjgpjutgfnholqlg/SourcePackages/checkouts/swift-package-manager-google-mobile-ads
    builtin-RegisterExecutionPolicyException /Users/runner/Library/Developer/Xcode/DerivedData/ParkEmpire-fpvmemtietdwcjgpjutgfnholqlg/Build/Intermediates.noindex/ArchiveIntermediates/ParkEmpire/IntermediateBuildFilesPath/UninstalledProducts/iphoneos/GoogleMobileAdsTarget.o

CpResource /Users/runner/Library/Developer/Xcode/DerivedData/ParkEmpire-fpvmemtietdwcjgpjutgfnholqlg/Build/Intermediates.noindex/ArchiveIntermediates/ParkEmpire/InstallationBuildProductsLocation/Applications/ParkEmpire.app/PrivacyInfo.xcprivacy /Users/runner/work/Seven-Theme-Park/Seven-Theme-Park/ParkEmpire/PrivacyInfo.xcprivacy (in target 'ParkEmpire' from project 'ParkEmpire')
    cd /Users/runner/work/Seven-Theme-Park/Seven-Theme-Park
    builtin-copy -exclude .DS_Store -exclude CVS -exclude .svn -exclude .git -exclude .hg -resolve-src-symlinks /Users/runner/work/Seven-Theme-Park/Seven-Theme-Park/ParkEmpire/PrivacyInfo.xcprivacy /Users/runner/Library/Developer/Xcode/DerivedData/ParkEmpire-fpvmemtietdwcjgpjutgfnholqlg/Build/Intermediates.noindex/ArchiveIntermediates/ParkEmpire/InstallationBuildProductsLocation/Applications/ParkEmpire.app

Copy /Users/runner/Library/Developer/Xcode/DerivedData/ParkEmpire-fpvmemtietdwcjgpjutgfnholqlg/Build/Intermediates.noindex/ArchiveIntermediates/ParkEmpire/InstallationBuildProductsLocation/Applications/ParkEmpire.app/Frameworks/UserMessagingPlatform.framework /Users/runner/Library/Developer/Xcode/DerivedData/ParkEmpire-fpvmemtietdwcjgpjutgfnholqlg/SourcePackages/artifacts/swift-package-manager-google-user-messaging-platform/UserMessagingPlatform/UserMessagingPlatform.xcframework/ios-arm64/UserMessagingPlatform.framework (in target 'ParkEmpire' from project 'ParkEmpire')
    cd /Users/runner/work/Seven-Theme-Park/Seven-Theme-Park
    builtin-copy -exclude .DS_Store -exclude CVS -exclude .svn -exclude .git -exclude .hg -exclude Headers -exclude PrivateHeaders -exclude Modules -exclude \*.tbd -bitcode-strip all -bitcode-strip-tool /Applications/Xcode_26.3.app/Contents/Developer/Toolchains/XcodeDefault.xctoolchain/usr/bin/bitcode_strip -resolve-src-symlinks -remove-static-executable /Users/runner/Library/Developer/Xcode/DerivedData/ParkEmpire-fpvmemtietdwcjgpjutgfnholqlg/SourcePackages/artifacts/swift-package-manager-google-user-messaging-platform/UserMessagingPlatform/UserMessagingPlatform.xcframework/ios-arm64/UserMessagingPlatform.framework /Users/runner/Library/Developer/Xcode/DerivedData/ParkEmpire-fpvmemtietdwcjgpjutgfnholqlg/Build/Intermediates.noindex/ArchiveIntermediates/ParkEmpire/InstallationBuildProductsLocation/Applications/ParkEmpire.app/Frameworks
note: Injecting stub binary into codeless framework (in target 'ParkEmpire' from project 'ParkEmpire')
    /Applications/Xcode_26.3.app/Contents/Developer/Toolchains/XcodeDefault.xctoolchain/usr/bin/clang -isysroot /Applications/Xcode_26.3.app/Contents/Developer/Platforms/iPhoneOS.platform/Developer/SDKs/iPhoneOS26.2.sdk -x c -c /dev/null -target arm64-apple-ios100.0 -o /private/var/folders/nj/vtw8zd2j31d1gdrtntc5y4600000gn/T/swbuild.tmp.6pGy9UTZ/Data.noindex/arm64-apple.o
    /Applications/Xcode_26.3.app/Contents/Developer/Toolchains/XcodeDefault.xctoolchain/usr/bin/clang -isysroot /Applications/Xcode_26.3.app/Contents/Developer/Platforms/iPhoneOS.platform/Developer/SDKs/iPhoneOS26.2.sdk -dynamiclib -Xlinker -adhoc_codesign -target arm64-apple-ios100.0 -o /private/var/folders/nj/vtw8zd2j31d1gdrtntc5y4600000gn/T/swbuild.tmp.6pGy9UTZ/Data.noindex/arm64-apple /private/var/folders/nj/vtw8zd2j31d1gdrtntc5y4600000gn/T/swbuild.tmp.6pGy9UTZ/Data.noindex/arm64-apple.o
    /Applications/Xcode_26.3.app/Contents/Developer/Toolchains/XcodeDefault.xctoolchain/usr/bin/lipo -create -output /Users/runner/Library/Developer/Xcode/DerivedData/ParkEmpire-fpvmemtietdwcjgpjutgfnholqlg/Build/Intermediates.noindex/ArchiveIntermediates/ParkEmpire/InstallationBuildProductsLocation/Applications/ParkEmpire.app/Frameworks/UserMessagingPlatform.framework/UserMessagingPlatform /private/var/folders/nj/vtw8zd2j31d1gdrtntc5y4600000gn/T/swbuild.tmp.6pGy9UTZ/Data.noindex/arm64-apple

Copy /Users/runner/Library/Developer/Xcode/DerivedData/ParkEmpire-fpvmemtietdwcjgpjutgfnholqlg/Build/Intermediates.noindex/ArchiveIntermediates/ParkEmpire/InstallationBuildProductsLocation/Applications/ParkEmpire.app/Frameworks/GoogleMobileAds.framework /Users/runner/Library/Developer/Xcode/DerivedData/ParkEmpire-fpvmemtietdwcjgpjutgfnholqlg/SourcePackages/artifacts/swift-package-manager-google-mobile-ads/GoogleMobileAds/GoogleMobileAds.xcframework/ios-arm64/GoogleMobileAds.framework (in target 'ParkEmpire' from project 'ParkEmpire')
    cd /Users/runner/work/Seven-Theme-Park/Seven-Theme-Park
    builtin-copy -exclude .DS_Store -exclude CVS -exclude .svn -exclude .git -exclude .hg -exclude Headers -exclude PrivateHeaders -exclude Modules -exclude \*.tbd -bitcode-strip all -bitcode-strip-tool /Applications/Xcode_26.3.app/Contents/Developer/Toolchains/XcodeDefault.xctoolchain/usr/bin/bitcode_strip -resolve-src-symlinks -remove-static-executable /Users/runner/Library/Developer/Xcode/DerivedData/ParkEmpire-fpvmemtietdwcjgpjutgfnholqlg/SourcePackages/artifacts/swift-package-manager-google-mobile-ads/GoogleMobileAds/GoogleMobileAds.xcframework/ios-arm64/GoogleMobileAds.framework /Users/runner/Library/Developer/Xcode/DerivedData/ParkEmpire-fpvmemtietdwcjgpjutgfnholqlg/Build/Intermediates.noindex/ArchiveIntermediates/ParkEmpire/InstallationBuildProductsLocation/Applications/ParkEmpire.app/Frameworks
note: Injecting stub binary into codeless framework (in target 'ParkEmpire' from project 'ParkEmpire')
    /Applications/Xcode_26.3.app/Contents/Developer/Toolchains/XcodeDefault.xctoolchain/usr/bin/clang -isysroot /Applications/Xcode_26.3.app/Contents/Developer/Platforms/iPhoneOS.platform/Developer/SDKs/iPhoneOS26.2.sdk -x c -c /dev/null -target arm64-apple-ios100.0 -o /private/var/folders/nj/vtw8zd2j31d1gdrtntc5y4600000gn/T/swbuild.tmp.87ZV9Uj6/Data.noindex/arm64-apple.o
    /Applications/Xcode_26.3.app/Contents/Developer/Toolchains/XcodeDefault.xctoolchain/usr/bin/clang -isysroot /Applications/Xcode_26.3.app/Contents/Developer/Platforms/iPhoneOS.platform/Developer/SDKs/iPhoneOS26.2.sdk -dynamiclib -Xlinker -adhoc_codesign -target arm64-apple-ios100.0 -o /private/var/folders/nj/vtw8zd2j31d1gdrtntc5y4600000gn/T/swbuild.tmp.87ZV9Uj6/Data.noindex/arm64-apple /private/var/folders/nj/vtw8zd2j31d1gdrtntc5y4600000gn/T/swbuild.tmp.87ZV9Uj6/Data.noindex/arm64-apple.o
    /Applications/Xcode_26.3.app/Contents/Developer/Toolchains/XcodeDefault.xctoolchain/usr/bin/lipo -create -output /Users/runner/Library/Developer/Xcode/DerivedData/ParkEmpire-fpvmemtietdwcjgpjutgfnholqlg/Build/Intermediates.noindex/ArchiveIntermediates/ParkEmpire/InstallationBuildProductsLocation/Applications/ParkEmpire.app/Frameworks/GoogleMobileAds.framework/GoogleMobileAds /private/var/folders/nj/vtw8zd2j31d1gdrtntc5y4600000gn/T/swbuild.tmp.87ZV9Uj6/Data.noindex/arm64-apple

CodeSign /Users/runner/Library/Developer/Xcode/DerivedData/ParkEmpire-fpvmemtietdwcjgpjutgfnholqlg/Build/Intermediates.noindex/ArchiveIntermediates/ParkEmpire/InstallationBuildProductsLocation/Applications/ParkEmpire.app/Frameworks/UserMessagingPlatform.framework (in target 'ParkEmpire' from project 'ParkEmpire')
    cd /Users/runner/work/Seven-Theme-Park/Seven-Theme-Park
    
    Signing Identity:     "Apple Development: Created via API (F9UWGC85WY)"
    Provisioning Profile: "iOS Team Provisioning Profile: com.wickedstudios.wonderlot.7X49UN26T8"
                          (ccc52812-a5a2-4394-9f94-927dd78c8787)
    
    /usr/bin/codesign --force --sign 7691647C2057D501FD2D348DEC1915B5D7D3BCCD --keychain /Users/runner/work/_temp/build.keychain-db --preserve-metadata\=identifier,entitlements,flags --generate-entitlement-der /Users/runner/Library/Developer/Xcode/DerivedData/ParkEmpire-fpvmemtietdwcjgpjutgfnholqlg/Build/Intermediates.noindex/ArchiveIntermediates/ParkEmpire/InstallationBuildProductsLocation/Applications/ParkEmpire.app/Frameworks/UserMessagingPlatform.framework
/Users/runner/Library/Developer/Xcode/DerivedData/ParkEmpire-fpvmemtietdwcjgpjutgfnholqlg/Build/Intermediates.noindex/ArchiveIntermediates/ParkEmpire/InstallationBuildProductsLocation/Applications/ParkEmpire.app/Frameworks/UserMessagingPlatform.framework: replacing existing signature

CodeSign /Users/runner/Library/Developer/Xcode/DerivedData/ParkEmpire-fpvmemtietdwcjgpjutgfnholqlg/Build/Intermediates.noindex/ArchiveIntermediates/ParkEmpire/InstallationBuildProductsLocation/Applications/ParkEmpire.app/Frameworks/GoogleMobileAds.framework (in target 'ParkEmpire' from project 'ParkEmpire')
    cd /Users/runner/work/Seven-Theme-Park/Seven-Theme-Park
    
    Signing Identity:     "Apple Development: Created via API (F9UWGC85WY)"
    Provisioning Profile: "iOS Team Provisioning Profile: com.wickedstudios.wonderlot.7X49UN26T8"
                          (ccc52812-a5a2-4394-9f94-927dd78c8787)
    
    /usr/bin/codesign --force --sign 7691647C2057D501FD2D348DEC1915B5D7D3BCCD --keychain /Users/runner/work/_temp/build.keychain-db --preserve-metadata\=identifier,entitlements,flags --generate-entitlement-der /Users/runner/Library/Developer/Xcode/DerivedData/ParkEmpire-fpvmemtietdwcjgpjutgfnholqlg/Build/Intermediates.noindex/ArchiveIntermediates/ParkEmpire/InstallationBuildProductsLocation/Applications/ParkEmpire.app/Frameworks/GoogleMobileAds.framework
/Users/runner/Library/Developer/Xcode/DerivedData/ParkEmpire-fpvmemtietdwcjgpjutgfnholqlg/Build/Intermediates.noindex/ArchiveIntermediates/ParkEmpire/InstallationBuildProductsLocation/Applications/ParkEmpire.app/Frameworks/GoogleMobileAds.framework: replacing existing signature

SwiftDriver ParkEmpire normal arm64 com.apple.xcode.tools.swift.compiler (in target 'ParkEmpire' from project 'ParkEmpire')
    cd /Users/runner/work/Seven-Theme-Park/Seven-Theme-Park
    builtin-SwiftDriver -- /Applications/Xcode_26.3.app/Contents/Developer/Toolchains/XcodeDefault.xctoolchain/usr/bin/swiftc -module-name ParkEmpire -O -whole-module-optimization -enforce-exclusivity\=checked @/Users/runner/Library/Developer/Xcode/DerivedData/ParkEmpire-fpvmemtietdwcjgpjutgfnholqlg/Build/Intermediates.noindex/ArchiveIntermediates/ParkEmpire/IntermediateBuildFilesPath/ParkEmpire.build/Release-iphoneos/ParkEmpire.build/Objects-normal/arm64/ParkEmpire.SwiftFileList -Xcc -fmodule-map-file\=/Users/runner/Library/Developer/Xcode/DerivedData/ParkEmpire-fpvmemtietdwcjgpjutgfnholqlg/Build/Intermediates.noindex/ArchiveIntermediates/ParkEmpire/IntermediateBuildFilesPath/GeneratedModuleMaps-iphoneos/UserMessagingPlatformTarget.modulemap -enable-bare-slash-regex -enable-experimental-feature DebugDescriptionMacro -sdk /Applications/Xcode_26.3.app/Contents/Developer/Platforms/iPhoneOS.platform/Developer/SDKs/iPhoneOS26.2.sdk -target arm64-apple-ios15.0 -g -module-cache-path /Users/runner/Library/Developer/Xcode/DerivedData/ModuleCache.noindex -Xfrontend -serialize-debugging-options -swift-version 5 -I /Users/runner/Library/Developer/Xcode/DerivedData/ParkEmpire-fpvmemtietdwcjgpjutgfnholqlg/Build/Intermediates.noindex/ArchiveIntermediates/ParkEmpire/BuildProductsPath/Release-iphoneos -F /Users/runner/Library/Developer/Xcode/DerivedData/ParkEmpire-fpvmemtietdwcjgpjutgfnholqlg/Build/Intermediates.noindex/ArchiveIntermediates/ParkEmpire/BuildProductsPath/Release-iphoneos/PackageFrameworks -F /Users/runner/Library/Developer/Xcode/DerivedData/ParkEmpire-fpvmemtietdwcjgpjutgfnholqlg/Build/Intermediates.noindex/ArchiveIntermediates/ParkEmpire/BuildProductsPath/Release-iphoneos/PackageFrameworks -F /Users/runner/Library/Developer/Xcode/DerivedData/ParkEmpire-fpvmemtietdwcjgpjutgfnholqlg/Build/Intermediates.noindex/ArchiveIntermediates/ParkEmpire/BuildProductsPath/Release-iphoneos -emit-localized-strings -emit-localized-strings-path /Users/runner/Library/Developer/Xcode/DerivedData/ParkEmpire-fpvmemtietdwcjgpjutgfnholqlg/Build/Intermediates.noindex/ArchiveIntermediates/ParkEmpire/IntermediateBuildFilesPath/ParkEmpire.build/Release-iphoneos/ParkEmpire.build/Objects-normal/arm64 -c -num-threads 3 -Xcc -ivfsstatcache -Xcc /Users/runner/Library/Developer/Xcode/DerivedData/SDKStatCaches.noindex/iphoneos26.2-23C57-dc75598d0054f22ec865fa860f139d722dd23b4ebda140f7210d155ff1243552.sdkstatcache -output-file-map /Users/runner/Library/Developer/Xcode/DerivedData/ParkEmpire-fpvmemtietdwcjgpjutgfnholqlg/Build/Intermediates.noindex/ArchiveIntermediates/ParkEmpire/IntermediateBuildFilesPath/ParkEmpire.build/Release-iphoneos/ParkEmpire.build/Objects-normal/arm64/ParkEmpire-OutputFileMap.json -use-frontend-parseable-output -save-temps -no-color-diagnostics -explicit-module-build -module-cache-path /Users/runner/Library/Developer/Xcode/DerivedData/ParkEmpire-fpvmemtietdwcjgpjutgfnholqlg/Build/Intermediates.noindex/ArchiveIntermediates/ParkEmpire/IntermediateBuildFilesPath/SwiftExplicitPrecompiledModules -clang-scanner-module-cache-path /Users/runner/Library/Developer/Xcode/DerivedData/ModuleCache.noindex -sdk-module-cache-path /Users/runner/Library/Developer/Xcode/DerivedData/ModuleCache.noindex -serialize-diagnostics -emit-dependencies -emit-module -emit-module-path /Users/runner/Library/Developer/Xcode/DerivedData/ParkEmpire-fpvmemtietdwcjgpjutgfnholqlg/Build/Intermediates.noindex/ArchiveIntermediates/ParkEmpire/IntermediateBuildFilesPath/ParkEmpire.build/Release-iphoneos/ParkEmpire.build/Objects-normal/arm64/ParkEmpire.swiftmodule -validate-clang-modules-once -clang-build-session-file /Users/runner/Library/Developer/Xcode/DerivedData/ModuleCache.noindex/Session.modulevalidation -Xcc -I/Users/runner/Library/Developer/Xcode/DerivedData/ParkEmpire-fpvmemtietdwcjgpjutgfnholqlg/Build/Intermediates.noindex/ArchiveIntermediates/ParkEmpire/IntermediateBuildFilesPath/ParkEmpire.build/Release-iphoneos/ParkEmpire.build/swift-overrides.hmap -emit-const-values -Xfrontend -const-gather-protocols-file -Xfrontend /Users/runner/Library/Developer/Xcode/DerivedData/ParkEmpire-fpvmemtietdwcjgpjutgfnholqlg/Build/Intermediates.noindex/ArchiveIntermediates/ParkEmpire/IntermediateBuildFilesPath/ParkEmpire.build/Release-iphoneos/ParkEmpire.build/Objects-normal/arm64/ParkEmpire_const_extract_protocols.json -Xcc -iquote -Xcc /Users/runner/Library/Developer/Xcode/DerivedData/ParkEmpire-fpvmemtietdwcjgpjutgfnholqlg/Build/Intermediates.noindex/ArchiveIntermediates/ParkEmpire/IntermediateBuildFilesPath/ParkEmpire.build/Release-iphoneos/ParkEmpire.build/ParkEmpire-generated-files.hmap -Xcc -I/Users/runner/Library/Developer/Xcode/DerivedData/ParkEmpire-fpvmemtietdwcjgpjutgfnholqlg/Build/Intermediates.noindex/ArchiveIntermediates/ParkEmpire/IntermediateBuildFilesPath/ParkEmpire.build/Release-iphoneos/ParkEmpire.build/ParkEmpire-own-target-headers.hmap -Xcc -I/Users/runner/Library/Developer/Xcode/DerivedData/ParkEmpire-fpvmemtietdwcjgpjutgfnholqlg/Build/Intermediates.noindex/ArchiveIntermediates/ParkEmpire/IntermediateBuildFilesPath/ParkEmpire.build/Release-iphoneos/ParkEmpire.build/ParkEmpire-all-non-framework-target-headers.hmap -Xcc -ivfsoverlay -Xcc /Users/runner/Library/Developer/Xcode/DerivedData/ParkEmpire-fpvmemtietdwcjgpjutgfnholqlg/Build/Intermediates.noindex/ArchiveIntermediates/ParkEmpire/IntermediateBuildFilesPath/ParkEmpire.build/Release-iphoneos/ParkEmpire-29670ae6b33e365cba363b65a636c35e-VFS-iphoneos/all-product-headers.yaml -Xcc -iquote -Xcc /Users/runner/Library/Developer/Xcode/DerivedData/ParkEmpire-fpvmemtietdwcjgpjutgfnholqlg/Build/Intermediates.noindex/ArchiveIntermediates/ParkEmpire/IntermediateBuildFilesPath/ParkEmpire.build/Release-iphoneos/ParkEmpire.build/ParkEmpire-project-headers.hmap -Xcc -I/Users/runner/Library/Developer/Xcode/DerivedData/ParkEmpire-fpvmemtietdwcjgpjutgfnholqlg/SourcePackages/checkouts/swift-package-manager-google-user-messaging-platform/UserMessagingPlatformTarget/include -Xcc -I/Users/runner/Library/Developer/Xcode/DerivedData/ParkEmpire-fpvmemtietdwcjgpjutgfnholqlg/Build/Intermediates.noindex/ArchiveIntermediates/ParkEmpire/BuildProductsPath/Release-iphoneos/include -Xcc -I/Users/runner/Library/Developer/Xcode/DerivedData/ParkEmpire-fpvmemtietdwcjgpjutgfnholqlg/Build/Intermediates.noindex/ArchiveIntermediates/ParkEmpire/IntermediateBuildFilesPath/ParkEmpire.build/Release-iphoneos/ParkEmpire.build/DerivedSources-normal/arm64 -Xcc -I/Users/runner/Library/Developer/Xcode/DerivedData/ParkEmpire-fpvmemtietdwcjgpjutgfnholqlg/Build/Intermediates.noindex/ArchiveIntermediates/ParkEmpire/IntermediateBuildFilesPath/ParkEmpire.build/Release-iphoneos/ParkEmpire.build/DerivedSources/arm64 -Xcc -I/Users/runner/Library/Developer/Xcode/DerivedData/ParkEmpire-fpvmemtietdwcjgpjutgfnholqlg/Build/Intermediates.noindex/ArchiveIntermediates/ParkEmpire/IntermediateBuildFilesPath/ParkEmpire.build/Release-iphoneos/ParkEmpire.build/DerivedSources -emit-objc-header -emit-objc-header-path /Users/runner/Library/Developer/Xcode/DerivedData/ParkEmpire-fpvmemtietdwcjgpjutgfnholqlg/Build/Intermediates.noindex/ArchiveIntermediates/ParkEmpire/IntermediateBuildFilesPath/ParkEmpire.build/Release-iphoneos/ParkEmpire.build/Objects-normal/arm64/ParkEmpire-Swift.h -working-directory /Users/runner/work/Seven-Theme-Park/Seven-Theme-Park -no-emit-module-separately-wmo

SwiftDriver\ Compilation ParkEmpire normal arm64 com.apple.xcode.tools.swift.compiler (in target 'ParkEmpire' from project 'ParkEmpire')
    cd /Users/runner/work/Seven-Theme-Park/Seven-Theme-Park
    builtin-Swift-Compilation -- /Applications/Xcode_26.3.app/Contents/Developer/Toolchains/XcodeDefault.xctoolchain/usr/bin/swiftc -module-name ParkEmpire -O -whole-module-optimization -enforce-exclusivity\=checked @/Users/runner/Library/Developer/Xcode/DerivedData/ParkEmpire-fpvmemtietdwcjgpjutgfnholqlg/Build/Intermediates.noindex/ArchiveIntermediates/ParkEmpire/IntermediateBuildFilesPath/ParkEmpire.build/Release-iphoneos/ParkEmpire.build/Objects-normal/arm64/ParkEmpire.SwiftFileList -Xcc -fmodule-map-file\=/Users/runner/Library/Developer/Xcode/DerivedData/ParkEmpire-fpvmemtietdwcjgpjutgfnholqlg/Build/Intermediates.noindex/ArchiveIntermediates/ParkEmpire/IntermediateBuildFilesPath/GeneratedModuleMaps-iphoneos/UserMessagingPlatformTarget.modulemap -enable-bare-slash-regex -enable-experimental-feature DebugDescriptionMacro -sdk /Applications/Xcode_26.3.app/Contents/Developer/Platforms/iPhoneOS.platform/Developer/SDKs/iPhoneOS26.2.sdk -target arm64-apple-ios15.0 -g -module-cache-path /Users/runner/Library/Developer/Xcode/DerivedData/ModuleCache.noindex -Xfrontend -serialize-debugging-options -swift-version 5 -I /Users/runner/Library/Developer/Xcode/DerivedData/ParkEmpire-fpvmemtietdwcjgpjutgfnholqlg/Build/Intermediates.noindex/ArchiveIntermediates/ParkEmpire/BuildProductsPath/Release-iphoneos -F /Users/runner/Library/Developer/Xcode/DerivedData/ParkEmpire-fpvmemtietdwcjgpjutgfnholqlg/Build/Intermediates.noindex/ArchiveIntermediates/ParkEmpire/BuildProductsPath/Release-iphoneos/PackageFrameworks -F /Users/runner/Library/Developer/Xcode/DerivedData/ParkEmpire-fpvmemtietdwcjgpjutgfnholqlg/Build/Intermediates.noindex/ArchiveIntermediates/ParkEmpire/BuildProductsPath/Release-iphoneos/PackageFrameworks -F /Users/runner/Library/Developer/Xcode/DerivedData/ParkEmpire-fpvmemtietdwcjgpjutgfnholqlg/Build/Intermediates.noindex/ArchiveIntermediates/ParkEmpire/BuildProductsPath/Release-iphoneos -emit-localized-strings -emit-localized-strings-path /Users/runner/Library/Developer/Xcode/DerivedData/ParkEmpire-fpvmemtietdwcjgpjutgfnholqlg/Build/Intermediates.noindex/ArchiveIntermediates/ParkEmpire/IntermediateBuildFilesPath/ParkEmpire.build/Release-iphoneos/ParkEmpire.build/Objects-normal/arm64 -c -num-threads 3 -Xcc -ivfsstatcache -Xcc /Users/runner/Library/Developer/Xcode/DerivedData/SDKStatCaches.noindex/iphoneos26.2-23C57-dc75598d0054f22ec865fa860f139d722dd23b4ebda140f7210d155ff1243552.sdkstatcache -output-file-map /Users/runner/Library/Developer/Xcode/DerivedData/ParkEmpire-fpvmemtietdwcjgpjutgfnholqlg/Build/Intermediates.noindex/ArchiveIntermediates/ParkEmpire/IntermediateBuildFilesPath/ParkEmpire.build/Release-iphoneos/ParkEmpire.build/Objects-normal/arm64/ParkEmpire-OutputFileMap.json -use-frontend-parseable-output -save-temps -no-color-diagnostics -explicit-module-build -module-cache-path /Users/runner/Library/Developer/Xcode/DerivedData/ParkEmpire-fpvmemtietdwcjgpjutgfnholqlg/Build/Intermediates.noindex/ArchiveIntermediates/ParkEmpire/IntermediateBuildFilesPath/SwiftExplicitPrecompiledModules -clang-scanner-module-cache-path /Users/runner/Library/Developer/Xcode/DerivedData/ModuleCache.noindex -sdk-module-cache-path /Users/runner/Library/Developer/Xcode/DerivedData/ModuleCache.noindex -serialize-diagnostics -emit-dependencies -emit-module -emit-module-path /Users/runner/Library/Developer/Xcode/DerivedData/ParkEmpire-fpvmemtietdwcjgpjutgfnholqlg/Build/Intermediates.noindex/ArchiveIntermediates/ParkEmpire/IntermediateBuildFilesPath/ParkEmpire.build/Release-iphoneos/ParkEmpire.build/Objects-normal/arm64/ParkEmpire.swiftmodule -validate-clang-modules-once -clang-build-session-file /Users/runner/Library/Developer/Xcode/DerivedData/ModuleCache.noindex/Session.modulevalidation -Xcc -I/Users/runner/Library/Developer/Xcode/DerivedData/ParkEmpire-fpvmemtietdwcjgpjutgfnholqlg/Build/Intermediates.noindex/ArchiveIntermediates/ParkEmpire/IntermediateBuildFilesPath/ParkEmpire.build/Release-iphoneos/ParkEmpire.build/swift-overrides.hmap -emit-const-values -Xfrontend -const-gather-protocols-file -Xfrontend /Users/runner/Library/Developer/Xcode/DerivedData/ParkEmpire-fpvmemtietdwcjgpjutgfnholqlg/Build/Intermediates.noindex/ArchiveIntermediates/ParkEmpire/IntermediateBuildFilesPath/ParkEmpire.build/Release-iphoneos/ParkEmpire.build/Objects-normal/arm64/ParkEmpire_const_extract_protocols.json -Xcc -iquote -Xcc /Users/runner/Library/Developer/Xcode/DerivedData/ParkEmpire-fpvmemtietdwcjgpjutgfnholqlg/Build/Intermediates.noindex/ArchiveIntermediates/ParkEmpire/IntermediateBuildFilesPath/ParkEmpire.build/Release-iphoneos/ParkEmpire.build/ParkEmpire-generated-files.hmap -Xcc -I/Users/runner/Library/Developer/Xcode/DerivedData/ParkEmpire-fpvmemtietdwcjgpjutgfnholqlg/Build/Intermediates.noindex/ArchiveIntermediates/ParkEmpire/IntermediateBuildFilesPath/ParkEmpire.build/Release-iphoneos/ParkEmpire.build/ParkEmpire-own-target-headers.hmap -Xcc -I/Users/runner/Library/Developer/Xcode/DerivedData/ParkEmpire-fpvmemtietdwcjgpjutgfnholqlg/Build/Intermediates.noindex/ArchiveIntermediates/ParkEmpire/IntermediateBuildFilesPath/ParkEmpire.build/Release-iphoneos/ParkEmpire.build/ParkEmpire-all-non-framework-target-headers.hmap -Xcc -ivfsoverlay -Xcc /Users/runner/Library/Developer/Xcode/DerivedData/ParkEmpire-fpvmemtietdwcjgpjutgfnholqlg/Build/Intermediates.noindex/ArchiveIntermediates/ParkEmpire/IntermediateBuildFilesPath/ParkEmpire.build/Release-iphoneos/ParkEmpire-29670ae6b33e365cba363b65a636c35e-VFS-iphoneos/all-product-headers.yaml -Xcc -iquote -Xcc /Users/runner/Library/Developer/Xcode/DerivedData/ParkEmpire-fpvmemtietdwcjgpjutgfnholqlg/Build/Intermediates.noindex/ArchiveIntermediates/ParkEmpire/IntermediateBuildFilesPath/ParkEmpire.build/Release-iphoneos/ParkEmpire.build/ParkEmpire-project-headers.hmap -Xcc -I/Users/runner/Library/Developer/Xcode/DerivedData/ParkEmpire-fpvmemtietdwcjgpjutgfnholqlg/SourcePackages/checkouts/swift-package-manager-google-user-messaging-platform/UserMessagingPlatformTarget/include -Xcc -I/Users/runner/Library/Developer/Xcode/DerivedData/ParkEmpire-fpvmemtietdwcjgpjutgfnholqlg/Build/Intermediates.noindex/ArchiveIntermediates/ParkEmpire/BuildProductsPath/Release-iphoneos/include -Xcc -I/Users/runner/Library/Developer/Xcode/DerivedData/ParkEmpire-fpvmemtietdwcjgpjutgfnholqlg/Build/Intermediates.noindex/ArchiveIntermediates/ParkEmpire/IntermediateBuildFilesPath/ParkEmpire.build/Release-iphoneos/ParkEmpire.build/DerivedSources-normal/arm64 -Xcc -I/Users/runner/Library/Developer/Xcode/DerivedData/ParkEmpire-fpvmemtietdwcjgpjutgfnholqlg/Build/Intermediates.noindex/ArchiveIntermediates/ParkEmpire/IntermediateBuildFilesPath/ParkEmpire.build/Release-iphoneos/ParkEmpire.build/DerivedSources/arm64 -Xcc -I/Users/runner/Library/Developer/Xcode/DerivedData/ParkEmpire-fpvmemtietdwcjgpjutgfnholqlg/Build/Intermediates.noindex/ArchiveIntermediates/ParkEmpire/IntermediateBuildFilesPath/ParkEmpire.build/Release-iphoneos/ParkEmpire.build/DerivedSources -emit-objc-header -emit-objc-header-path /Users/runner/Library/Developer/Xcode/DerivedData/ParkEmpire-fpvmemtietdwcjgpjutgfnholqlg/Build/Intermediates.noindex/ArchiveIntermediates/ParkEmpire/IntermediateBuildFilesPath/ParkEmpire.build/Release-iphoneos/ParkEmpire.build/Objects-normal/arm64/ParkEmpire-Swift.h -working-directory /Users/runner/work/Seven-Theme-Park/Seven-Theme-Park -no-emit-module-separately-wmo

SwiftExplicitDependencyGeneratePcm arm64 /Users/runner/Library/Developer/Xcode/DerivedData/ModuleCache.noindex/_Builtin_stdbool-1LLN5I6AFV2FB1ULCXWW6LIU2.pcm

SwiftExplicitDependencyGeneratePcm arm64 /Users/runner/Library/Developer/Xcode/DerivedData/ModuleCache.noindex/DeveloperToolsSupport-D568ZZV5GGF0HFGCU6IJBWL0Y.pcm

SwiftExplicitDependencyGeneratePcm arm64 /Users/runner/Library/Developer/Xcode/DerivedData/ModuleCache.noindex/_SwiftConcurrencyShims-5M2E6NYWF7WHRNPE9M3NRLZH0.pcm

SwiftExplicitDependencyGeneratePcm arm64 /Users/runner/Library/Developer/Xcode/DerivedData/ModuleCache.noindex/_Builtin_stdarg-57H4QFD9B934F5ZYBYG28698J.pcm

SwiftExplicitDependencyGeneratePcm arm64 /Users/runner/Library/Developer/Xcode/DerivedData/ModuleCache.noindex/_Builtin_stddef-MBBM0180A1YES5J798B0CHC2.pcm

SwiftExplicitDependencyGeneratePcm arm64 /Users/runner/Library/Developer/Xcode/DerivedData/ModuleCache.noindex/SwiftShims-1MABNWY2W4HF8PYUD6BPT5TAZ.pcm

SwiftExplicitDependencyGeneratePcm arm64 /Users/runner/Library/Developer/Xcode/DerivedData/ModuleCache.noindex/_Builtin_float-AYIK33CJ5ACSJYYNVVDLG5TDC.pcm

SwiftExplicitDependencyGeneratePcm arm64 /Users/runner/Library/Developer/Xcode/DerivedData/ModuleCache.noindex/ptrauth-6TNDJ1I13XOQELTZ0D2F0AORS.pcm

SwiftExplicitDependencyGeneratePcm arm64 /Users/runner/Library/Developer/Xcode/DerivedData/ModuleCache.noindex/_AvailabilityInternal-EHRSA4T93JD5QEUGJ4PTAI3M8.pcm

SwiftExplicitDependencyGeneratePcm arm64 /Users/runner/Library/Developer/Xcode/DerivedData/ModuleCache.noindex/ptrcheck-1HIKBYLY7BD7BK2PKP5FSL4FM.pcm

SwiftExplicitDependencyGeneratePcm arm64 /Users/runner/Library/Developer/Xcode/DerivedData/ModuleCache.noindex/_DarwinFoundation1-6ZU0UEPX0G9XJUA5ALZRSZOMT.pcm

SwiftExplicitDependencyGeneratePcm arm64 /Users/runner/Library/Developer/Xcode/DerivedData/ModuleCache.noindex/_Builtin_limits-E4B238HZGLY1ZAM9HGAUL5BZC.pcm

SwiftExplicitDependencyGeneratePcm arm64 /Users/runner/Library/Developer/Xcode/DerivedData/ModuleCache.noindex/_DarwinFoundation2-9JX2D1281Q0XH8CM3LQ2737PD.pcm

SwiftExplicitDependencyGeneratePcm arm64 /Users/runner/Library/Developer/Xcode/DerivedData/ModuleCache.noindex/_Builtin_tgmath-AHAP65LMXJS8ZTBGQ5B39QIK6.pcm

SwiftExplicitDependencyGeneratePcm arm64 /Users/runner/Library/Developer/Xcode/DerivedData/ModuleCache.noindex/_Builtin_stdint-6RPBNTXHWM32RJJKSQ33YGSGY.pcm

SwiftExplicitDependencyGeneratePcm arm64 /Users/runner/Library/Developer/Xcode/DerivedData/ModuleCache.noindex/sys_types-BPLASASPFW8M9Z4BFTNEUTF7V.pcm

SwiftExplicitDependencyGeneratePcm arm64 /Users/runner/Library/Developer/Xcode/DerivedData/ModuleCache.noindex/_Builtin_intrinsics-2WQ78P0CTVC5LQGLTTCIOQ55W.pcm

SwiftExplicitDependencyGeneratePcm arm64 /Users/runner/Library/Developer/Xcode/DerivedData/ModuleCache.noindex/_DarwinFoundation3-4BB489964JBZUNHUM48O90AUK.pcm

SwiftExplicitDependencyGeneratePcm arm64 /Users/runner/Library/Developer/Xcode/DerivedData/ModuleCache.noindex/_Builtin_stdatomic-CSOPI357L8ONDB1EBUOD7GGZ6.pcm

SwiftExplicitDependencyGeneratePcm arm64 /Users/runner/Library/Developer/Xcode/DerivedData/ModuleCache.noindex/_Builtin_inttypes-3OBPYU86LQVMHE4ALFULA429D.pcm

SwiftExplicitDependencyGeneratePcm arm64 /Users/runner/Library/Developer/Xcode/DerivedData/ModuleCache.noindex/simd-BE08MGU4C70SIZN7WRMT4C662.pcm

SwiftExplicitDependencyGeneratePcm arm64 /Users/runner/Library/Developer/Xcode/DerivedData/ModuleCache.noindex/Darwin-19GMPWSXGL9FC52TDPWRSZ9XN.pcm

SwiftExplicitDependencyGeneratePcm arm64 /Users/runner/Library/Developer/Xcode/DerivedData/ModuleCache.noindex/MachO-91TI5A8RJI2RE5HWSKR7FYB9K.pcm

SwiftExplicitDependencyGeneratePcm arm64 /Users/runner/Library/Developer/Xcode/DerivedData/ModuleCache.noindex/ObjectiveC-DST8KR6FLTFFLUW0FTUVWTU99.pcm

SwiftExplicitDependencyGeneratePcm arm64 /Users/runner/Library/Developer/Xcode/DerivedData/ModuleCache.noindex/Spatial-AN6YBETRUBDVKVFEUPPTKNAQX.pcm

SwiftExplicitDependencyGeneratePcm arm64 /Users/runner/Library/Developer/Xcode/DerivedData/ModuleCache.noindex/os_object-8RQH58KNMHJU51VUJA5Q8688F.pcm

SwiftExplicitDependencyGeneratePcm arm64 /Users/runner/Library/Developer/Xcode/DerivedData/ModuleCache.noindex/os_workgroup-392XDKSQMB85FF3G5JXC01S1T.pcm

SwiftExplicitDependencyGeneratePcm arm64 /Users/runner/Library/Developer/Xcode/DerivedData/ModuleCache.noindex/Dispatch-DUVR2OTVRYC037CNRE6II4GNY.pcm

SwiftExplicitDependencyGeneratePcm arm64 /Users/runner/Library/Developer/Xcode/DerivedData/ModuleCache.noindex/dnssd-ENOAOW24RM779HUEVVAVECC3X.pcm

SwiftExplicitDependencyGeneratePcm arm64 /Users/runner/Library/Developer/Xcode/DerivedData/ModuleCache.noindex/CoreFoundation-9DR2Q8H3U186RZ580BJVU3O70.pcm

SwiftExplicitDependencyGeneratePcm arm64 /Users/runner/Library/Developer/Xcode/DerivedData/ModuleCache.noindex/XPC-8TO1KJNLLR6LO820J48QIMJU4.pcm

SwiftExplicitDependencyGeneratePcm arm64 /Users/runner/Library/Developer/Xcode/DerivedData/ModuleCache.noindex/os-8RBHLU86HK0KJ848VCDJH62IH.pcm

SwiftExplicitDependencyGeneratePcm arm64 /Users/runner/Library/Developer/Xcode/DerivedData/ModuleCache.noindex/CoreGraphics-17XONOP6U10SWL9IVBVYY65CS.pcm

SwiftExplicitDependencyGeneratePcm arm64 /Users/runner/Library/Developer/Xcode/DerivedData/ModuleCache.noindex/CFNetwork-4UOIK5028KAN7Q8Y076ZUDYMB.pcm

SwiftExplicitDependencyGeneratePcm arm64 /Users/runner/Library/Developer/Xcode/DerivedData/ModuleCache.noindex/Security-5XUAQK7VBDU1X4SKPR8PJS6QH.pcm

SwiftExplicitDependencyGeneratePcm arm64 /Users/runner/Library/Developer/Xcode/DerivedData/ModuleCache.noindex/ImageIO-7OPD7WHSN743XN01WY7DG9EU3.pcm

SwiftExplicitDependencyGeneratePcm arm64 /Users/runner/Library/Developer/Xcode/DerivedData/ModuleCache.noindex/CoreText-AHV2MNP8KH5HHMCJ6DHNL3VTF.pcm

SwiftExplicitDependencyGeneratePcm arm64 /Users/runner/Library/Developer/Xcode/DerivedData/ModuleCache.noindex/Foundation-9PFEAT7JAOD51MPKB0F9Z5KCF.pcm

SwiftExplicitDependencyGeneratePcm arm64 /Users/runner/Library/Developer/Xcode/DerivedData/ModuleCache.noindex/CoreTransferable-36RYG7CUQ3BQ3M5LT51N15Y24.pcm

SwiftExplicitDependencyGeneratePcm arm64 /Users/runner/Library/Developer/Xcode/DerivedData/ModuleCache.noindex/DataDetection-4GEOMCRCQ37HCQS5BGMAE1UVW.pcm

SwiftExplicitDependencyGeneratePcm arm64 /Users/runner/Library/Developer/Xcode/DerivedData/ModuleCache.noindex/IOSurface-NIJCMHTL7RQQ7H22MHGIH668.pcm

SwiftExplicitDependencyGeneratePcm arm64 /Users/runner/Library/Developer/Xcode/DerivedData/ModuleCache.noindex/Accessibility-1ES3RENUUD2Z5VPOUZLSWZKIW.pcm

SwiftExplicitDependencyGeneratePcm arm64 /Users/runner/Library/Developer/Xcode/DerivedData/ModuleCache.noindex/AppTrackingTransparency-6V616RH7RP0VGJSCSYCP3MBPN.pcm

SwiftExplicitDependencyGeneratePcm arm64 /Users/runner/Library/Developer/Xcode/DerivedData/ModuleCache.noindex/OpenGLES-B4B947OJV4FFYN08HPWJDVKS0.pcm

SwiftExplicitDependencyGeneratePcm arm64 /Users/runner/Library/Developer/Xcode/DerivedData/ModuleCache.noindex/Metal-2TV4A04UPMQRLZA0MEV4DSRJ3.pcm

SwiftExplicitDependencyGeneratePcm arm64 /Users/runner/Library/Developer/Xcode/DerivedData/ModuleCache.noindex/FileProvider-4MELQAHOVJ8VX5XIIP9QJFDG2.pcm

SwiftExplicitDependencyGeneratePcm arm64 /Users/runner/Library/Developer/Xcode/DerivedData/ModuleCache.noindex/Network-1KLMR386TJ03JZJMBGKUJMHJ7.pcm

SwiftExplicitDependencyGeneratePcm arm64 /Users/runner/Library/Developer/Xcode/DerivedData/ModuleCache.noindex/UIUtilities-2SA7X6QPHW2SYMOW049KHIKZX.pcm

SwiftExplicitDependencyGeneratePcm arm64 /Users/runner/Library/Developer/Xcode/DerivedData/ModuleCache.noindex/CoreVideo-8EJEB1ZAMNBK9WOWQF1PCTJRU.pcm

SwiftExplicitDependencyGeneratePcm arm64 /Users/runner/Library/Developer/Xcode/DerivedData/ModuleCache.noindex/ModelIO-4EMT2CEM0FUPQJ2RAEBT7RPB4.pcm

SwiftExplicitDependencyGeneratePcm arm64 /Users/runner/Library/Developer/Xcode/DerivedData/ModuleCache.noindex/UniformTypeIdentifiers-DDGLRV6HLNJZ1RCIBZ0HQQ34P.pcm

SwiftExplicitDependencyGeneratePcm arm64 /Users/runner/Library/Developer/Xcode/DerivedData/ModuleCache.noindex/CoreImage-41X4TSQYTL5Z0LXZVQ4BE9KJJ.pcm

SwiftExplicitDependencyGeneratePcm arm64 /Users/runner/Library/Developer/Xcode/DerivedData/ModuleCache.noindex/QuartzCore-28UPFOCV9SJWC0NGU6DSY8X7S.pcm

SwiftExplicitDependencyGeneratePcm arm64 /Users/runner/Library/Developer/Xcode/DerivedData/ModuleCache.noindex/CoreData-631OX48XW1PB8P50U0PBJH4GZ.pcm

SwiftExplicitDependencyGeneratePcm arm64 /Users/runner/Library/Developer/Xcode/DerivedData/ModuleCache.noindex/OSLog-IFF232TGPWGV19HWVY2Z1LP7.pcm

SwiftExplicitDependencyGeneratePcm arm64 /Users/runner/Library/Developer/Xcode/DerivedData/ModuleCache.noindex/SwiftUICore-7CNG9E9BUQGJCB2ABVI826VQB.pcm

SwiftExplicitDependencyGeneratePcm arm64 /Users/runner/Library/Developer/Xcode/DerivedData/ModuleCache.noindex/Symbols-6UMQFNDYEQ5Z34DIXAAFBE4AQ.pcm

SwiftExplicitDependencyGeneratePcm arm64 /Users/runner/Library/Developer/Xcode/DerivedData/ModuleCache.noindex/UserNotifications-AD9WKJQ1LNVCF7K8IXTCPVWPT.pcm

SwiftExplicitDependencyGeneratePcm arm64 /Users/runner/Library/Developer/Xcode/DerivedData/ModuleCache.noindex/UIKit-7L9GZOZYGXNDQERTWU5WGJSWK.pcm

SwiftExplicitDependencyGeneratePcm arm64 /Users/runner/Library/Developer/Xcode/DerivedData/ModuleCache.noindex/GLKit-4BGASHK22VHR8YO7UP7JOLISJ.pcm

SwiftExplicitDependencyGeneratePcm arm64 /Users/runner/Library/Developer/Xcode/DerivedData/ModuleCache.noindex/WebKit-7U3JZ7R9XCZ73CX3O6HBO7KB7.pcm

SwiftExplicitDependencyGeneratePcm arm64 /Users/runner/Library/Developer/Xcode/DerivedData/ModuleCache.noindex/SwiftUI-99TSJJW83RSMIK1O5GQJXDY17.pcm

SwiftExplicitDependencyGeneratePcm arm64 /Users/runner/Library/Developer/Xcode/DerivedData/ModuleCache.noindex/SpriteKit-21HDET0V84SLRRREO6OUDUJV4.pcm

SwiftExplicitDependencyGeneratePcm arm64 /Users/runner/Library/Developer/Xcode/DerivedData/ParkEmpire-fpvmemtietdwcjgpjutgfnholqlg/Build/Intermediates.noindex/ArchiveIntermediates/ParkEmpire/IntermediateBuildFilesPath/SwiftExplicitPrecompiledModules/GoogleMobileAds-CRTDJNIP8AS8WZ2RGPV5F8N4A.pcm

SwiftCompile normal arm64 Compiling\ AppInfo.swift,\ AppRouter.swift,\ ParkEmpireApp.swift,\ RootView.swift,\ AdBoostEffects.swift,\ BoostCenter.swift,\ RewardedAdCenter.swift,\ AchievementDefinition.swift,\ AttractionDefinition.swift,\ Balance.swift,\ BuildableDefinition.swift,\ BuildingAppearance.swift,\ CarParkDefinition.swift,\ CoasterElementDefinition.swift,\ CurrencyFormatter.swift,\ FacilityDefinition.swift,\ GameContent.swift,\ GameMode.swift,\ GuestAppearance.swift,\ GuestNames.swift,\ GuestPrize.swift,\ MapCatalogue.swift,\ SceneryDefinition.swift,\ StaffDefinition.swift,\ ThoughtCatalog.swift,\ TrialContent.swift,\ TutorialContent.swift,\ UpgradeDefinition.swift,\ ParkPerks.swift,\ PerkContent.swift,\ DisplaySettings.swift,\ Attraction.swift,\ Facility.swift,\ Guest.swift,\ SceneryItem.swift,\ Staff.swift,\ TrackElement.swift,\ AchievementSystem.swift,\ AttractionSystem.swift,\ CleanlinessSystem.swift,\ CriticSystem.swift,\ DemandSystem.swift,\ EconomySystem.swift,\ FacilitySystem.swift,\ GuestAISystem.swift,\ InspectionSystem.swift,\ MaintenanceSystem.swift,\ MovementSystem.swift,\ PathfindingSystem.swift,\ PromotionSystem.swift,\ RatingSystem.swift,\ StaffSystem.swift,\ TourBusSystem.swift,\ TrialSystem.swift,\ TroublemakerSystem.swift,\ FacilityAppeal.swift,\ GuestEconomics.swift,\ Locomotion.swift,\ SeededGenerator.swift,\ SimMath.swift,\ SimulationEngine.swift,\ Economy.swift,\ FinanceSeries.swift,\ GameState.swift,\ GameState+Building.swift,\ ParkAlert.swift,\ ParkEvent.swift,\ ParkStatistics.swift,\ SimulationClock.swift,\ Snapshots.swift,\ TimedModifier.swift,\ TrialSnapshot.swift,\ GridCoord.swift,\ MapLayout.swift,\ ParkMap.swift,\ PlacementValidator.swift,\ Tile.swift,\ TrackNetwork.swift,\ DemoPark.swift,\ GameController.swift,\ MapEditorModel.swift,\ TutorialDirector.swift,\ CustomMapStore.swift,\ LenientDecoding.swift,\ PerkStore.swift,\ SaveGame.swift,\ SaveGameService.swift,\ TrialProgressStore.swift,\ BuildingArtwork.swift,\ BuildingArtwork+GameBooths.swift,\ BuildingArtwork+MiniGolf.swift,\ BuildingArtwork+Scenery.swift,\ BuildingNode.swift,\ CoasterElementArtwork.swift,\ GuestArtwork.swift,\ MapArtwork.swift,\ ParkPalette.swift,\ ParkScene.swift,\ PathMotion.swift,\ PersonArtwork.swift,\ SpriteFactory.swift,\ StaffArtwork.swift,\ TerrainArtwork.swift,\ AchievementsView.swift,\ CelebrationView.swift,\ BoostsView.swift,\ BuildMenuView.swift,\ Compatibility.swift,\ Components.swift,\ Theme.swift,\ EventCardView.swift,\ FinanceCanvasChart.swift,\ FinanceChartPalette.swift,\ FinanceChartView.swift,\ FinanceMarksChart.swift,\ FinanceView.swift,\ AlertListView.swift,\ HUDView.swift,\ SpeedControlView.swift,\ AttractionInspectorView.swift,\ FacilityInspectorView.swift,\ GuestInspectorView.swift,\ InspectorHostView.swift,\ StaffInspectorView.swift,\ UpgradeRowView.swift,\ ManagementView.swift,\ MapEditorView.swift,\ MapPickerView.swift,\ StaffView.swift,\ PerkTreeView.swift,\ TrialLadderView.swift,\ TrialResultView.swift,\ TrialTrackerView.swift,\ TutorialTipView.swift,\ AboutView.swift,\ DemoParkBackdrop.swift,\ DisplaySettingsView.swift,\ GameView.swift,\ MainMenuView.swift,\ ParkSettingsView.swift,\ TaglineView.swift,\ GeneratedAssetSymbols.swift /Users/runner/work/Seven-Theme-Park/Seven-Theme-Park/ParkEmpire/App/AppInfo.swift /Users/runner/work/Seven-Theme-Park/Seven-Theme-Park/ParkEmpire/App/AppRouter.swift /Users/runner/work/Seven-Theme-Park/Seven-Theme-Park/ParkEmpire/App/ParkEmpireApp.swift /Users/runner/work/Seven-Theme-Park/Seven-Theme-Park/ParkEmpire/App/RootView.swift /Users/runner/work/Seven-Theme-Park/Seven-Theme-Park/ParkEmpire/Game/Boosts/AdBoostEffects.swift /Users/runner/work/Seven-Theme-Park/Seven-Theme-Park/ParkEmpire/Game/Boosts/BoostCenter.swift /Users/runner/work/Seven-Theme-Park/Seven-Theme-Park/ParkEmpire/Game/Boosts/RewardedAdCenter.swift /Users/runner/work/Seven-Theme-Park/Seven-Theme-Park/ParkEmpire/Game/Data/AchievementDefinition.swift /Users/runner/work/Seven-Theme-Park/Seven-Theme-Park/ParkEmpire/Game/Data/AttractionDefinition.swift /Users/runner/work/Seven-Theme-Park/Seven-Theme-Park/ParkEmpire/Game/Data/Balance.swift /Users/runner/work/Seven-Theme-Park/Seven-Theme-Park/ParkEmpire/Game/Data/BuildableDefinition.swift /Users/runner/work/Seven-Theme-Park/Seven-Theme-Park/ParkEmpire/Game/Data/BuildingAppearance.swift /Users/runner/work/Seven-Theme-Park/Seven-Theme-Park/ParkEmpire/Game/Data/CarParkDefinition.swift /Users/runner/work/Seven-Theme-Park/Seven-Theme-Park/ParkEmpire/Game/Data/CoasterElementDefinition.swift /Users/runner/work/Seven-Theme-Park/Seven-Theme-Park/ParkEmpire/Game/Data/CurrencyFormatter.swift /Users/runner/work/Seven-Theme-Park/Seven-Theme-Park/ParkEmpire/Game/Data/FacilityDefinition.swift /Users/runner/work/Seven-Theme-Park/Seven-Theme-Park/ParkEmpire/Game/Data/GameContent.swift /Users/runner/work/Seven-Theme-Park/Seven-Theme-Park/ParkEmpire/Game/Data/GameMode.swift /Users/runner/work/Seven-Theme-Park/Seven-Theme-Park/ParkEmpire/Game/Data/GuestAppearance.swift /Users/runner/work/Seven-Theme-Park/Seven-Theme-Park/ParkEmpire/Game/Data/GuestNames.swift /Users/runner/work/Seven-Theme-Park/Seven-Theme-Park/ParkEmpire/Game/Data/GuestPrize.swift /Users/runner/work/Seven-Theme-Park/Seven-Theme-Park/ParkEmpire/Game/Data/MapCatalogue.swift /Users/runner/work/Seven-Theme-Park/Seven-Theme-Park/ParkEmpire/Game/Data/SceneryDefinition.swift /Users/runner/work/Seven-Theme-Park/Seven-Theme-Park/ParkEmpire/Game/Data/StaffDefinition.swift /Users/runner/work/Seven-Theme-Park/Seven-Theme-Park/ParkEmpire/Game/Data/ThoughtCatalog.swift /Users/runner/work/Seven-Theme-Park/Seven-Theme-Park/ParkEmpire/Game/Data/TrialContent.swift /Users/runner/work/Seven-Theme-Park/Seven-Theme-Park/ParkEmpire/Game/Data/TutorialContent.swift /Users/runner/work/Seven-Theme-Park/Seven-Theme-Park/ParkEmpire/Game/Data/UpgradeDefinition.swift /Users/runner/work/Seven-Theme-Park/Seven-Theme-Park/ParkEmpire/Game/Perks/ParkPerks.swift /Users/runner/work/Seven-Theme-Park/Seven-Theme-Park/ParkEmpire/Game/Perks/PerkContent.swift /Users/runner/work/Seven-Theme-Park/Seven-Theme-Park/ParkEmpire/Game/Settings/DisplaySettings.swift /Users/runner/work/Seven-Theme-Park/Seven-Theme-Park/ParkEmpire/Game/Simulation/Entities/Attraction.swift /Users/runner/work/Seven-Theme-Park/Seven-Theme-Park/ParkEmpire/Game/Simulation/Entities/Facility.swift /Users/runner/work/Seven-Theme-Park/Seven-Theme-Park/ParkEmpire/Game/Simulation/Entities/Guest.swift /Users/runner/work/Seven-Theme-Park/Seven-Theme-Park/ParkEmpire/Game/Simulation/Entities/SceneryItem.swift /Users/runner/work/Seven-Theme-Park/Seven-Theme-Park/ParkEmpire/Game/Simulation/Entities/Staff.swift /Users/runner/work/Seven-Theme-Park/Seven-Theme-Park/ParkEmpire/Game/Simulation/Entities/TrackElement.swift /Users/runner/work/Seven-Theme-Park/Seven-Theme-Park/ParkEmpire/Game/Simulation/Systems/AchievementSystem.swift /Users/runner/work/Seven-Theme-Park/Seven-Theme-Park/ParkEmpire/Game/Simulation/Systems/AttractionSystem.swift /Users/runner/work/Seven-Theme-Park/Seven-Theme-Park/ParkEmpire/Game/Simulation/Systems/CleanlinessSystem.swift /Users/runner/work/Seven-Theme-Park/Seven-Theme-Park/ParkEmpire/Game/Simulation/Systems/CriticSystem.swift /Users/runner/work/Seven-Theme-Park/Seven-Theme-Park/ParkEmpire/Game/Simulation/Systems/DemandSystem.swift /Users/runner/work/Seven-Theme-Park/Seven-Theme-Park/ParkEmpire/Game/Simulation/Systems/EconomySystem.swift /Users/runner/work/Seven-Theme-Park/Seven-Theme-Park/ParkEmpire/Game/Simulation/Systems/FacilitySystem.swift /Users/runner/work/Seven-Theme-Park/Seven-Theme-Park/ParkEmpire/Game/Simulation/Systems/GuestAISystem.swift /Users/runner/work/Seven-Theme-Park/Seven-Theme-Park/ParkEmpire/Game/Simulation/Systems/InspectionSystem.swift /Users/runner/work/Seven-Theme-Park/Seven-Theme-Park/ParkEmpire/Game/Simulation/Systems/MaintenanceSystem.swift /Users/runner/work/Seven-Theme-Park/Seven-Theme-Park/ParkEmpire/Game/Simulation/Systems/MovementSystem.swift /Users/runner/work/Seven-Theme-Park/Seven-Theme-Park/ParkEmpire/Game/Simulation/Systems/PathfindingSystem.swift /Users/runner/work/Seven-Theme-Park/Seven-Theme-Park/ParkEmpire/Game/Simulation/Systems/PromotionSystem.swift /Users/runner/work/Seven-Theme-Park/Seven-Theme-Park/ParkEmpire/Game/Simulation/Systems/RatingSystem.swift /Users/runner/work/Seven-Theme-Park/Seven-Theme-Park/ParkEmpire/Game/Simulation/Systems/StaffSystem.swift /Users/runner/work/Seven-Theme-Park/Seven-Theme-Park/ParkEmpire/Game/Simulation/Systems/TourBusSystem.swift /Users/runner/work/Seven-Theme-Park/Seven-Theme-Park/ParkEmpire/Game/Simulation/Systems/TrialSystem.swift /Users/runner/work/Seven-Theme-Park/Seven-Theme-Park/ParkEmpire/Game/Simulation/Systems/TroublemakerSystem.swift /Users/runner/work/Seven-Theme-Park/Seven-Theme-Park/ParkEmpire/Game/Simulation/FacilityAppeal.swift /Users/runner/work/Seven-Theme-Park/Seven-Theme-Park/ParkEmpire/Game/Simulation/GuestEconomics.swift /Users/runner/work/Seven-Theme-Park/Seven-Theme-Park/ParkEmpire/Game/Simulation/Locomotion.swift /Users/runner/work/Seven-Theme-Park/Seven-Theme-Park/ParkEmpire/Game/Simulation/SeededGenerator.swift /Users/runner/work/Seven-Theme-Park/Seven-Theme-Park/ParkEmpire/Game/Simulation/SimMath.swift /Users/runner/work/Seven-Theme-Park/Seven-Theme-Park/ParkEmpire/Game/Simulation/SimulationEngine.swift /Users/runner/work/Seven-Theme-Park/Seven-Theme-Park/ParkEmpire/Game/State/Economy.swift /Users/runner/work/Seven-Theme-Park/Seven-Theme-Park/ParkEmpire/Game/State/FinanceSeries.swift /Users/runner/work/Seven-Theme-Park/Seven-Theme-Park/ParkEmpire/Game/State/GameState.swift /Users/runner/work/Seven-Theme-Park/Seven-Theme-Park/ParkEmpire/Game/State/GameState+Building.swift /Users/runner/work/Seven-Theme-Park/Seven-Theme-Park/ParkEmpire/Game/State/ParkAlert.swift /Users/runner/work/Seven-Theme-Park/Seven-Theme-Park/ParkEmpire/Game/State/ParkEvent.swift /Users/runner/work/Seven-Theme-Park/Seven-Theme-Park/ParkEmpire/Game/State/ParkStatistics.swift /Users/runner/work/Seven-Theme-Park/Seven-Theme-Park/ParkEmpire/Game/State/SimulationClock.swift /Users/runner/work/Seven-Theme-Park/Seven-Theme-Park/ParkEmpire/Game/State/Snapshots.swift /Users/runner/work/Seven-Theme-Park/Seven-Theme-Park/ParkEmpire/Game/State/TimedModifier.swift /Users/runner/work/Seven-Theme-Park/Seven-Theme-Park/ParkEmpire/Game/State/TrialSnapshot.swift /Users/runner/work/Seven-Theme-Park/Seven-Theme-Park/ParkEmpire/Game/World/GridCoord.swift /Users/runner/work/Seven-Theme-Park/Seven-Theme-Park/ParkEmpire/Game/World/MapLayout.swift /Users/runner/work/Seven-Theme-Park/Seven-Theme-Park/ParkEmpire/Game/World/ParkMap.swift /Users/runner/work/Seven-Theme-Park/Seven-Theme-Park/ParkEmpire/Game/World/PlacementValidator.swift /Users/runner/work/Seven-Theme-Park/Seven-Theme-Park/ParkEmpire/Game/World/Tile.swift /Users/runner/work/Seven-Theme-Park/Seven-Theme-Park/ParkEmpire/Game/World/TrackNetwork.swift /Users/runner/work/Seven-Theme-Park/Seven-Theme-Park/ParkEmpire/Game/DemoPark.swift /Users/runner/work/Seven-Theme-Park/Seven-Theme-Park/ParkEmpire/Game/GameController.swift /Users/runner/work/Seven-Theme-Park/Seven-Theme-Park/ParkEmpire/Game/MapEditorModel.swift /Users/runner/work/Seven-Theme-Park/Seven-Theme-Park/ParkEmpire/Game/TutorialDirector.swift /Users/runner/work/Seven-Theme-Park/Seven-Theme-Park/ParkEmpire/Persistence/CustomMapStore.swift /Users/runner/work/Seven-Theme-Park/Seven-Theme-Park/ParkEmpire/Persistence/LenientDecoding.swift /Users/runner/work/Seven-Theme-Park/Seven-Theme-Park/ParkEmpire/Persistence/PerkStore.swift /Users/runner/work/Seven-Theme-Park/Seven-Theme-Park/ParkEmpire/Persistence/SaveGame.swift /Users/runner/work/Seven-Theme-Park/Seven-Theme-Park/ParkEmpire/Persistence/SaveGameService.swift /Users/runner/work/Seven-Theme-Park/Seven-Theme-Park/ParkEmpire/Persistence/TrialProgressStore.swift /Users/runner/work/Seven-Theme-Park/Seven-Theme-Park/ParkEmpire/Rendering/BuildingArtwork.swift /Users/runner/work/Seven-Theme-Park/Seven-Theme-Park/ParkEmpire/Rendering/BuildingArtwork+GameBooths.swift /Users/runner/work/Seven-Theme-Park/Seven-Theme-Park/ParkEmpire/Rendering/BuildingArtwork+MiniGolf.swift /Users/runner/work/Seven-Theme-Park/Seven-Theme-Park/ParkEmpire/Rendering/BuildingArtwork+Scenery.swift /Users/runner/work/Seven-Theme-Park/Seven-Theme-Park/ParkEmpire/Rendering/BuildingNode.swift /Users/runner/work/Seven-Theme-Park/Seven-Theme-Park/ParkEmpire/Rendering/CoasterElementArtwork.swift /Users/runner/work/Seven-Theme-Park/Seven-Theme-Park/ParkEmpire/Rendering/GuestArtwork.swift /Users/runner/work/Seven-Theme-Park/Seven-Theme-Park/ParkEmpire/Rendering/MapArtwork.swift /Users/runner/work/Seven-Theme-Park/Seven-Theme-Park/ParkEmpire/Rendering/ParkPalette.swift /Users/runner/work/Seven-Theme-Park/Seven-Theme-Park/ParkEmpire/Rendering/ParkScene.swift /Users/runner/work/Seven-Theme-Park/Seven-Theme-Park/ParkEmpire/Rendering/PathMotion.swift /Users/runner/work/Seven-Theme-Park/Seven-Theme-Park/ParkEmpire/Rendering/PersonArtwork.swift /Users/runner/work/Seven-Theme-Park/Seven-Theme-Park/ParkEmpire/Rendering/SpriteFactory.swift /Users/runner/work/Seven-Theme-Park/Seven-Theme-Park/ParkEmpire/Rendering/StaffArtwork.swift /Users/runner/work/Seven-Theme-Park/Seven-Theme-Park/ParkEmpire/Rendering/TerrainArtwork.swift /Users/runner/work/Seven-Theme-Park/Seven-Theme-Park/ParkEmpire/UI/Achievements/AchievementsView.swift /Users/runner/work/Seven-Theme-Park/Seven-Theme-Park/ParkEmpire/UI/Achievements/CelebrationView.swift /Users/runner/work/Seven-Theme-Park/Seven-Theme-Park/ParkEmpire/UI/Boosts/BoostsView.swift /Users/runner/work/Seven-Theme-Park/Seven-Theme-Park/ParkEmpire/UI/BuildMenu/BuildMenuView.swift /Users/runner/work/Seven-Theme-Park/Seven-Theme-Park/ParkEmpire/UI/Common/Compatibility.swift /Users/runner/work/Seven-Theme-Park/Seven-Theme-Park/ParkEmpire/UI/Common/Components.swift /Users/runner/work/Seven-Theme-Park/Seven-Theme-Park/ParkEmpire/UI/Common/Theme.swift /Users/runner/work/Seven-Theme-Park/Seven-Theme-Park/ParkEmpire/UI/Events/EventCardView.swift /Users/runner/work/Seven-Theme-Park/Seven-Theme-Park/ParkEmpire/UI/Finance/FinanceCanvasChart.swift /Users/runner/work/Seven-Theme-Park/Seven-Theme-Park/ParkEmpire/UI/Finance/FinanceChartPalette.swift /Users/runner/work/Seven-Theme-Park/Seven-Theme-Park/ParkEmpire/UI/Finance/FinanceChartView.swift /Users/runner/work/Seven-Theme-Park/Seven-Theme-Park/ParkEmpire/UI/Finance/FinanceMarksChart.swift /Users/runner/work/Seven-Theme-Park/Seven-Theme-Park/ParkEmpire/UI/Finance/FinanceView.swift /Users/runner/work/Seven-Theme-Park/Seven-Theme-Park/ParkEmpire/UI/HUD/AlertListView.swift /Users/runner/work/Seven-Theme-Park/Seven-Theme-Park/ParkEmpire/UI/HUD/HUDView.swift /Users/runner/work/Seven-Theme-Park/Seven-Theme-Park/ParkEmpire/UI/HUD/SpeedControlView.swift /Users/runner/work/Seven-Theme-Park/Seven-Theme-Park/ParkEmpire/UI/Inspector/AttractionInspectorView.swift /Users/runner/work/Seven-Theme-Park/Seven-Theme-Park/ParkEmpire/UI/Inspector/FacilityInspectorView.swift /Users/runner/work/Seven-Theme-Park/Seven-Theme-Park/ParkEmpire/UI/Inspector/GuestInspectorView.swift /Users/runner/work/Seven-Theme-Park/Seven-Theme-Park/ParkEmpire/UI/Inspector/InspectorHostView.swift /Users/runner/work/Seven-Theme-Park/Seven-Theme-Park/ParkEmpire/UI/Inspector/StaffInspectorView.swift /Users/runner/work/Seven-Theme-Park/Seven-Theme-Park/ParkEmpire/UI/Inspector/UpgradeRowView.swift /Users/runner/work/Seven-Theme-Park/Seven-Theme-Park/ParkEmpire/UI/Management/ManagementView.swift /Users/runner/work/Seven-Theme-Park/Seven-Theme-Park/ParkEmpire/UI/Maps/MapEditorView.swift /Users/runner/work/Seven-Theme-Park/Seven-Theme-Park/ParkEmpire/UI/Maps/MapPickerView.swift /Users/runner/work/Seven-Theme-Park/Seven-Theme-Park/ParkEmpire/UI/Staff/StaffView.swift /Users/runner/work/Seven-Theme-Park/Seven-Theme-Park/ParkEmpire/UI/Trials/PerkTreeView.swift /Users/runner/work/Seven-Theme-Park/Seven-Theme-Park/ParkEmpire/UI/Trials/TrialLadderView.swift /Users/runner/work/Seven-Theme-Park/Seven-Theme-Park/ParkEmpire/UI/Trials/TrialResultView.swift /Users/runner/work/Seven-Theme-Park/Seven-Theme-Park/ParkEmpire/UI/Trials/TrialTrackerView.swift /Users/runner/work/Seven-Theme-Park/Seven-Theme-Park/ParkEmpire/UI/Tutorial/TutorialTipView.swift /Users/runner/work/Seven-Theme-Park/Seven-Theme-Park/ParkEmpire/UI/AboutView.swift /Users/runner/work/Seven-Theme-Park/Seven-Theme-Park/ParkEmpire/UI/DemoParkBackdrop.swift /Users/runner/work/Seven-Theme-Park/Seven-Theme-Park/ParkEmpire/UI/DisplaySettingsView.swift /Users/runner/work/Seven-Theme-Park/Seven-Theme-Park/ParkEmpire/UI/GameView.swift /Users/runner/work/Seven-Theme-Park/Seven-Theme-Park/ParkEmpire/UI/MainMenuView.swift /Users/runner/work/Seven-Theme-Park/Seven-Theme-Park/ParkEmpire/UI/ParkSettingsView.swift /Users/runner/work/Seven-Theme-Park/Seven-Theme-Park/ParkEmpire/UI/TaglineView.swift /Users/runner/Library/Developer/Xcode/DerivedData/ParkEmpire-fpvmemtietdwcjgpjutgfnholqlg/Build/Intermediates.noindex/ArchiveIntermediates/ParkEmpire/IntermediateBuildFilesPath/ParkEmpire.build/Release-iphoneos/ParkEmpire.build/DerivedSources/GeneratedAssetSymbols.swift /Applications/Xcode_26.3.app/Contents/Developer/Toolchains/XcodeDefault.xctoolchain/usr/lib/swift/iphoneos/prebuilt-modules/26.2/CoreGraphics.swiftmodule/arm64e-apple-ios.swiftmodule /Applications/Xcode_26.3.app/Contents/Developer/Toolchains/XcodeDefault.xctoolchain/usr/lib/swift/iphoneos/prebuilt-modules/26.2/_DarwinFoundation1.swiftmodule/arm64e-apple-ios.swiftmodule /Applications/Xcode_26.3.app/Contents/Developer/Toolchains/XcodeDefault.xctoolchain/usr/lib/swift/iphoneos/prebuilt-modules/26.2/_DarwinFoundation3.swiftmodule/arm64e-apple-ios.swiftmodule /Applications/Xcode_26.3.app/Contents/Developer/Toolchains/XcodeDefault.xctoolchain/usr/lib/swift/iphoneos/prebuilt-modules/26.2/SpriteKit.swiftmodule/arm64e-apple-ios.swiftmodule /Applications/Xcode_26.3.app/Contents/Developer/Toolchains/XcodeDefault.xctoolchain/usr/lib/swift/iphoneos/prebuilt-modules/26.2/Symbols.swiftmodule/arm64e-apple-ios.swiftmodule /Applications/Xcode_26.3.app/Contents/Developer/Toolchains/XcodeDefault.xctoolchain/usr/lib/swift/iphoneos/prebuilt-modules/26.2/_SpriteKit_SwiftUI.swiftmodule/arm64e-apple-ios.swiftmodule /Applications/Xcode_26.3.app/Contents/Developer/Toolchains/XcodeDefault.xctoolchain/usr/lib/swift/iphoneos/prebuilt-modules/26.2/Swift.swiftmodule/arm64e-apple-ios.swiftmodule /Applications/Xcode_26.3.app/Contents/Developer/Toolchains/XcodeDefault.xctoolchain/usr/lib/swift/iphoneos/prebuilt-modules/26.2/_StringProcessing.swiftmodule/arm64e-apple-ios.swiftmodule /Applications/Xcode_26.3.app/Contents/Developer/Toolchains/XcodeDefault.xctoolchain/usr/lib/swift/iphoneos/prebuilt-modules/26.2/Observation.swiftmodule/arm64e-apple-ios.swiftmodule /Applications/Xcode_26.3.app/Contents/Developer/Toolchains/XcodeDefault.xctoolchain/usr/lib/swift/iphoneos/prebuilt-modules/26.2/Dispatch.swiftmodule/arm64e-apple-ios.swiftmodule /Applications/Xcode_26.3.app/Contents/Developer/Toolchains/XcodeDefault.xctoolchain/usr/lib/swift/iphoneos/prebuilt-modules/26.2/Foundation.swiftmodule/arm64e-apple-ios.swiftmodule /Applications/Xcode_26.3.app/Contents/Developer/Toolchains/XcodeDefault.xctoolchain/usr/lib/swift/iphoneos/prebuilt-modules/26.2/UniformTypeIdentifiers.swiftmodule/arm64e-apple-ios.swiftmodule /Applications/Xcode_26.3.app/Contents/Developer/Toolchains/XcodeDefault.xctoolchain/usr/lib/swift/iphoneos/prebuilt-modules/26.2/os.swiftmodule/arm64e-apple-ios.swiftmodule /Applications/Xcode_26.3.app/Contents/Developer/Toolchains/XcodeDefault.xctoolchain/usr/lib/swift/iphoneos/prebuilt-modules/26.2/CoreText.swiftmodule/arm64e-apple-ios.swiftmodule /Applications/Xcode_26.3.app/Contents/Developer/Toolchains/XcodeDefault.xctoolchain/usr/lib/swift/iphoneos/prebuilt-modules/26.2/simd.swiftmodule/arm64e-apple-ios.swiftmodule /Applications/Xcode_26.3.app/Contents/Developer/Toolchains/XcodeDefault.xctoolchain/usr/lib/swift/iphoneos/prebuilt-modules/26.2/Darwin.swiftmodule/arm64e-apple-ios.swiftmodule /Applications/Xcode_26.3.app/Contents/Developer/Toolchains/XcodeDefault.xctoolchain/usr/lib/swift/iphoneos/prebuilt-modules/26.2/XPC.swiftmodule/arm64e-apple-ios.swiftmodule /Applications/Xcode_26.3.app/Contents/Developer/Toolchains/XcodeDefault.xctoolchain/usr/lib/swift/iphoneos/prebuilt-modules/26.2/ObjectiveC.swiftmodule/arm64e-apple-ios.swiftmodule /Applications/Xcode_26.3.app/Contents/Developer/Toolchains/XcodeDefault.xctoolchain/usr/lib/swift/iphoneos/prebuilt-modules/26.2/Spatial.swiftmodule/arm64e-apple-ios.swiftmodule /Applications/Xcode_26.3.app/Contents/Developer/Toolchains/XcodeDefault.xctoolchain/usr/lib/swift/iphoneos/prebuilt-modules/26.2/CoreImage.swiftmodule/arm64e-apple-ios.swiftmodule /Applications/Xcode_26.3.app/Contents/Developer/Toolchains/XcodeDefault.xctoolchain/usr/lib/swift/iphoneos/prebuilt-modules/26.2/DeveloperToolsSupport.swiftmodule/arm64e-apple-ios.swiftmodule /Applications/Xcode_26.3.app/Contents/Developer/Toolchains/XcodeDefault.xctoolchain/usr/lib/swift/iphoneos/prebuilt-modules/26.2/WebKit.swiftmodule/arm64e-apple-ios.swiftmodule /Applications/Xcode_26.3.app/Contents/Developer/Toolchains/XcodeDefault.xctoolchain/usr/lib/swift/iphoneos/prebuilt-modules/26.2/Combine.swiftmodule/arm64e-apple-ios.swiftmodule /Applications/Xcode_26.3.app/Contents/Developer/Toolchains/XcodeDefault.xctoolchain/usr/lib/swift/iphoneos/prebuilt-modules/26.2/Metal.swiftmodule/arm64e-apple-ios.swiftmodule /Applications/Xcode_26.3.app/Contents/Developer/Toolchains/XcodeDefault.xctoolchain/usr/lib/swift/iphoneos/prebuilt-modules/26.2/Charts.swiftmodule/arm64e-apple-ios.swiftmodule /Applications/Xcode_26.3.app/Contents/Developer/Toolchains/XcodeDefault.xctoolchain/usr/lib/swift/iphoneos/prebuilt-modules/26.2/SwiftUICore.swiftmodule/arm64e-apple-ios.swiftmodule /Applications/Xcode_26.3.app/Contents/Developer/Toolchains/XcodeDefault.xctoolchain/usr/lib/swift/iphoneos/prebuilt-modules/26.2/CoreFoundation.swiftmodule/arm64e-apple-ios.swiftmodule /Applications/Xcode_26.3.app/Contents/Developer/Toolchains/XcodeDefault.xctoolchain/usr/lib/swift/iphoneos/prebuilt-modules/26.2/ModelIO.swiftmodule/arm64e-apple-ios.swiftmodule /Applications/Xcode_26.3.app/Contents/Developer/Toolchains/XcodeDefault.xctoolchain/usr/lib/swift/iphoneos/prebuilt-modules/26.2/_Concurrency.swiftmodule/arm64e-apple-ios.swiftmodule /Applications/Xcode_26.3.app/Contents/Developer/Toolchains/XcodeDefault.xctoolchain/usr/lib/swift/iphoneos/prebuilt-modules/26.2/GLKit.swiftmodule/arm64e-apple-ios.swiftmodule /Applications/Xcode_26.3.app/Contents/Developer/Toolchains/XcodeDefault.xctoolchain/usr/lib/swift/iphoneos/prebuilt-modules/26.2/DataDetection.swiftmodule/arm64e-apple-ios.swiftmodule /Applications/Xcode_26.3.app/Contents/Developer/Toolchains/XcodeDefault.xctoolchain/usr/lib/swift/iphoneos/prebuilt-modules/26.2/SwiftUI.swiftmodule/arm64e-apple-ios.swiftmodule /Applications/Xcode_26.3.app/Contents/Developer/Toolchains/XcodeDefault.xctoolchain/usr/lib/swift/iphoneos/prebuilt-modules/26.2/UIKit.swiftmodule/arm64e-apple-ios.swiftmodule /Applications/Xcode_26.3.app/Contents/Developer/Toolchains/XcodeDefault.xctoolchain/usr/lib/swift/iphoneos/prebuilt-modules/26.2/Network.swiftmodule/arm64e-apple-ios.swiftmodule /Applications/Xcode_26.3.app/Contents/Developer/Toolchains/XcodeDefault.xctoolchain/usr/lib/swift/iphoneos/prebuilt-modules/26.2/System.swiftmodule/arm64e-apple-ios.swiftmodule /Applications/Xcode_26.3.app/Contents/Developer/Toolchains/XcodeDefault.xctoolchain/usr/lib/swift/iphoneos/prebuilt-modules/26.2/CoreVideo.swiftmodule/arm64e-apple-ios.swiftmodule /Applications/Xcode_26.3.app/Contents/Developer/Toolchains/XcodeDefault.xctoolchain/usr/lib/swift/iphoneos/prebuilt-modules/26.2/FileProvider.swiftmodule/arm64e-apple-ios.swiftmodule /Applications/Xcode_26.3.app/Contents/Developer/Toolchains/XcodeDefault.xctoolchain/usr/lib/swift/iphoneos/prebuilt-modules/26.2/Distributed.swiftmodule/arm64e-apple-ios.swiftmodule /Applications/Xcode_26.3.app/Contents/Developer/Toolchains/XcodeDefault.xctoolchain/usr/lib/swift/iphoneos/prebuilt-modules/26.2/_Builtin_float.swiftmodule/arm64e-apple-ios.swiftmodule /Applications/Xcode_26.3.app/Contents/Developer/Toolchains/XcodeDefault.xctoolchain/usr/lib/swift/iphoneos/prebuilt-modules/26.2/OSLog.swiftmodule/arm64e-apple-ios.swiftmodule /Applications/Xcode_26.3.app/Contents/Developer/Toolchains/XcodeDefault.xctoolchain/usr/lib/swift/iphoneos/prebuilt-modules/26.2/CoreData.swiftmodule/arm64e-apple-ios.swiftmodule /Applications/Xcode_26.3.app/Contents/Developer/Toolchains/XcodeDefault.xctoolchain/usr/lib/swift/iphoneos/prebuilt-modules/26.2/QuartzCore.swiftmodule/arm64e-apple-ios.swiftmodule /Applications/Xcode_26.3.app/Contents/Developer/Toolchains/XcodeDefault.xctoolchain/usr/lib/swift/iphoneos/prebuilt-modules/26.2/Accessibility.swiftmodule/arm64e-apple-ios.swiftmodule /Applications/Xcode_26.3.app/Contents/Developer/Toolchains/XcodeDefault.xctoolchain/usr/lib/swift/iphoneos/prebuilt-modules/26.2/_DarwinFoundation2.swiftmodule/arm64e-apple-ios.swiftmodule /Applications/Xcode_26.3.app/Contents/Developer/Toolchains/XcodeDefault.xctoolchain/usr/lib/swift/iphoneos/prebuilt-modules/26.2/CoreTransferable.swiftmodule/arm64e-apple-ios.swiftmodule /Users/runner/Library/Developer/Xcode/DerivedData/ModuleCache.noindex/CoreImage-41X4TSQYTL5Z0LXZVQ4BE9KJJ.pcm /Users/runner/Library/Developer/Xcode/DerivedData/ModuleCache.noindex/os-8RBHLU86HK0KJ848VCDJH62IH.pcm /Users/runner/Library/Developer/Xcode/DerivedData/ModuleCache.noindex/UIUtilities-2SA7X6QPHW2SYMOW049KHIKZX.pcm /Users/runner/Library/Developer/Xcode/DerivedData/ModuleCache.noindex/_Builtin_stdbool-1LLN5I6AFV2FB1ULCXWW6LIU2.pcm /Users/runner/Library/Developer/Xcode/DerivedData/ModuleCache.noindex/CFNetwork-4UOIK5028KAN7Q8Y076ZUDYMB.pcm /Users/runner/Library/Developer/Xcode/DerivedData/ModuleCache.noindex/Accessibility-1ES3RENUUD2Z5VPOUZLSWZKIW.pcm /Users/runner/Library/Developer/Xcode/DerivedData/ModuleCache.noindex/sys_types-BPLASASPFW8M9Z4BFTNEUTF7V.pcm /Users/runner/Library/Developer/Xcode/DerivedData/ModuleCache.noindex/_Builtin_tgmath-AHAP65LMXJS8ZTBGQ5B39QIK6.pcm /Users/runner/Library/Developer/Xcode/DerivedData/ModuleCache.noindex/QuartzCore-28UPFOCV9SJWC0NGU6DSY8X7S.pcm /Users/runner/Library/Developer/Xcode/DerivedData/ModuleCache.noindex/GLKit-4BGASHK22VHR8YO7UP7JOLISJ.pcm /Users/runner/Library/Developer/Xcode/DerivedData/ParkEmpire-fpvmemtietdwcjgpjutgfnholqlg/Build/Intermediates.noindex/ArchiveIntermediates/ParkEmpire/IntermediateBuildFilesPath/SwiftExplicitPrecompiledModules/GoogleMobileAds-CRTDJNIP8AS8WZ2RGPV5F8N4A.pcm /Users/runner/Library/Developer/Xcode/DerivedData/ModuleCache.noindex/DataDetection-4GEOMCRCQ37HCQS5BGMAE1UVW.pcm /Users/runner/Library/Developer/Xcode/DerivedData/ModuleCache.noindex/os_workgroup-392XDKSQMB85FF3G5JXC01S1T.pcm /Users/runner/Library/Developer/Xcode/DerivedData/ModuleCache.noindex/ObjectiveC-DST8KR6FLTFFLUW0FTUVWTU99.pcm /Users/runner/Library/Developer/Xcode/DerivedData/ModuleCache.noindex/SpriteKit-21HDET0V84SLRRREO6OUDUJV4.pcm /Users/runner/Library/Developer/Xcode/DerivedData/ModuleCache.noindex/OSLog-IFF232TGPWGV19HWVY2Z1LP7.pcm /Users/runner/Library/Developer/Xcode/DerivedData/ModuleCache.noindex/CoreFoundation-9DR2Q8H3U186RZ580BJVU3O70.pcm /Users/runner/Library/Developer/Xcode/DerivedData/ModuleCache.noindex/SwiftUICore-7CNG9E9BUQGJCB2ABVI826VQB.pcm /Users/runner/Library/Developer/Xcode/DerivedData/ModuleCache.noindex/Foundation-9PFEAT7JAOD51MPKB0F9Z5KCF.pcm /Users/runner/Library/Developer/Xcode/DerivedData/ModuleCache.noindex/_Builtin_stdarg-57H4QFD9B934F5ZYBYG28698J.pcm /Users/runner/Library/Developer/Xcode/DerivedData/ModuleCache.noindex/AppTrackingTransparency-6V616RH7RP0VGJSCSYCP3MBPN.pcm /Users/runner/Library/Developer/Xcode/DerivedData/ModuleCache.noindex/DeveloperToolsSupport-D568ZZV5GGF0HFGCU6IJBWL0Y.pcm /Users/runner/Library/Developer/Xcode/DerivedData/ModuleCache.noindex/Darwin-19GMPWSXGL9FC52TDPWRSZ9XN.pcm /Users/runner/Library/Developer/Xcode/DerivedData/ModuleCache.noindex/XPC-8TO1KJNLLR6LO820J48QIMJU4.pcm /Users/runner/Library/Developer/Xcode/DerivedData/ModuleCache.noindex/_DarwinFoundation2-9JX2D1281Q0XH8CM3LQ2737PD.pcm /Users/runner/Library/Developer/Xcode/DerivedData/ModuleCache.noindex/_SwiftConcurrencyShims-5M2E6NYWF7WHRNPE9M3NRLZH0.pcm /Users/runner/Library/Developer/Xcode/DerivedData/ModuleCache.noindex/CoreText-AHV2MNP8KH5HHMCJ6DHNL3VTF.pcm /Users/runner/Library/Developer/Xcode/DerivedData/ModuleCache.noindex/WebKit-7U3JZ7R9XCZ73CX3O6HBO7KB7.pcm /Users/runner/Library/Developer/Xcode/DerivedData/ModuleCache.noindex/Spatial-AN6YBETRUBDVKVFEUPPTKNAQX.pcm /Users/runner/Library/Developer/Xcode/DerivedData/ModuleCache.noindex/SwiftUI-99TSJJW83RSMIK1O5GQJXDY17.pcm /Users/runner/Library/Developer/Xcode/DerivedData/ModuleCache.noindex/CoreVideo-8EJEB1ZAMNBK9WOWQF1PCTJRU.pcm /Users/runner/Library/Developer/Xcode/DerivedData/ModuleCache.noindex/UIKit-7L9GZOZYGXNDQERTWU5WGJSWK.pcm /Users/runner/Library/Developer/Xcode/DerivedData/ModuleCache.noindex/CoreData-631OX48XW1PB8P50U0PBJH4GZ.pcm /Users/runner/Library/Developer/Xcode/DerivedData/ModuleCache.noindex/simd-BE08MGU4C70SIZN7WRMT4C662.pcm /Users/runner/Library/Developer/Xcode/DerivedData/ModuleCache.noindex/UniformTypeIdentifiers-DDGLRV6HLNJZ1RCIBZ0HQQ34P.pcm /Users/runner/Library/Developer/Xcode/DerivedData/ModuleCache.noindex/_Builtin_stddef-MBBM0180A1YES5J798B0CHC2.pcm /Users/runner/Library/Developer/Xcode/DerivedData/ModuleCache.noindex/_DarwinFoundation1-6ZU0UEPX0G9XJUA5ALZRSZOMT.pcm /Users/runner/Library/Developer/Xcode/DerivedData/ModuleCache.noindex/OpenGLES-B4B947OJV4FFYN08HPWJDVKS0.pcm /Users/runner/Library/Developer/Xcode/DerivedData/ModuleCache.noindex/ImageIO-7OPD7WHSN743XN01WY7DG9EU3.pcm /Users/runner/Library/Developer/Xcode/DerivedData/ModuleCache.noindex/_Builtin_stdatomic-CSOPI357L8ONDB1EBUOD7GGZ6.pcm /Users/runner/Library/Developer/Xcode/DerivedData/ModuleCache.noindex/ptrcheck-1HIKBYLY7BD7BK2PKP5FSL4FM.pcm /Users/runner/Library/Developer/Xcode/DerivedData/ModuleCache.noindex/ModelIO-4EMT2CEM0FUPQJ2RAEBT7RPB4.pcm /Users/runner/Library/Developer/Xcode/DerivedData/ModuleCache.noindex/_Builtin_stdint-6RPBNTXHWM32RJJKSQ33YGSGY.pcm /Users/runner/Library/Developer/Xcode/DerivedData/ModuleCache.noindex/CoreGraphics-17XONOP6U10SWL9IVBVYY65CS.pcm /Users/runner/Library/Developer/Xcode/DerivedData/ModuleCache.noindex/Symbols-6UMQFNDYEQ5Z34DIXAAFBE4AQ.pcm /Users/runner/Library/Developer/Xcode/DerivedData/ModuleCache.noindex/_AvailabilityInternal-EHRSA4T93JD5QEUGJ4PTAI3M8.pcm /Users/runner/Library/Developer/Xcode/DerivedData/ModuleCache.noindex/Dispatch-DUVR2OTVRYC037CNRE6II4GNY.pcm /Users/runner/Library/Developer/Xcode/DerivedData/ModuleCache.noindex/UserNotifications-AD9WKJQ1LNVCF7K8IXTCPVWPT.pcm /Users/runner/Library/Developer/Xcode/DerivedData/ModuleCache.noindex/Network-1KLMR386TJ03JZJMBGKUJMHJ7.pcm /Users/runner/Library/Developer/Xcode/DerivedData/ModuleCache.noindex/os_object-8RQH58KNMHJU51VUJA5Q8688F.pcm /Users/runner/Library/Developer/Xcode/DerivedData/ModuleCache.noindex/MachO-91TI5A8RJI2RE5HWSKR7FYB9K.pcm /Users/runner/Library/Developer/Xcode/DerivedData/ModuleCache.noindex/IOSurface-NIJCMHTL7RQQ7H22MHGIH668.pcm /Users/runner/Library/Developer/Xcode/DerivedData/ModuleCache.noindex/_Builtin_intrinsics-2WQ78P0CTVC5LQGLTTCIOQ55W.pcm /Users/runner/Library/Developer/Xcode/DerivedData/ModuleCache.noindex/dnssd-ENOAOW24RM779HUEVVAVECC3X.pcm /Users/runner/Library/Developer/Xcode/DerivedData/ModuleCache.noindex/Metal-2TV4A04UPMQRLZA0MEV4DSRJ3.pcm /Users/runner/Library/Developer/Xcode/DerivedData/ModuleCache.noindex/Security-5XUAQK7VBDU1X4SKPR8PJS6QH.pcm /Users/runner/Library/Developer/Xcode/DerivedData/ModuleCache.noindex/_DarwinFoundation3-4BB489964JBZUNHUM48O90AUK.pcm /Users/runner/Library/Developer/Xcode/DerivedData/ModuleCache.noindex/CoreTransferable-36RYG7CUQ3BQ3M5LT51N15Y24.pcm /Users/runner/Library/Developer/Xcode/DerivedData/ModuleCache.noindex/ptrauth-6TNDJ1I13XOQELTZ0D2F0AORS.pcm /Users/runner/Library/Developer/Xcode/DerivedData/ModuleCache.noindex/_Builtin_float-AYIK33CJ5ACSJYYNVVDLG5TDC.pcm /Users/runner/Library/Developer/Xcode/DerivedData/ModuleCache.noindex/SwiftShims-1MABNWY2W4HF8PYUD6BPT5TAZ.pcm /Users/runner/Library/Developer/Xcode/DerivedData/ModuleCache.noindex/_Builtin_inttypes-3OBPYU86LQVMHE4ALFULA429D.pcm /Users/runner/Library/Developer/Xcode/DerivedData/ModuleCache.noindex/_Builtin_limits-E4B238HZGLY1ZAM9HGAUL5BZC.pcm /Users/runner/Library/Developer/Xcode/DerivedData/ModuleCache.noindex/FileProvider-4MELQAHOVJ8VX5XIIP9QJFDG2.pcm /Users/runner/Library/Developer/Xcode/DerivedData/ParkEmpire-fpvmemtietdwcjgpjutgfnholqlg/Build/Intermediates.noindex/ArchiveIntermediates/ParkEmpire/IntermediateBuildFilesPath/ParkEmpire.build/Release-iphoneos/ParkEmpire.build/Objects-normal/arm64/ParkEmpire-dependencies-1.json (in target 'ParkEmpire' from project 'ParkEmpire')
CompileSwift normal arm64 (in target 'ParkEmpire' from project 'ParkEmpire')
    cd /Users/runner/work/Seven-Theme-Park/Seven-Theme-Park
    
/Users/runner/work/Seven-Theme-Park/Seven-Theme-Park/ParkEmpire/Game/Simulation/Systems/TroublemakerSystem.swift:170:16: warning: value 'guardName' was defined but never used; consider replacing with boolean test
        if let guardName {
           ~~~~^
                         != nil

LinkAssetCatalog /Users/runner/work/Seven-Theme-Park/Seven-Theme-Park/ParkEmpire/Assets.xcassets (in target 'ParkEmpire' from project 'ParkEmpire')
    cd /Users/runner/work/Seven-Theme-Park/Seven-Theme-Park
    builtin-linkAssetCatalog --thinned /Users/runner/Library/Developer/Xcode/DerivedData/ParkEmpire-fpvmemtietdwcjgpjutgfnholqlg/Build/Intermediates.noindex/ArchiveIntermediates/ParkEmpire/IntermediateBuildFilesPath/ParkEmpire.build/Release-iphoneos/ParkEmpire.build/assetcatalog_output/thinned --thinned-dependencies /Users/runner/Library/Developer/Xcode/DerivedData/ParkEmpire-fpvmemtietdwcjgpjutgfnholqlg/Build/Intermediates.noindex/ArchiveIntermediates/ParkEmpire/IntermediateBuildFilesPath/ParkEmpire.build/Release-iphoneos/ParkEmpire.build/assetcatalog_dependencies_thinned --thinned-info-plist-content /Users/runner/Library/Developer/Xcode/DerivedData/ParkEmpire-fpvmemtietdwcjgpjutgfnholqlg/Build/Intermediates.noindex/ArchiveIntermediates/ParkEmpire/IntermediateBuildFilesPath/ParkEmpire.build/Release-iphoneos/ParkEmpire.build/assetcatalog_generated_info.plist_thinned --unthinned /Users/runner/Library/Developer/Xcode/DerivedData/ParkEmpire-fpvmemtietdwcjgpjutgfnholqlg/Build/Intermediates.noindex/ArchiveIntermediates/ParkEmpire/IntermediateBuildFilesPath/ParkEmpire.build/Release-iphoneos/ParkEmpire.build/assetcatalog_output/unthinned --unthinned-dependencies /Users/runner/Library/Developer/Xcode/DerivedData/ParkEmpire-fpvmemtietdwcjgpjutgfnholqlg/Build/Intermediates.noindex/ArchiveIntermediates/ParkEmpire/IntermediateBuildFilesPath/ParkEmpire.build/Release-iphoneos/ParkEmpire.build/assetcatalog_dependencies_unthinned --unthinned-info-plist-content /Users/runner/Library/Developer/Xcode/DerivedData/ParkEmpire-fpvmemtietdwcjgpjutgfnholqlg/Build/Intermediates.noindex/ArchiveIntermediates/ParkEmpire/IntermediateBuildFilesPath/ParkEmpire.build/Release-iphoneos/ParkEmpire.build/assetcatalog_generated_info.plist_unthinned --output /Users/runner/Library/Developer/Xcode/DerivedData/ParkEmpire-fpvmemtietdwcjgpjutgfnholqlg/Build/Intermediates.noindex/ArchiveIntermediates/ParkEmpire/InstallationBuildProductsLocation/Applications/ParkEmpire.app --plist-output /Users/runner/Library/Developer/Xcode/DerivedData/ParkEmpire-fpvmemtietdwcjgpjutgfnholqlg/Build/Intermediates.noindex/ArchiveIntermediates/ParkEmpire/IntermediateBuildFilesPath/ParkEmpire.build/Release-iphoneos/ParkEmpire.build/assetcatalog_generated_info.plist
note: Emplaced /Users/runner/Library/Developer/Xcode/DerivedData/ParkEmpire-fpvmemtietdwcjgpjutgfnholqlg/Build/Intermediates.noindex/ArchiveIntermediates/ParkEmpire/InstallationBuildProductsLocation/Applications/ParkEmpire.app/Assets.car (in target 'ParkEmpire' from project 'ParkEmpire')
note: Emplaced /Users/runner/Library/Developer/Xcode/DerivedData/ParkEmpire-fpvmemtietdwcjgpjutgfnholqlg/Build/Intermediates.noindex/ArchiveIntermediates/ParkEmpire/InstallationBuildProductsLocation/Applications/ParkEmpire.app/AppIcon76x76@2x~ipad.png (in target 'ParkEmpire' from project 'ParkEmpire')
note: Emplaced /Users/runner/Library/Developer/Xcode/DerivedData/ParkEmpire-fpvmemtietdwcjgpjutgfnholqlg/Build/Intermediates.noindex/ArchiveIntermediates/ParkEmpire/InstallationBuildProductsLocation/Applications/ParkEmpire.app/AppIcon60x60@2x.png (in target 'ParkEmpire' from project 'ParkEmpire')

ProcessInfoPlistFile /Users/runner/Library/Developer/Xcode/DerivedData/ParkEmpire-fpvmemtietdwcjgpjutgfnholqlg/Build/Intermediates.noindex/ArchiveIntermediates/ParkEmpire/InstallationBuildProductsLocation/Applications/ParkEmpire.app/Info.plist /Users/runner/work/Seven-Theme-Park/Seven-Theme-Park/Config/Info.plist (in target 'ParkEmpire' from project 'ParkEmpire')
    cd /Users/runner/work/Seven-Theme-Park/Seven-Theme-Park
    builtin-infoPlistUtility /Users/runner/work/Seven-Theme-Park/Seven-Theme-Park/Config/Info.plist -producttype com.apple.product-type.application -genpkginfo /Users/runner/Library/Developer/Xcode/DerivedData/ParkEmpire-fpvmemtietdwcjgpjutgfnholqlg/Build/Intermediates.noindex/ArchiveIntermediates/ParkEmpire/InstallationBuildProductsLocation/Applications/ParkEmpire.app/PkgInfo -expandbuildsettings -format binary -platform iphoneos -additionalcontentfile /Users/runner/Library/Developer/Xcode/DerivedData/ParkEmpire-fpvmemtietdwcjgpjutgfnholqlg/Build/Intermediates.noindex/ArchiveIntermediates/ParkEmpire/IntermediateBuildFilesPath/ParkEmpire.build/Release-iphoneos/ParkEmpire.build/assetcatalog_generated_info.plist -scanforprivacyfile /Users/runner/Library/Developer/Xcode/DerivedData/ParkEmpire-fpvmemtietdwcjgpjutgfnholqlg/Build/Intermediates.noindex/ArchiveIntermediates/ParkEmpire/InstallationBuildProductsLocation/Applications/ParkEmpire.app/Frameworks/GoogleMobileAds.framework -scanforprivacyfile /Users/runner/Library/Developer/Xcode/DerivedData/ParkEmpire-fpvmemtietdwcjgpjutgfnholqlg/Build/Intermediates.noindex/ArchiveIntermediates/ParkEmpire/InstallationBuildProductsLocation/Applications/ParkEmpire.app/Frameworks/UserMessagingPlatform.framework -requiredArchitecture arm64 -o /Users/runner/Library/Developer/Xcode/DerivedData/ParkEmpire-fpvmemtietdwcjgpjutgfnholqlg/Build/Intermediates.noindex/ArchiveIntermediates/ParkEmpire/InstallationBuildProductsLocation/Applications/ParkEmpire.app/Info.plist

SwiftDriverJobDiscovery normal arm64 Compiling AppInfo.swift, AppRouter.swift, ParkEmpireApp.swift, RootView.swift, AdBoostEffects.swift, BoostCenter.swift, RewardedAdCenter.swift, AchievementDefinition.swift, AttractionDefinition.swift, Balance.swift, BuildableDefinition.swift, BuildingAppearance.swift, CarParkDefinition.swift, CoasterElementDefinition.swift, CurrencyFormatter.swift, FacilityDefinition.swift, GameContent.swift, GameMode.swift, GuestAppearance.swift, GuestNames.swift, GuestPrize.swift, MapCatalogue.swift, SceneryDefinition.swift, StaffDefinition.swift, ThoughtCatalog.swift, TrialContent.swift, TutorialContent.swift, UpgradeDefinition.swift, ParkPerks.swift, PerkContent.swift, DisplaySettings.swift, Attraction.swift, Facility.swift, Guest.swift, SceneryItem.swift, Staff.swift, TrackElement.swift, AchievementSystem.swift, AttractionSystem.swift, CleanlinessSystem.swift, CriticSystem.swift, DemandSystem.swift, EconomySystem.swift, FacilitySystem.swift, GuestAISystem.swift, InspectionSystem.swift, MaintenanceSystem.swift, MovementSystem.swift, PathfindingSystem.swift, PromotionSystem.swift, RatingSystem.swift, StaffSystem.swift, TourBusSystem.swift, TrialSystem.swift, TroublemakerSystem.swift, FacilityAppeal.swift, GuestEconomics.swift, Locomotion.swift, SeededGenerator.swift, SimMath.swift, SimulationEngine.swift, Economy.swift, FinanceSeries.swift, GameState.swift, GameState+Building.swift, ParkAlert.swift, ParkEvent.swift, ParkStatistics.swift, SimulationClock.swift, Snapshots.swift, TimedModifier.swift, TrialSnapshot.swift, GridCoord.swift, MapLayout.swift, ParkMap.swift, PlacementValidator.swift, Tile.swift, TrackNetwork.swift, DemoPark.swift, GameController.swift, MapEditorModel.swift, TutorialDirector.swift, CustomMapStore.swift, LenientDecoding.swift, PerkStore.swift, SaveGame.swift, SaveGameService.swift, TrialProgressStore.swift, BuildingArtwork.swift, BuildingArtwork+GameBooths.swift, BuildingArtwork+MiniGolf.swift, BuildingArtwork+Scenery.swift, BuildingNode.swift, CoasterElementArtwork.swift, GuestArtwork.swift, MapArtwork.swift, ParkPalette.swift, ParkScene.swift, PathMotion.swift, PersonArtwork.swift, SpriteFactory.swift, StaffArtwork.swift, TerrainArtwork.swift, AchievementsView.swift, CelebrationView.swift, BoostsView.swift, BuildMenuView.swift, Compatibility.swift, Components.swift, Theme.swift, EventCardView.swift, FinanceCanvasChart.swift, FinanceChartPalette.swift, FinanceChartView.swift, FinanceMarksChart.swift, FinanceView.swift, AlertListView.swift, HUDView.swift, SpeedControlView.swift, AttractionInspectorView.swift, FacilityInspectorView.swift, GuestInspectorView.swift, InspectorHostView.swift, StaffInspectorView.swift, UpgradeRowView.swift, ManagementView.swift, MapEditorView.swift, MapPickerView.swift, StaffView.swift, PerkTreeView.swift, TrialLadderView.swift, TrialResultView.swift, TrialTrackerView.swift, TutorialTipView.swift, AboutView.swift, DemoParkBackdrop.swift, DisplaySettingsView.swift, GameView.swift, MainMenuView.swift, ParkSettingsView.swift, TaglineView.swift, GeneratedAssetSymbols.swift (in target 'ParkEmpire' from project 'ParkEmpire')

SwiftDriver\ Compilation\ Requirements ParkEmpire normal arm64 com.apple.xcode.tools.swift.compiler (in target 'ParkEmpire' from project 'ParkEmpire')
    cd /Users/runner/work/Seven-Theme-Park/Seven-Theme-Park
    builtin-Swift-Compilation-Requirements -- /Applications/Xcode_26.3.app/Contents/Developer/Toolchains/XcodeDefault.xctoolchain/usr/bin/swiftc -module-name ParkEmpire -O -whole-module-optimization -enforce-exclusivity\=checked @/Users/runner/Library/Developer/Xcode/DerivedData/ParkEmpire-fpvmemtietdwcjgpjutgfnholqlg/Build/Intermediates.noindex/ArchiveIntermediates/ParkEmpire/IntermediateBuildFilesPath/ParkEmpire.build/Release-iphoneos/ParkEmpire.build/Objects-normal/arm64/ParkEmpire.SwiftFileList -Xcc -fmodule-map-file\=/Users/runner/Library/Developer/Xcode/DerivedData/ParkEmpire-fpvmemtietdwcjgpjutgfnholqlg/Build/Intermediates.noindex/ArchiveIntermediates/ParkEmpire/IntermediateBuildFilesPath/GeneratedModuleMaps-iphoneos/UserMessagingPlatformTarget.modulemap -enable-bare-slash-regex -enable-experimental-feature DebugDescriptionMacro -sdk /Applications/Xcode_26.3.app/Contents/Developer/Platforms/iPhoneOS.platform/Developer/SDKs/iPhoneOS26.2.sdk -target arm64-apple-ios15.0 -g -module-cache-path /Users/runner/Library/Developer/Xcode/DerivedData/ModuleCache.noindex -Xfrontend -serialize-debugging-options -swift-version 5 -I /Users/runner/Library/Developer/Xcode/DerivedData/ParkEmpire-fpvmemtietdwcjgpjutgfnholqlg/Build/Intermediates.noindex/ArchiveIntermediates/ParkEmpire/BuildProductsPath/Release-iphoneos -F /Users/runner/Library/Developer/Xcode/DerivedData/ParkEmpire-fpvmemtietdwcjgpjutgfnholqlg/Build/Intermediates.noindex/ArchiveIntermediates/ParkEmpire/BuildProductsPath/Release-iphoneos/PackageFrameworks -F /Users/runner/Library/Developer/Xcode/DerivedData/ParkEmpire-fpvmemtietdwcjgpjutgfnholqlg/Build/Intermediates.noindex/ArchiveIntermediates/ParkEmpire/BuildProductsPath/Release-iphoneos/PackageFrameworks -F /Users/runner/Library/Developer/Xcode/DerivedData/ParkEmpire-fpvmemtietdwcjgpjutgfnholqlg/Build/Intermediates.noindex/ArchiveIntermediates/ParkEmpire/BuildProductsPath/Release-iphoneos -emit-localized-strings -emit-localized-strings-path /Users/runner/Library/Developer/Xcode/DerivedData/ParkEmpire-fpvmemtietdwcjgpjutgfnholqlg/Build/Intermediates.noindex/ArchiveIntermediates/ParkEmpire/IntermediateBuildFilesPath/ParkEmpire.build/Release-iphoneos/ParkEmpire.build/Objects-normal/arm64 -c -num-threads 3 -Xcc -ivfsstatcache -Xcc /Users/runner/Library/Developer/Xcode/DerivedData/SDKStatCaches.noindex/iphoneos26.2-23C57-dc75598d0054f22ec865fa860f139d722dd23b4ebda140f7210d155ff1243552.sdkstatcache -output-file-map /Users/runner/Library/Developer/Xcode/DerivedData/ParkEmpire-fpvmemtietdwcjgpjutgfnholqlg/Build/Intermediates.noindex/ArchiveIntermediates/ParkEmpire/IntermediateBuildFilesPath/ParkEmpire.build/Release-iphoneos/ParkEmpire.build/Objects-normal/arm64/ParkEmpire-OutputFileMap.json -use-frontend-parseable-output -save-temps -no-color-diagnostics -explicit-module-build -module-cache-path /Users/runner/Library/Developer/Xcode/DerivedData/ParkEmpire-fpvmemtietdwcjgpjutgfnholqlg/Build/Intermediates.noindex/ArchiveIntermediates/ParkEmpire/IntermediateBuildFilesPath/SwiftExplicitPrecompiledModules -clang-scanner-module-cache-path /Users/runner/Library/Developer/Xcode/DerivedData/ModuleCache.noindex -sdk-module-cache-path /Users/runner/Library/Developer/Xcode/DerivedData/ModuleCache.noindex -serialize-diagnostics -emit-dependencies -emit-module -emit-module-path /Users/runner/Library/Developer/Xcode/DerivedData/ParkEmpire-fpvmemtietdwcjgpjutgfnholqlg/Build/Intermediates.noindex/ArchiveIntermediates/ParkEmpire/IntermediateBuildFilesPath/ParkEmpire.build/Release-iphoneos/ParkEmpire.build/Objects-normal/arm64/ParkEmpire.swiftmodule -validate-clang-modules-once -clang-build-session-file /Users/runner/Library/Developer/Xcode/DerivedData/ModuleCache.noindex/Session.modulevalidation -Xcc -I/Users/runner/Library/Developer/Xcode/DerivedData/ParkEmpire-fpvmemtietdwcjgpjutgfnholqlg/Build/Intermediates.noindex/ArchiveIntermediates/ParkEmpire/IntermediateBuildFilesPath/ParkEmpire.build/Release-iphoneos/ParkEmpire.build/swift-overrides.hmap -emit-const-values -Xfrontend -const-gather-protocols-file -Xfrontend /Users/runner/Library/Developer/Xcode/DerivedData/ParkEmpire-fpvmemtietdwcjgpjutgfnholqlg/Build/Intermediates.noindex/ArchiveIntermediates/ParkEmpire/IntermediateBuildFilesPath/ParkEmpire.build/Release-iphoneos/ParkEmpire.build/Objects-normal/arm64/ParkEmpire_const_extract_protocols.json -Xcc -iquote -Xcc /Users/runner/Library/Developer/Xcode/DerivedData/ParkEmpire-fpvmemtietdwcjgpjutgfnholqlg/Build/Intermediates.noindex/ArchiveIntermediates/ParkEmpire/IntermediateBuildFilesPath/ParkEmpire.build/Release-iphoneos/ParkEmpire.build/ParkEmpire-generated-files.hmap -Xcc -I/Users/runner/Library/Developer/Xcode/DerivedData/ParkEmpire-fpvmemtietdwcjgpjutgfnholqlg/Build/Intermediates.noindex/ArchiveIntermediates/ParkEmpire/IntermediateBuildFilesPath/ParkEmpire.build/Release-iphoneos/ParkEmpire.build/ParkEmpire-own-target-headers.hmap -Xcc -I/Users/runner/Library/Developer/Xcode/DerivedData/ParkEmpire-fpvmemtietdwcjgpjutgfnholqlg/Build/Intermediates.noindex/ArchiveIntermediates/ParkEmpire/IntermediateBuildFilesPath/ParkEmpire.build/Release-iphoneos/ParkEmpire.build/ParkEmpire-all-non-framework-target-headers.hmap -Xcc -ivfsoverlay -Xcc /Users/runner/Library/Developer/Xcode/DerivedData/ParkEmpire-fpvmemtietdwcjgpjutgfnholqlg/Build/Intermediates.noindex/ArchiveIntermediates/ParkEmpire/IntermediateBuildFilesPath/ParkEmpire.build/Release-iphoneos/ParkEmpire-29670ae6b33e365cba363b65a636c35e-VFS-iphoneos/all-product-headers.yaml -Xcc -iquote -Xcc /Users/runner/Library/Developer/Xcode/DerivedData/ParkEmpire-fpvmemtietdwcjgpjutgfnholqlg/Build/Intermediates.noindex/ArchiveIntermediates/ParkEmpire/IntermediateBuildFilesPath/ParkEmpire.build/Release-iphoneos/ParkEmpire.build/ParkEmpire-project-headers.hmap -Xcc -I/Users/runner/Library/Developer/Xcode/DerivedData/ParkEmpire-fpvmemtietdwcjgpjutgfnholqlg/SourcePackages/checkouts/swift-package-manager-google-user-messaging-platform/UserMessagingPlatformTarget/include -Xcc -I/Users/runner/Library/Developer/Xcode/DerivedData/ParkEmpire-fpvmemtietdwcjgpjutgfnholqlg/Build/Intermediates.noindex/ArchiveIntermediates/ParkEmpire/BuildProductsPath/Release-iphoneos/include -Xcc -I/Users/runner/Library/Developer/Xcode/DerivedData/ParkEmpire-fpvmemtietdwcjgpjutgfnholqlg/Build/Intermediates.noindex/ArchiveIntermediates/ParkEmpire/IntermediateBuildFilesPath/ParkEmpire.build/Release-iphoneos/ParkEmpire.build/DerivedSources-normal/arm64 -Xcc -I/Users/runner/Library/Developer/Xcode/DerivedData/ParkEmpire-fpvmemtietdwcjgpjutgfnholqlg/Build/Intermediates.noindex/ArchiveIntermediates/ParkEmpire/IntermediateBuildFilesPath/ParkEmpire.build/Release-iphoneos/ParkEmpire.build/DerivedSources/arm64 -Xcc -I/Users/runner/Library/Developer/Xcode/DerivedData/ParkEmpire-fpvmemtietdwcjgpjutgfnholqlg/Build/Intermediates.noindex/ArchiveIntermediates/ParkEmpire/IntermediateBuildFilesPath/ParkEmpire.build/Release-iphoneos/ParkEmpire.build/DerivedSources -emit-objc-header -emit-objc-header-path /Users/runner/Library/Developer/Xcode/DerivedData/ParkEmpire-fpvmemtietdwcjgpjutgfnholqlg/Build/Intermediates.noindex/ArchiveIntermediates/ParkEmpire/IntermediateBuildFilesPath/ParkEmpire.build/Release-iphoneos/ParkEmpire.build/Objects-normal/arm64/ParkEmpire-Swift.h -working-directory /Users/runner/work/Seven-Theme-Park/Seven-Theme-Park -no-emit-module-separately-wmo

SwiftMergeGeneratedHeaders /Users/runner/Library/Developer/Xcode/DerivedData/ParkEmpire-fpvmemtietdwcjgpjutgfnholqlg/Build/Intermediates.noindex/ArchiveIntermediates/ParkEmpire/IntermediateBuildFilesPath/ParkEmpire.build/Release-iphoneos/ParkEmpire.build/DerivedSources/ParkEmpire-Swift.h /Users/runner/Library/Developer/Xcode/DerivedData/ParkEmpire-fpvmemtietdwcjgpjutgfnholqlg/Build/Intermediates.noindex/ArchiveIntermediates/ParkEmpire/IntermediateBuildFilesPath/ParkEmpire.build/Release-iphoneos/ParkEmpire.build/Objects-normal/arm64/ParkEmpire-Swift.h (in target 'ParkEmpire' from project 'ParkEmpire')
    cd /Users/runner/work/Seven-Theme-Park/Seven-Theme-Park
    builtin-swiftHeaderTool -arch arm64 /Users/runner/Library/Developer/Xcode/DerivedData/ParkEmpire-fpvmemtietdwcjgpjutgfnholqlg/Build/Intermediates.noindex/ArchiveIntermediates/ParkEmpire/IntermediateBuildFilesPath/ParkEmpire.build/Release-iphoneos/ParkEmpire.build/Objects-normal/arm64/ParkEmpire-Swift.h -o /Users/runner/Library/Developer/Xcode/DerivedData/ParkEmpire-fpvmemtietdwcjgpjutgfnholqlg/Build/Intermediates.noindex/ArchiveIntermediates/ParkEmpire/IntermediateBuildFilesPath/ParkEmpire.build/Release-iphoneos/ParkEmpire.build/DerivedSources/ParkEmpire-Swift.h

Copy /Users/runner/Library/Developer/Xcode/DerivedData/ParkEmpire-fpvmemtietdwcjgpjutgfnholqlg/Build/Intermediates.noindex/ArchiveIntermediates/ParkEmpire/BuildProductsPath/Release-iphoneos/ParkEmpire.swiftmodule/arm64-apple-ios.swiftdoc /Users/runner/Library/Developer/Xcode/DerivedData/ParkEmpire-fpvmemtietdwcjgpjutgfnholqlg/Build/Intermediates.noindex/ArchiveIntermediates/ParkEmpire/IntermediateBuildFilesPath/ParkEmpire.build/Release-iphoneos/ParkEmpire.build/Objects-normal/arm64/ParkEmpire.swiftdoc (in target 'ParkEmpire' from project 'ParkEmpire')
    cd /Users/runner/work/Seven-Theme-Park/Seven-Theme-Park
    builtin-copy -exclude .DS_Store -exclude CVS -exclude .svn -exclude .git -exclude .hg -resolve-src-symlinks -rename /Users/runner/Library/Developer/Xcode/DerivedData/ParkEmpire-fpvmemtietdwcjgpjutgfnholqlg/Build/Intermediates.noindex/ArchiveIntermediates/ParkEmpire/IntermediateBuildFilesPath/ParkEmpire.build/Release-iphoneos/ParkEmpire.build/Objects-normal/arm64/ParkEmpire.swiftdoc /Users/runner/Library/Developer/Xcode/DerivedData/ParkEmpire-fpvmemtietdwcjgpjutgfnholqlg/Build/Intermediates.noindex/ArchiveIntermediates/ParkEmpire/BuildProductsPath/Release-iphoneos/ParkEmpire.swiftmodule/arm64-apple-ios.swiftdoc

Copy /Users/runner/Library/Developer/Xcode/DerivedData/ParkEmpire-fpvmemtietdwcjgpjutgfnholqlg/Build/Intermediates.noindex/ArchiveIntermediates/ParkEmpire/BuildProductsPath/Release-iphoneos/ParkEmpire.swiftmodule/arm64-apple-ios.swiftmodule /Users/runner/Library/Developer/Xcode/DerivedData/ParkEmpire-fpvmemtietdwcjgpjutgfnholqlg/Build/Intermediates.noindex/ArchiveIntermediates/ParkEmpire/IntermediateBuildFilesPath/ParkEmpire.build/Release-iphoneos/ParkEmpire.build/Objects-normal/arm64/ParkEmpire.swiftmodule (in target 'ParkEmpire' from project 'ParkEmpire')
    cd /Users/runner/work/Seven-Theme-Park/Seven-Theme-Park
    builtin-copy -exclude .DS_Store -exclude CVS -exclude .svn -exclude .git -exclude .hg -resolve-src-symlinks -rename /Users/runner/Library/Developer/Xcode/DerivedData/ParkEmpire-fpvmemtietdwcjgpjutgfnholqlg/Build/Intermediates.noindex/ArchiveIntermediates/ParkEmpire/IntermediateBuildFilesPath/ParkEmpire.build/Release-iphoneos/ParkEmpire.build/Objects-normal/arm64/ParkEmpire.swiftmodule /Users/runner/Library/Developer/Xcode/DerivedData/ParkEmpire-fpvmemtietdwcjgpjutgfnholqlg/Build/Intermediates.noindex/ArchiveIntermediates/ParkEmpire/BuildProductsPath/Release-iphoneos/ParkEmpire.swiftmodule/arm64-apple-ios.swiftmodule

Copy /Users/runner/Library/Developer/Xcode/DerivedData/ParkEmpire-fpvmemtietdwcjgpjutgfnholqlg/Build/Intermediates.noindex/ArchiveIntermediates/ParkEmpire/BuildProductsPath/Release-iphoneos/ParkEmpire.swiftmodule/arm64-apple-ios.abi.json /Users/runner/Library/Developer/Xcode/DerivedData/ParkEmpire-fpvmemtietdwcjgpjutgfnholqlg/Build/Intermediates.noindex/ArchiveIntermediates/ParkEmpire/IntermediateBuildFilesPath/ParkEmpire.build/Release-iphoneos/ParkEmpire.build/Objects-normal/arm64/ParkEmpire.abi.json (in target 'ParkEmpire' from project 'ParkEmpire')
    cd /Users/runner/work/Seven-Theme-Park/Seven-Theme-Park
    builtin-copy -exclude .DS_Store -exclude CVS -exclude .svn -exclude .git -exclude .hg -resolve-src-symlinks -rename /Users/runner/Library/Developer/Xcode/DerivedData/ParkEmpire-fpvmemtietdwcjgpjutgfnholqlg/Build/Intermediates.noindex/ArchiveIntermediates/ParkEmpire/IntermediateBuildFilesPath/ParkEmpire.build/Release-iphoneos/ParkEmpire.build/Objects-normal/arm64/ParkEmpire.abi.json /Users/runner/Library/Developer/Xcode/DerivedData/ParkEmpire-fpvmemtietdwcjgpjutgfnholqlg/Build/Intermediates.noindex/ArchiveIntermediates/ParkEmpire/BuildProductsPath/Release-iphoneos/ParkEmpire.swiftmodule/arm64-apple-ios.abi.json

Ld /Users/runner/Library/Developer/Xcode/DerivedData/ParkEmpire-fpvmemtietdwcjgpjutgfnholqlg/Build/Intermediates.noindex/ArchiveIntermediates/ParkEmpire/InstallationBuildProductsLocation/Applications/ParkEmpire.app/ParkEmpire normal (in target 'ParkEmpire' from project 'ParkEmpire')
    cd /Users/runner/work/Seven-Theme-Park/Seven-Theme-Park
    /Applications/Xcode_26.3.app/Contents/Developer/Toolchains/XcodeDefault.xctoolchain/usr/bin/clang -Xlinker -reproducible -target arm64-apple-ios15.0 -isysroot /Applications/Xcode_26.3.app/Contents/Developer/Platforms/iPhoneOS.platform/Developer/SDKs/iPhoneOS26.2.sdk -Os -L/Users/runner/Library/Developer/Xcode/DerivedData/ParkEmpire-fpvmemtietdwcjgpjutgfnholqlg/Build/Intermediates.noindex/ArchiveIntermediates/ParkEmpire/IntermediateBuildFilesPath/EagerLinkingTBDs/Release-iphoneos -L/Users/runner/Library/Developer/Xcode/DerivedData/ParkEmpire-fpvmemtietdwcjgpjutgfnholqlg/Build/Intermediates.noindex/ArchiveIntermediates/ParkEmpire/BuildProductsPath/Release-iphoneos -F/Users/runner/Library/Developer/Xcode/DerivedData/ParkEmpire-fpvmemtietdwcjgpjutgfnholqlg/Build/Intermediates.noindex/ArchiveIntermediates/ParkEmpire/IntermediateBuildFilesPath/EagerLinkingTBDs/Release-iphoneos -F/Users/runner/Library/Developer/Xcode/DerivedData/ParkEmpire-fpvmemtietdwcjgpjutgfnholqlg/Build/Intermediates.noindex/ArchiveIntermediates/ParkEmpire/BuildProductsPath/Release-iphoneos/PackageFrameworks -F/Users/runner/Library/Developer/Xcode/DerivedData/ParkEmpire-fpvmemtietdwcjgpjutgfnholqlg/Build/Intermediates.noindex/ArchiveIntermediates/ParkEmpire/BuildProductsPath/Release-iphoneos/PackageFrameworks -F/Users/runner/Library/Developer/Xcode/DerivedData/ParkEmpire-fpvmemtietdwcjgpjutgfnholqlg/Build/Intermediates.noindex/ArchiveIntermediates/ParkEmpire/BuildProductsPath/Release-iphoneos -filelist /Users/runner/Library/Developer/Xcode/DerivedData/ParkEmpire-fpvmemtietdwcjgpjutgfnholqlg/Build/Intermediates.noindex/ArchiveIntermediates/ParkEmpire/IntermediateBuildFilesPath/ParkEmpire.build/Release-iphoneos/ParkEmpire.build/Objects-normal/arm64/ParkEmpire.LinkFileList -Xlinker -rpath -Xlinker /usr/lib/swift -dead_strip -Xlinker -object_path_lto -Xlinker /Users/runner/Library/Developer/Xcode/DerivedData/ParkEmpire-fpvmemtietdwcjgpjutgfnholqlg/Build/Intermediates.noindex/ArchiveIntermediates/ParkEmpire/IntermediateBuildFilesPath/ParkEmpire.build/Release-iphoneos/ParkEmpire.build/Objects-normal/arm64/ParkEmpire_lto.o -Xlinker -final_output -Xlinker /Applications/ParkEmpire.app/ParkEmpire -Xlinker -dependency_info -Xlinker /Users/runner/Library/Developer/Xcode/DerivedData/ParkEmpire-fpvmemtietdwcjgpjutgfnholqlg/Build/Intermediates.noindex/ArchiveIntermediates/ParkEmpire/IntermediateBuildFilesPath/ParkEmpire.build/Release-iphoneos/ParkEmpire.build/Objects-normal/arm64/ParkEmpire_dependency_info.dat -fobjc-link-runtime -L/Applications/Xcode_26.3.app/Contents/Developer/Toolchains/XcodeDefault.xctoolchain/usr/lib/swift/iphoneos -L/usr/lib/swift -Xlinker -add_ast_path -Xlinker /Users/runner/Library/Developer/Xcode/DerivedData/ParkEmpire-fpvmemtietdwcjgpjutgfnholqlg/Build/Intermediates.noindex/ArchiveIntermediates/ParkEmpire/IntermediateBuildFilesPath/ParkEmpire.build/Release-iphoneos/ParkEmpire.build/Objects-normal/arm64/ParkEmpire.swiftmodule @/Users/runner/Library/Developer/Xcode/DerivedData/ParkEmpire-fpvmemtietdwcjgpjutgfnholqlg/Build/Intermediates.noindex/ArchiveIntermediates/ParkEmpire/IntermediateBuildFilesPath/ParkEmpire.build/Release-iphoneos/ParkEmpire.build/Objects-normal/arm64/ParkEmpire-linker-args.resp -Wl,-no_warn_duplicate_libraries -Wl,-no_warn_duplicate_libraries -framework WebKit -framework GoogleMobileAds -framework UserMessagingPlatform -Xlinker -no_adhoc_codesign -o /Users/runner/Library/Developer/Xcode/DerivedData/ParkEmpire-fpvmemtietdwcjgpjutgfnholqlg/Build/Intermediates.noindex/ArchiveIntermediates/ParkEmpire/InstallationBuildProductsLocation/Applications/ParkEmpire.app/ParkEmpire -Xlinker -add_ast_path -Xlinker /Users/runner/Library/Developer/Xcode/DerivedData/ParkEmpire-fpvmemtietdwcjgpjutgfnholqlg/Build/Intermediates.noindex/ArchiveIntermediates/ParkEmpire/IntermediateBuildFilesPath/GoogleMobileAds.build/Release-iphoneos/GoogleMobileAdsTarget.build/Objects-normal/arm64/GoogleMobileAdsTarget.swiftmodule @/Users/runner/Library/Developer/Xcode/DerivedData/ParkEmpire-fpvmemtietdwcjgpjutgfnholqlg/Build/Intermediates.noindex/ArchiveIntermediates/ParkEmpire/IntermediateBuildFilesPath/GoogleMobileAds.build/Release-iphoneos/GoogleMobileAdsTarget.build/Objects-normal/arm64/GoogleMobileAdsTarget-linker-args.resp

ExtractAppIntentsMetadata (in target 'ParkEmpire' from project 'ParkEmpire')
    cd /Users/runner/work/Seven-Theme-Park/Seven-Theme-Park
    /Applications/Xcode_26.3.app/Contents/Developer/Toolchains/XcodeDefault.xctoolchain/usr/bin/appintentsmetadataprocessor --toolchain-dir /var/run/com.apple.security.cryptexd/mnt/com.apple.MobileAsset.MetalToolchain-v17.3.7003.10.sxkMMS/Metal.xctoolchain --module-name ParkEmpire --sdk-root /Applications/Xcode_26.3.app/Contents/Developer/Platforms/iPhoneOS.platform/Developer/SDKs/iPhoneOS26.2.sdk --xcode-version 17C529 --platform-family iOS --deployment-target 15.0 --bundle-identifier com.wickedstudios.wonderlot.7X49UN26T8 --output /Users/runner/Library/Developer/Xcode/DerivedData/ParkEmpire-fpvmemtietdwcjgpjutgfnholqlg/Build/Intermediates.noindex/ArchiveIntermediates/ParkEmpire/InstallationBuildProductsLocation/Applications/ParkEmpire.app --target-triple arm64-apple-ios15.0 --binary-file /Users/runner/Library/Developer/Xcode/DerivedData/ParkEmpire-fpvmemtietdwcjgpjutgfnholqlg/Build/Intermediates.noindex/ArchiveIntermediates/ParkEmpire/InstallationBuildProductsLocation/Applications/ParkEmpire.app/ParkEmpire --dependency-file /Users/runner/Library/Developer/Xcode/DerivedData/ParkEmpire-fpvmemtietdwcjgpjutgfnholqlg/Build/Intermediates.noindex/ArchiveIntermediates/ParkEmpire/IntermediateBuildFilesPath/ParkEmpire.build/Release-iphoneos/ParkEmpire.build/Objects-normal/arm64/ParkEmpire_dependency_info.dat --stringsdata-file /Users/runner/Library/Developer/Xcode/DerivedData/ParkEmpire-fpvmemtietdwcjgpjutgfnholqlg/Build/Intermediates.noindex/ArchiveIntermediates/ParkEmpire/IntermediateBuildFilesPath/ParkEmpire.build/Release-iphoneos/ParkEmpire.build/Objects-normal/arm64/ExtractedAppShortcutsMetadata.stringsdata --source-file-list /Users/runner/Library/Developer/Xcode/DerivedData/ParkEmpire-fpvmemtietdwcjgpjutgfnholqlg/Build/Intermediates.noindex/ArchiveIntermediates/ParkEmpire/IntermediateBuildFilesPath/ParkEmpire.build/Release-iphoneos/ParkEmpire.build/Objects-normal/arm64/ParkEmpire.SwiftFileList --metadata-file-list /Users/runner/Library/Developer/Xcode/DerivedData/ParkEmpire-fpvmemtietdwcjgpjutgfnholqlg/Build/Intermediates.noindex/ArchiveIntermediates/ParkEmpire/IntermediateBuildFilesPath/ParkEmpire.build/Release-iphoneos/ParkEmpire.build/ParkEmpire.DependencyMetadataFileList --static-metadata-file-list /Users/runner/Library/Developer/Xcode/DerivedData/ParkEmpire-fpvmemtietdwcjgpjutgfnholqlg/Build/Intermediates.noindex/ArchiveIntermediates/ParkEmpire/IntermediateBuildFilesPath/ParkEmpire.build/Release-iphoneos/ParkEmpire.build/ParkEmpire.DependencyStaticMetadataFileList --swift-const-vals-list /Users/runner/Library/Developer/Xcode/DerivedData/ParkEmpire-fpvmemtietdwcjgpjutgfnholqlg/Build/Intermediates.noindex/ArchiveIntermediates/ParkEmpire/IntermediateBuildFilesPath/ParkEmpire.build/Release-iphoneos/ParkEmpire.build/Objects-normal/arm64/ParkEmpire.SwiftConstValuesFileList --compile-time-extraction --deployment-aware-processing --validate-assistant-intents --no-app-shortcuts-localization
2026-09-17 03:46:54.620 appintentsmetadataprocessor[4551:17126] Starting appintentsmetadataprocessor export
2026-09-17 03:46:54.625 appintentsmetadataprocessor[4551:17126] warning: Metadata extraction skipped. No AppIntents.framework dependency found.

CopySwiftLibs /Users/runner/Library/Developer/Xcode/DerivedData/ParkEmpire-fpvmemtietdwcjgpjutgfnholqlg/Build/Intermediates.noindex/ArchiveIntermediates/ParkEmpire/InstallationBuildProductsLocation/Applications/ParkEmpire.app (in target 'ParkEmpire' from project 'ParkEmpire')
    cd /Users/runner/work/Seven-Theme-Park/Seven-Theme-Park
    builtin-swiftStdLibTool --copy --verbose --sign 7691647C2057D501FD2D348DEC1915B5D7D3BCCD --Xcodesign --keychain --Xcodesign /Users/runner/work/_temp/build.keychain-db --scan-executable /Users/runner/Library/Developer/Xcode/DerivedData/ParkEmpire-fpvmemtietdwcjgpjutgfnholqlg/Build/Intermediates.noindex/ArchiveIntermediates/ParkEmpire/InstallationBuildProductsLocation/Applications/ParkEmpire.app/ParkEmpire --scan-folder /Users/runner/Library/Developer/Xcode/DerivedData/ParkEmpire-fpvmemtietdwcjgpjutgfnholqlg/Build/Intermediates.noindex/ArchiveIntermediates/ParkEmpire/InstallationBuildProductsLocation/Applications/ParkEmpire.app/Frameworks --scan-folder /Users/runner/Library/Developer/Xcode/DerivedData/ParkEmpire-fpvmemtietdwcjgpjutgfnholqlg/Build/Intermediates.noindex/ArchiveIntermediates/ParkEmpire/InstallationBuildProductsLocation/Applications/ParkEmpire.app/PlugIns --scan-folder /Users/runner/Library/Developer/Xcode/DerivedData/ParkEmpire-fpvmemtietdwcjgpjutgfnholqlg/Build/Intermediates.noindex/ArchiveIntermediates/ParkEmpire/InstallationBuildProductsLocation/Applications/ParkEmpire.app/SystemExtensions --scan-folder /Users/runner/Library/Developer/Xcode/DerivedData/ParkEmpire-fpvmemtietdwcjgpjutgfnholqlg/Build/Intermediates.noindex/ArchiveIntermediates/ParkEmpire/InstallationBuildProductsLocation/Applications/ParkEmpire.app/Extensions --platform iphoneos --toolchain /var/run/com.apple.security.cryptexd/mnt/com.apple.MobileAsset.MetalToolchain-v17.3.7003.10.sxkMMS/Metal.xctoolchain --toolchain /Applications/Xcode_26.3.app/Contents/Developer/Toolchains/XcodeDefault.xctoolchain --destination /Users/runner/Library/Developer/Xcode/DerivedData/ParkEmpire-fpvmemtietdwcjgpjutgfnholqlg/Build/Intermediates.noindex/ArchiveIntermediates/ParkEmpire/InstallationBuildProductsLocation/Applications/ParkEmpire.app/Frameworks --unsigned-destination /Users/runner/Library/Developer/Xcode/DerivedData/ParkEmpire-fpvmemtietdwcjgpjutgfnholqlg/Build/Intermediates.noindex/ArchiveIntermediates/ParkEmpire/BuildProductsPath/SwiftSupport --strip-bitcode --strip-bitcode-tool /Applications/Xcode_26.3.app/Contents/Developer/Toolchains/XcodeDefault.xctoolchain/usr/bin/bitcode_strip --emit-dependency-info /Users/runner/Library/Developer/Xcode/DerivedData/ParkEmpire-fpvmemtietdwcjgpjutgfnholqlg/Build/Intermediates.noindex/ArchiveIntermediates/ParkEmpire/IntermediateBuildFilesPath/ParkEmpire.build/Release-iphoneos/ParkEmpire.build/SwiftStdLibToolInputDependencies.dep --filter-for-swift-os --back-deploy-swift-span

GenerateDSYMFile /Users/runner/Library/Developer/Xcode/DerivedData/ParkEmpire-fpvmemtietdwcjgpjutgfnholqlg/Build/Intermediates.noindex/ArchiveIntermediates/ParkEmpire/BuildProductsPath/Release-iphoneos/ParkEmpire.app.dSYM /Users/runner/Library/Developer/Xcode/DerivedData/ParkEmpire-fpvmemtietdwcjgpjutgfnholqlg/Build/Intermediates.noindex/ArchiveIntermediates/ParkEmpire/InstallationBuildProductsLocation/Applications/ParkEmpire.app/ParkEmpire (in target 'ParkEmpire' from project 'ParkEmpire')
    cd /Users/runner/work/Seven-Theme-Park/Seven-Theme-Park
    /Applications/Xcode_26.3.app/Contents/Developer/Toolchains/XcodeDefault.xctoolchain/usr/bin/dsymutil /Users/runner/Library/Developer/Xcode/DerivedData/ParkEmpire-fpvmemtietdwcjgpjutgfnholqlg/Build/Intermediates.noindex/ArchiveIntermediates/ParkEmpire/InstallationBuildProductsLocation/Applications/ParkEmpire.app/ParkEmpire -o /Users/runner/Library/Developer/Xcode/DerivedData/ParkEmpire-fpvmemtietdwcjgpjutgfnholqlg/Build/Intermediates.noindex/ArchiveIntermediates/ParkEmpire/BuildProductsPath/Release-iphoneos/ParkEmpire.app.dSYM

AppIntentsSSUTraining (in target 'ParkEmpire' from project 'ParkEmpire')
    cd /Users/runner/work/Seven-Theme-Park/Seven-Theme-Park
    /Applications/Xcode_26.3.app/Contents/Developer/Toolchains/XcodeDefault.xctoolchain/usr/bin/appintentsnltrainingprocessor --infoplist-path /Users/runner/Library/Developer/Xcode/DerivedData/ParkEmpire-fpvmemtietdwcjgpjutgfnholqlg/Build/Intermediates.noindex/ArchiveIntermediates/ParkEmpire/InstallationBuildProductsLocation/Applications/ParkEmpire.app/Info.plist --temp-dir-path /Users/runner/Library/Developer/Xcode/DerivedData/ParkEmpire-fpvmemtietdwcjgpjutgfnholqlg/Build/Intermediates.noindex/ArchiveIntermediates/ParkEmpire/IntermediateBuildFilesPath/ParkEmpire.build/Release-iphoneos/ParkEmpire.build/ssu --bundle-id com.wickedstudios.wonderlot.7X49UN26T8 --product-path /Users/runner/Library/Developer/Xcode/DerivedData/ParkEmpire-fpvmemtietdwcjgpjutgfnholqlg/Build/Intermediates.noindex/ArchiveIntermediates/ParkEmpire/InstallationBuildProductsLocation/Applications/ParkEmpire.app --extracted-metadata-path /Users/runner/Library/Developer/Xcode/DerivedData/ParkEmpire-fpvmemtietdwcjgpjutgfnholqlg/Build/Intermediates.noindex/ArchiveIntermediates/ParkEmpire/InstallationBuildProductsLocation/Applications/ParkEmpire.app/Metadata.appintents --deployment-postprocessing --metadata-file-list /Users/runner/Library/Developer/Xcode/DerivedData/ParkEmpire-fpvmemtietdwcjgpjutgfnholqlg/Build/Intermediates.noindex/ArchiveIntermediates/ParkEmpire/IntermediateBuildFilesPath/ParkEmpire.build/Release-iphoneos/ParkEmpire.build/ParkEmpire.DependencyMetadataFileList --archive-ssu-assets
2026-09-17 03:46:54.660 appintentsnltrainingprocessor[4561:17186] Parsing options for appintentsnltrainingprocessor
2026-09-17 03:46:54.661 appintentsnltrainingprocessor[4561:17186] No AppShortcuts found - Skipping.

Strip /Users/runner/Library/Developer/Xcode/DerivedData/ParkEmpire-fpvmemtietdwcjgpjutgfnholqlg/Build/Intermediates.noindex/ArchiveIntermediates/ParkEmpire/InstallationBuildProductsLocation/Applications/ParkEmpire.app/ParkEmpire (in target 'ParkEmpire' from project 'ParkEmpire')
    cd /Users/runner/work/Seven-Theme-Park/Seven-Theme-Park
    /Applications/Xcode_26.3.app/Contents/Developer/Toolchains/XcodeDefault.xctoolchain/usr/bin/strip -D /Users/runner/Library/Developer/Xcode/DerivedData/ParkEmpire-fpvmemtietdwcjgpjutgfnholqlg/Build/Intermediates.noindex/ArchiveIntermediates/ParkEmpire/InstallationBuildProductsLocation/Applications/ParkEmpire.app/ParkEmpire

SetOwnerAndGroup runner:staff /Users/runner/Library/Developer/Xcode/DerivedData/ParkEmpire-fpvmemtietdwcjgpjutgfnholqlg/Build/Intermediates.noindex/ArchiveIntermediates/ParkEmpire/InstallationBuildProductsLocation/Applications/ParkEmpire.app (in target 'ParkEmpire' from project 'ParkEmpire')
    cd /Users/runner/work/Seven-Theme-Park/Seven-Theme-Park
    /usr/sbin/chown -RH runner:staff /Users/runner/Library/Developer/Xcode/DerivedData/ParkEmpire-fpvmemtietdwcjgpjutgfnholqlg/Build/Intermediates.noindex/ArchiveIntermediates/ParkEmpire/InstallationBuildProductsLocation/Applications/ParkEmpire.app

SetMode u+w,go-w,a+rX /Users/runner/Library/Developer/Xcode/DerivedData/ParkEmpire-fpvmemtietdwcjgpjutgfnholqlg/Build/Intermediates.noindex/ArchiveIntermediates/ParkEmpire/InstallationBuildProductsLocation/Applications/ParkEmpire.app (in target 'ParkEmpire' from project 'ParkEmpire')
    cd /Users/runner/work/Seven-Theme-Park/Seven-Theme-Park
    /bin/chmod -RH u+w,go-w,a+rX /Users/runner/Library/Developer/Xcode/DerivedData/ParkEmpire-fpvmemtietdwcjgpjutgfnholqlg/Build/Intermediates.noindex/ArchiveIntermediates/ParkEmpire/InstallationBuildProductsLocation/Applications/ParkEmpire.app

CodeSign /Users/runner/Library/Developer/Xcode/DerivedData/ParkEmpire-fpvmemtietdwcjgpjutgfnholqlg/Build/Intermediates.noindex/ArchiveIntermediates/ParkEmpire/InstallationBuildProductsLocation/Applications/ParkEmpire.app (in target 'ParkEmpire' from project 'ParkEmpire')
    cd /Users/runner/work/Seven-Theme-Park/Seven-Theme-Park
    
    Signing Identity:     "Apple Development: Created via API (F9UWGC85WY)"
    Provisioning Profile: "iOS Team Provisioning Profile: com.wickedstudios.wonderlot.7X49UN26T8"
                          (ccc52812-a5a2-4394-9f94-927dd78c8787)
    
    /usr/bin/codesign --force --sign 7691647C2057D501FD2D348DEC1915B5D7D3BCCD --keychain /Users/runner/work/_temp/build.keychain-db --entitlements /Users/runner/Library/Developer/Xcode/DerivedData/ParkEmpire-fpvmemtietdwcjgpjutgfnholqlg/Build/Intermediates.noindex/ArchiveIntermediates/ParkEmpire/IntermediateBuildFilesPath/ParkEmpire.build/Release-iphoneos/ParkEmpire.build/ParkEmpire.app.xcent --generate-entitlement-der /Users/runner/Library/Developer/Xcode/DerivedData/ParkEmpire-fpvmemtietdwcjgpjutgfnholqlg/Build/Intermediates.noindex/ArchiveIntermediates/ParkEmpire/InstallationBuildProductsLocation/Applications/ParkEmpire.app

RegisterExecutionPolicyException /Users/runner/Library/Developer/Xcode/DerivedData/ParkEmpire-fpvmemtietdwcjgpjutgfnholqlg/Build/Intermediates.noindex/ArchiveIntermediates/ParkEmpire/InstallationBuildProductsLocation/Applications/ParkEmpire.app (in target 'ParkEmpire' from project 'ParkEmpire')
    cd /Users/runner/work/Seven-Theme-Park/Seven-Theme-Park
    builtin-RegisterExecutionPolicyException /Users/runner/Library/Developer/Xcode/DerivedData/ParkEmpire-fpvmemtietdwcjgpjutgfnholqlg/Build/Intermediates.noindex/ArchiveIntermediates/ParkEmpire/InstallationBuildProductsLocation/Applications/ParkEmpire.app

Validate /Users/runner/Library/Developer/Xcode/DerivedData/ParkEmpire-fpvmemtietdwcjgpjutgfnholqlg/Build/Intermediates.noindex/ArchiveIntermediates/ParkEmpire/InstallationBuildProductsLocation/Applications/ParkEmpire.app (in target 'ParkEmpire' from project 'ParkEmpire')
    cd /Users/runner/work/Seven-Theme-Park/Seven-Theme-Park
    builtin-validationUtility /Users/runner/Library/Developer/Xcode/DerivedData/ParkEmpire-fpvmemtietdwcjgpjutgfnholqlg/Build/Intermediates.noindex/ArchiveIntermediates/ParkEmpire/InstallationBuildProductsLocation/Applications/ParkEmpire.app -validate-for-store -shallow-bundle -infoplist-subpath Info.plist

Touch /Users/runner/Library/Developer/Xcode/DerivedData/ParkEmpire-fpvmemtietdwcjgpjutgfnholqlg/Build/Intermediates.noindex/ArchiveIntermediates/ParkEmpire/InstallationBuildProductsLocation/Applications/ParkEmpire.app (in target 'ParkEmpire' from project 'ParkEmpire')
    cd /Users/runner/work/Seven-Theme-Park/Seven-Theme-Park
    /usr/bin/touch -c /Users/runner/Library/Developer/Xcode/DerivedData/ParkEmpire-fpvmemtietdwcjgpjutgfnholqlg/Build/Intermediates.noindex/ArchiveIntermediates/ParkEmpire/InstallationBuildProductsLocation/Applications/ParkEmpire.app

** ARCHIVE SUCCEEDED **

