Command line invocation:
    /Applications/Xcode_26.3.app/Contents/Developer/usr/bin/xcodebuild -project ParkEmpire.xcodeproj -scheme ParkEmpire -configuration Release -sdk iphoneos -destination generic/platform=iOS -derivedDataPath build CODE_SIGN_IDENTITY= CODE_SIGNING_REQUIRED=NO CODE_SIGNING_ALLOWED=NO CODE_SIGN_ENTITLEMENTS= clean build

Build settings from command line:
    CODE_SIGN_ENTITLEMENTS = 
    CODE_SIGN_IDENTITY = 
    CODE_SIGNING_ALLOWED = NO
    CODE_SIGNING_REQUIRED = NO
    SDKROOT = iphoneos26.2

Resolve Package Graph

Fetching from https://github.com/googleads/swift-package-manager-google-mobile-ads.git

Fetching from https://github.com/googleads/swift-package-manager-google-user-messaging-platform.git

Creating working copy of package ‘swift-package-manager-google-mobile-ads’

Checking out 11.13.0 of package ‘swift-package-manager-google-mobile-ads’

Creating working copy of package ‘swift-package-manager-google-user-messaging-platform’

Checking out 2.7.0 of package ‘swift-package-manager-google-user-messaging-platform’


Resolved source packages:
  GoogleUserMessagingPlatform: https://github.com/googleads/swift-package-manager-google-user-messaging-platform.git @ 2.7.0
  GoogleMobileAds: https://github.com/googleads/swift-package-manager-google-mobile-ads.git @ 11.13.0

note: Using codesigning identity override: 
CreateBuildRequest

SendProjectDescription

CreateBuildOperation

** CLEAN SUCCEEDED **

note: Using codesigning identity override: 
ComputePackagePrebuildTargetDependencyGraph

Prepare packages

CreateBuildRequest

SendProjectDescription

CreateBuildOperation

ComputeTargetDependencyGraph
note: Building targets in dependency order
note: Target dependency graph (5 targets)
    Target 'ParkEmpire' in project 'ParkEmpire'
        ➜ Explicit dependency on target 'GoogleMobileAds' in project 'GoogleMobileAds'
    Target 'GoogleMobileAds' in project 'GoogleMobileAds'
        ➜ Explicit dependency on target 'GoogleMobileAdsTarget' in project 'GoogleMobileAds'
        ➜ Explicit dependency on target 'GoogleUserMessagingPlatform' in project 'GoogleUserMessagingPlatform'
    Target 'GoogleMobileAdsTarget' in project 'GoogleMobileAds'
        ➜ Explicit dependency on target 'GoogleUserMessagingPlatform' in project 'GoogleUserMessagingPlatform'
    Target 'GoogleUserMessagingPlatform' in project 'GoogleUserMessagingPlatform'
        ➜ Explicit dependency on target 'UserMessagingPlatformTarget' in project 'GoogleUserMessagingPlatform'
    Target 'UserMessagingPlatformTarget' in project 'GoogleUserMessagingPlatform' (no dependencies)

GatherProvisioningInputs

CreateBuildDescription

ExecuteExternalTool /Applications/Xcode_26.3.app/Contents/Developer/Toolchains/XcodeDefault.xctoolchain/usr/bin/clang -v -E -dM -isysroot /Applications/Xcode_26.3.app/Contents/Developer/Platforms/iPhoneOS.platform/Developer/SDKs/iPhoneOS26.2.sdk -x c -c /dev/null

ExecuteExternalTool /Applications/Xcode_26.3.app/Contents/Developer/Toolchains/XcodeDefault.xctoolchain/usr/bin/clang -v -E -dM -arch arm64 -isysroot /Applications/Xcode_26.3.app/Contents/Developer/Platforms/iPhoneOS.platform/Developer/SDKs/iPhoneOS26.2.sdk -x objective-c -c /dev/null

ExecuteExternalTool /Applications/Xcode_26.3.app/Contents/Developer/Toolchains/XcodeDefault.xctoolchain/usr/bin/swiftc --version

ExecuteExternalTool /Applications/Xcode_26.3.app/Contents/Developer/usr/bin/actool --print-asset-tag-combinations --output-format xml1 /Users/runner/work/Seven-Theme-Park/Seven-Theme-Park/ParkEmpire/Assets.xcassets

ExecuteExternalTool /Applications/Xcode_26.3.app/Contents/Developer/Toolchains/XcodeDefault.xctoolchain/usr/bin/clang -v -E -dM -arch arm64 -isysroot /Applications/Xcode_26.3.app/Contents/Developer/Platforms/iPhoneOS.platform/Developer/SDKs/iPhoneOS26.2.sdk -x c -c /dev/null

ExecuteExternalTool /Applications/Xcode_26.3.app/Contents/Developer/Toolchains/XcodeDefault.xctoolchain/usr/bin/ld -version_details

ExecuteExternalTool /Applications/Xcode_26.3.app/Contents/Developer/usr/bin/actool --version --output-format xml1

Build description signature: 4bf23b4e87ca388f647f2b6e8db956d7
Build description path: /Users/runner/work/Seven-Theme-Park/Seven-Theme-Park/build/Build/Intermediates.noindex/XCBuildData/4bf23b4e87ca388f647f2b6e8db956d7.xcbuilddata
ClangStatCache /Applications/Xcode_26.3.app/Contents/Developer/Toolchains/XcodeDefault.xctoolchain/usr/bin/clang-stat-cache /Applications/Xcode_26.3.app/Contents/Developer/Platforms/iPhoneOS.platform/Developer/SDKs/iPhoneOS26.2.sdk /Users/runner/work/Seven-Theme-Park/Seven-Theme-Park/build/SDKStatCaches.noindex/iphoneos26.2-23C57-dc75598d0054f22ec865fa860f139d722dd23b4ebda140f7210d155ff1243552.sdkstatcache
    cd /Users/runner/work/Seven-Theme-Park/Seven-Theme-Park/ParkEmpire.xcodeproj
    /Applications/Xcode_26.3.app/Contents/Developer/Toolchains/XcodeDefault.xctoolchain/usr/bin/clang-stat-cache /Applications/Xcode_26.3.app/Contents/Developer/Platforms/iPhoneOS.platform/Developer/SDKs/iPhoneOS26.2.sdk -o /Users/runner/work/Seven-Theme-Park/Seven-Theme-Park/build/SDKStatCaches.noindex/iphoneos26.2-23C57-dc75598d0054f22ec865fa860f139d722dd23b4ebda140f7210d155ff1243552.sdkstatcache

CreateBuildDirectory /Users/runner/work/Seven-Theme-Park/Seven-Theme-Park/build/Build/Products
    cd /Users/runner/work/Seven-Theme-Park/Seven-Theme-Park/ParkEmpire.xcodeproj
    builtin-create-build-directory /Users/runner/work/Seven-Theme-Park/Seven-Theme-Park/build/Build/Products

CreateBuildDirectory /Users/runner/work/Seven-Theme-Park/Seven-Theme-Park/build/Build/Intermediates.noindex
    cd /Users/runner/work/Seven-Theme-Park/Seven-Theme-Park/ParkEmpire.xcodeproj
    builtin-create-build-directory /Users/runner/work/Seven-Theme-Park/Seven-Theme-Park/build/Build/Intermediates.noindex

CreateBuildDirectory /Users/runner/work/Seven-Theme-Park/Seven-Theme-Park/build/Build/Products/Release-iphoneos
    cd /Users/runner/work/Seven-Theme-Park/Seven-Theme-Park/ParkEmpire.xcodeproj
    builtin-create-build-directory /Users/runner/work/Seven-Theme-Park/Seven-Theme-Park/build/Build/Products/Release-iphoneos

WriteAuxiliaryFile /Users/runner/work/Seven-Theme-Park/Seven-Theme-Park/build/Build/Intermediates.noindex/ParkEmpire.build/Release-iphoneos/ParkEmpire-29670ae6b33e365cba363b65a636c35e-VFS-iphoneos/all-product-headers.yaml
    cd /Users/runner/work/Seven-Theme-Park/Seven-Theme-Park/ParkEmpire.xcodeproj
    write-file /Users/runner/work/Seven-Theme-Park/Seven-Theme-Park/build/Build/Intermediates.noindex/ParkEmpire.build/Release-iphoneos/ParkEmpire-29670ae6b33e365cba363b65a636c35e-VFS-iphoneos/all-product-headers.yaml

CreateBuildDirectory /Users/runner/work/Seven-Theme-Park/Seven-Theme-Park/build/Build/Intermediates.noindex/SwiftExplicitPrecompiledModules
    cd /Users/runner/work/Seven-Theme-Park/Seven-Theme-Park/ParkEmpire.xcodeproj
    builtin-create-build-directory /Users/runner/work/Seven-Theme-Park/Seven-Theme-Park/build/Build/Intermediates.noindex/SwiftExplicitPrecompiledModules

CreateBuildDirectory /Users/runner/work/Seven-Theme-Park/Seven-Theme-Park/build/Build/Products/Release-iphoneos/PackageFrameworks
    cd /Users/runner/work/Seven-Theme-Park/Seven-Theme-Park/ParkEmpire.xcodeproj
    builtin-create-build-directory /Users/runner/work/Seven-Theme-Park/Seven-Theme-Park/build/Build/Products/Release-iphoneos/PackageFrameworks

CreateBuildDirectory /Users/runner/work/Seven-Theme-Park/Seven-Theme-Park/build/Build/Intermediates.noindex/ExplicitPrecompiledModules
    cd /Users/runner/work/Seven-Theme-Park/Seven-Theme-Park/ParkEmpire.xcodeproj
    builtin-create-build-directory /Users/runner/work/Seven-Theme-Park/Seven-Theme-Park/build/Build/Intermediates.noindex/ExplicitPrecompiledModules

ProcessXCFramework /Users/runner/work/Seven-Theme-Park/Seven-Theme-Park/build/SourcePackages/artifacts/swift-package-manager-google-user-messaging-platform/UserMessagingPlatform/UserMessagingPlatform.xcframework /Users/runner/work/Seven-Theme-Park/Seven-Theme-Park/build/Build/Products/Release-iphoneos/UserMessagingPlatform.framework ios
    cd /Users/runner/work/Seven-Theme-Park/Seven-Theme-Park/ParkEmpire.xcodeproj
    builtin-process-xcframework --xcframework /Users/runner/work/Seven-Theme-Park/Seven-Theme-Park/build/SourcePackages/artifacts/swift-package-manager-google-user-messaging-platform/UserMessagingPlatform/UserMessagingPlatform.xcframework --platform ios --target-path /Users/runner/work/Seven-Theme-Park/Seven-Theme-Park/build/Build/Products/Release-iphoneos
/Users/runner/work/Seven-Theme-Park/Seven-Theme-Park/build/SourcePackages/artifacts/swift-package-manager-google-user-messaging-platform/UserMessagingPlatform/UserMessagingPlatform.xcframework:1:1: note: The identity of “UserMessagingPlatform.xcframework” is not recorded in your project.

ProcessXCFramework /Users/runner/work/Seven-Theme-Park/Seven-Theme-Park/build/SourcePackages/artifacts/swift-package-manager-google-mobile-ads/GoogleMobileAds/GoogleMobileAds.xcframework /Users/runner/work/Seven-Theme-Park/Seven-Theme-Park/build/Build/Products/Release-iphoneos/GoogleMobileAds.framework ios
    cd /Users/runner/work/Seven-Theme-Park/Seven-Theme-Park/ParkEmpire.xcodeproj
    builtin-process-xcframework --xcframework /Users/runner/work/Seven-Theme-Park/Seven-Theme-Park/build/SourcePackages/artifacts/swift-package-manager-google-mobile-ads/GoogleMobileAds/GoogleMobileAds.xcframework --platform ios --target-path /Users/runner/work/Seven-Theme-Park/Seven-Theme-Park/build/Build/Products/Release-iphoneos
/Users/runner/work/Seven-Theme-Park/Seven-Theme-Park/build/SourcePackages/artifacts/swift-package-manager-google-mobile-ads/GoogleMobileAds/GoogleMobileAds.xcframework:1:1: note: The identity of “GoogleMobileAds.xcframework” is not recorded in your project.

CreateBuildDirectory /Users/runner/work/Seven-Theme-Park/Seven-Theme-Park/build/Build/Intermediates.noindex/EagerLinkingTBDs/Release-iphoneos
    cd /Users/runner/work/Seven-Theme-Park/Seven-Theme-Park/ParkEmpire.xcodeproj
    builtin-create-build-directory /Users/runner/work/Seven-Theme-Park/Seven-Theme-Park/build/Build/Intermediates.noindex/EagerLinkingTBDs/Release-iphoneos

WriteAuxiliaryFile /Users/runner/work/Seven-Theme-Park/Seven-Theme-Park/build/Build/Intermediates.noindex/GoogleUserMessagingPlatform.build/Release-iphoneos/UserMessagingPlatformTarget.build/UserMessagingPlatformTarget.modulemap (in target 'UserMessagingPlatformTarget' from project 'GoogleUserMessagingPlatform')
    cd /Users/runner/work/Seven-Theme-Park/Seven-Theme-Park/build/SourcePackages/checkouts/swift-package-manager-google-user-messaging-platform
    write-file /Users/runner/work/Seven-Theme-Park/Seven-Theme-Park/build/Build/Intermediates.noindex/GoogleUserMessagingPlatform.build/Release-iphoneos/UserMessagingPlatformTarget.build/UserMessagingPlatformTarget.modulemap

WriteAuxiliaryFile /Users/runner/work/Seven-Theme-Park/Seven-Theme-Park/build/Build/Intermediates.noindex/GoogleUserMessagingPlatform.build/Release-iphoneos/UserMessagingPlatformTarget.build/UserMessagingPlatformTarget.DependencyStaticMetadataFileList (in target 'UserMessagingPlatformTarget' from project 'GoogleUserMessagingPlatform')
    cd /Users/runner/work/Seven-Theme-Park/Seven-Theme-Park/build/SourcePackages/checkouts/swift-package-manager-google-user-messaging-platform
    write-file /Users/runner/work/Seven-Theme-Park/Seven-Theme-Park/build/Build/Intermediates.noindex/GoogleUserMessagingPlatform.build/Release-iphoneos/UserMessagingPlatformTarget.build/UserMessagingPlatformTarget.DependencyStaticMetadataFileList

WriteAuxiliaryFile /Users/runner/work/Seven-Theme-Park/Seven-Theme-Park/build/Build/Intermediates.noindex/GoogleUserMessagingPlatform.build/Release-iphoneos/UserMessagingPlatformTarget.build/UserMessagingPlatformTarget.DependencyMetadataFileList (in target 'UserMessagingPlatformTarget' from project 'GoogleUserMessagingPlatform')
    cd /Users/runner/work/Seven-Theme-Park/Seven-Theme-Park/build/SourcePackages/checkouts/swift-package-manager-google-user-messaging-platform
    write-file /Users/runner/work/Seven-Theme-Park/Seven-Theme-Park/build/Build/Intermediates.noindex/GoogleUserMessagingPlatform.build/Release-iphoneos/UserMessagingPlatformTarget.build/UserMessagingPlatformTarget.DependencyMetadataFileList

WriteAuxiliaryFile /Users/runner/work/Seven-Theme-Park/Seven-Theme-Park/build/Build/Intermediates.noindex/GoogleUserMessagingPlatform.build/Release-iphoneos/UserMessagingPlatformTarget.build/Objects-normal/arm64/e6072d4f65d7061329687fe24e3d63a7-common-args.resp (in target 'UserMessagingPlatformTarget' from project 'GoogleUserMessagingPlatform')
    cd /Users/runner/work/Seven-Theme-Park/Seven-Theme-Park/build/SourcePackages/checkouts/swift-package-manager-google-user-messaging-platform
    write-file /Users/runner/work/Seven-Theme-Park/Seven-Theme-Park/build/Build/Intermediates.noindex/GoogleUserMessagingPlatform.build/Release-iphoneos/UserMessagingPlatformTarget.build/Objects-normal/arm64/e6072d4f65d7061329687fe24e3d63a7-common-args.resp
-target arm64-apple-ios12.0 -fobjc-arc -fmodules -gmodules '-fmodules-cache-path=/Users/runner/work/Seven-Theme-Park/Seven-Theme-Park/build/ModuleCache.noindex' '-fmodule-name=UserMessagingPlatformTarget' -fpascal-strings -Os -DSWIFT_PACKAGE '-DOBJC_OLD_DISPATCH_PROTOTYPES=1' -isysroot /Applications/Xcode_26.3.app/Contents/Developer/Platforms/iPhoneOS.platform/Developer/SDKs/iPhoneOS26.2.sdk -g -I/Users/runner/work/Seven-Theme-Park/Seven-Theme-Park/build/Build/Products/Release-iphoneos/include -I/Users/runner/work/Seven-Theme-Park/Seven-Theme-Park/build/SourcePackages/checkouts/swift-package-manager-google-user-messaging-platform/UserMessagingPlatformTarget/include -I/Users/runner/work/Seven-Theme-Park/Seven-Theme-Park/build/Build/Intermediates.noindex/GoogleUserMessagingPlatform.build/Release-iphoneos/UserMessagingPlatformTarget.build/DerivedSources-normal/arm64 -I/Users/runner/work/Seven-Theme-Park/Seven-Theme-Park/build/Build/Intermediates.noindex/GoogleUserMessagingPlatform.build/Release-iphoneos/UserMessagingPlatformTarget.build/DerivedSources/arm64 -I/Users/runner/work/Seven-Theme-Park/Seven-Theme-Park/build/Build/Intermediates.noindex/GoogleUserMessagingPlatform.build/Release-iphoneos/UserMessagingPlatformTarget.build/DerivedSources -F/Users/runner/work/Seven-Theme-Park/Seven-Theme-Park/build/Build/Products/Release-iphoneos -iframework /Applications/Xcode_26.3.app/Contents/Developer/Platforms/iPhoneOS.platform/Developer/Library/Frameworks -iframework /Applications/Xcode_26.3.app/Contents/Developer/Platforms/iPhoneOS.platform/Developer/SDKs/iPhoneOS26.2.sdk/Developer/Library/Frameworks -DXcode

WriteAuxiliaryFile /Users/runner/work/Seven-Theme-Park/Seven-Theme-Park/build/Build/Intermediates.noindex/GoogleUserMessagingPlatform.build/Release-iphoneos/UserMessagingPlatformTarget.build/Objects-normal/arm64/UserMessagingPlatformTarget.LinkFileList (in target 'UserMessagingPlatformTarget' from project 'GoogleUserMessagingPlatform')
    cd /Users/runner/work/Seven-Theme-Park/Seven-Theme-Park/build/SourcePackages/checkouts/swift-package-manager-google-user-messaging-platform
    write-file /Users/runner/work/Seven-Theme-Park/Seven-Theme-Park/build/Build/Intermediates.noindex/GoogleUserMessagingPlatform.build/Release-iphoneos/UserMessagingPlatformTarget.build/Objects-normal/arm64/UserMessagingPlatformTarget.LinkFileList

Copy /Users/runner/work/Seven-Theme-Park/Seven-Theme-Park/build/Build/Intermediates.noindex/GeneratedModuleMaps-iphoneos/UserMessagingPlatformTarget.modulemap /Users/runner/work/Seven-Theme-Park/Seven-Theme-Park/build/Build/Intermediates.noindex/GoogleUserMessagingPlatform.build/Release-iphoneos/UserMessagingPlatformTarget.build/UserMessagingPlatformTarget.modulemap (in target 'UserMessagingPlatformTarget' from project 'GoogleUserMessagingPlatform')
    cd /Users/runner/work/Seven-Theme-Park/Seven-Theme-Park/build/SourcePackages/checkouts/swift-package-manager-google-user-messaging-platform
    builtin-copy -exclude .DS_Store -exclude CVS -exclude .svn -exclude .git -exclude .hg -strip-unsigned-binaries -strip-deterministic -strip-tool /Applications/Xcode_26.3.app/Contents/Developer/Toolchains/XcodeDefault.xctoolchain/usr/bin/strip -resolve-src-symlinks /Users/runner/work/Seven-Theme-Park/Seven-Theme-Park/build/Build/Intermediates.noindex/GoogleUserMessagingPlatform.build/Release-iphoneos/UserMessagingPlatformTarget.build/UserMessagingPlatformTarget.modulemap /Users/runner/work/Seven-Theme-Park/Seven-Theme-Park/build/Build/Intermediates.noindex/GeneratedModuleMaps-iphoneos

WriteAuxiliaryFile /Users/runner/work/Seven-Theme-Park/Seven-Theme-Park/build/Build/Intermediates.noindex/ParkEmpire.build/Release-iphoneos/ParkEmpire.build/ParkEmpire.DependencyStaticMetadataFileList (in target 'ParkEmpire' from project 'ParkEmpire')
    cd /Users/runner/work/Seven-Theme-Park/Seven-Theme-Park
    write-file /Users/runner/work/Seven-Theme-Park/Seven-Theme-Park/build/Build/Intermediates.noindex/ParkEmpire.build/Release-iphoneos/ParkEmpire.build/ParkEmpire.DependencyStaticMetadataFileList

WriteAuxiliaryFile /Users/runner/work/Seven-Theme-Park/Seven-Theme-Park/build/Build/Intermediates.noindex/ParkEmpire.build/Release-iphoneos/ParkEmpire.build/ParkEmpire.hmap (in target 'ParkEmpire' from project 'ParkEmpire')
    cd /Users/runner/work/Seven-Theme-Park/Seven-Theme-Park
    write-file /Users/runner/work/Seven-Theme-Park/Seven-Theme-Park/build/Build/Intermediates.noindex/ParkEmpire.build/Release-iphoneos/ParkEmpire.build/ParkEmpire.hmap

WriteAuxiliaryFile /Users/runner/work/Seven-Theme-Park/Seven-Theme-Park/build/Build/Intermediates.noindex/ParkEmpire.build/Release-iphoneos/ParkEmpire.build/ParkEmpire.DependencyMetadataFileList (in target 'ParkEmpire' from project 'ParkEmpire')
    cd /Users/runner/work/Seven-Theme-Park/Seven-Theme-Park
    write-file /Users/runner/work/Seven-Theme-Park/Seven-Theme-Park/build/Build/Intermediates.noindex/ParkEmpire.build/Release-iphoneos/ParkEmpire.build/ParkEmpire.DependencyMetadataFileList

WriteAuxiliaryFile /Users/runner/work/Seven-Theme-Park/Seven-Theme-Park/build/Build/Intermediates.noindex/ParkEmpire.build/Release-iphoneos/ParkEmpire.build/ParkEmpire-project-headers.hmap (in target 'ParkEmpire' from project 'ParkEmpire')
    cd /Users/runner/work/Seven-Theme-Park/Seven-Theme-Park
    write-file /Users/runner/work/Seven-Theme-Park/Seven-Theme-Park/build/Build/Intermediates.noindex/ParkEmpire.build/Release-iphoneos/ParkEmpire.build/ParkEmpire-project-headers.hmap

WriteAuxiliaryFile /Users/runner/work/Seven-Theme-Park/Seven-Theme-Park/build/Build/Intermediates.noindex/ParkEmpire.build/Release-iphoneos/ParkEmpire.build/ParkEmpire-own-target-headers.hmap (in target 'ParkEmpire' from project 'ParkEmpire')
    cd /Users/runner/work/Seven-Theme-Park/Seven-Theme-Park
    write-file /Users/runner/work/Seven-Theme-Park/Seven-Theme-Park/build/Build/Intermediates.noindex/ParkEmpire.build/Release-iphoneos/ParkEmpire.build/ParkEmpire-own-target-headers.hmap

WriteAuxiliaryFile /Users/runner/work/Seven-Theme-Park/Seven-Theme-Park/build/Build/Intermediates.noindex/ParkEmpire.build/Release-iphoneos/ParkEmpire.build/ParkEmpire-generated-files.hmap (in target 'ParkEmpire' from project 'ParkEmpire')
    cd /Users/runner/work/Seven-Theme-Park/Seven-Theme-Park
    write-file /Users/runner/work/Seven-Theme-Park/Seven-Theme-Park/build/Build/Intermediates.noindex/ParkEmpire.build/Release-iphoneos/ParkEmpire.build/ParkEmpire-generated-files.hmap

WriteAuxiliaryFile /Users/runner/work/Seven-Theme-Park/Seven-Theme-Park/build/Build/Intermediates.noindex/ParkEmpire.build/Release-iphoneos/ParkEmpire.build/ParkEmpire-all-target-headers.hmap (in target 'ParkEmpire' from project 'ParkEmpire')
    cd /Users/runner/work/Seven-Theme-Park/Seven-Theme-Park
    write-file /Users/runner/work/Seven-Theme-Park/Seven-Theme-Park/build/Build/Intermediates.noindex/ParkEmpire.build/Release-iphoneos/ParkEmpire.build/ParkEmpire-all-target-headers.hmap

WriteAuxiliaryFile /Users/runner/work/Seven-Theme-Park/Seven-Theme-Park/build/Build/Intermediates.noindex/ParkEmpire.build/Release-iphoneos/ParkEmpire.build/ParkEmpire-all-non-framework-target-headers.hmap (in target 'ParkEmpire' from project 'ParkEmpire')
    cd /Users/runner/work/Seven-Theme-Park/Seven-Theme-Park
    write-file /Users/runner/work/Seven-Theme-Park/Seven-Theme-Park/build/Build/Intermediates.noindex/ParkEmpire.build/Release-iphoneos/ParkEmpire.build/ParkEmpire-all-non-framework-target-headers.hmap

WriteAuxiliaryFile /Users/runner/work/Seven-Theme-Park/Seven-Theme-Park/build/Build/Intermediates.noindex/ParkEmpire.build/Release-iphoneos/ParkEmpire.build/Objects-normal/arm64/ParkEmpire_const_extract_protocols.json (in target 'ParkEmpire' from project 'ParkEmpire')
    cd /Users/runner/work/Seven-Theme-Park/Seven-Theme-Park
    write-file /Users/runner/work/Seven-Theme-Park/Seven-Theme-Park/build/Build/Intermediates.noindex/ParkEmpire.build/Release-iphoneos/ParkEmpire.build/Objects-normal/arm64/ParkEmpire_const_extract_protocols.json

WriteAuxiliaryFile /Users/runner/work/Seven-Theme-Park/Seven-Theme-Park/build/Build/Intermediates.noindex/ParkEmpire.build/Release-iphoneos/ParkEmpire.build/Objects-normal/arm64/ParkEmpire.SwiftFileList (in target 'ParkEmpire' from project 'ParkEmpire')
    cd /Users/runner/work/Seven-Theme-Park/Seven-Theme-Park
    write-file /Users/runner/work/Seven-Theme-Park/Seven-Theme-Park/build/Build/Intermediates.noindex/ParkEmpire.build/Release-iphoneos/ParkEmpire.build/Objects-normal/arm64/ParkEmpire.SwiftFileList

WriteAuxiliaryFile /Users/runner/work/Seven-Theme-Park/Seven-Theme-Park/build/Build/Intermediates.noindex/ParkEmpire.build/Release-iphoneos/ParkEmpire.build/Objects-normal/arm64/ParkEmpire.SwiftConstValuesFileList (in target 'ParkEmpire' from project 'ParkEmpire')
    cd /Users/runner/work/Seven-Theme-Park/Seven-Theme-Park
    write-file /Users/runner/work/Seven-Theme-Park/Seven-Theme-Park/build/Build/Intermediates.noindex/ParkEmpire.build/Release-iphoneos/ParkEmpire.build/Objects-normal/arm64/ParkEmpire.SwiftConstValuesFileList

WriteAuxiliaryFile /Users/runner/work/Seven-Theme-Park/Seven-Theme-Park/build/Build/Intermediates.noindex/ParkEmpire.build/Release-iphoneos/ParkEmpire.build/Objects-normal/arm64/ParkEmpire.LinkFileList (in target 'ParkEmpire' from project 'ParkEmpire')
    cd /Users/runner/work/Seven-Theme-Park/Seven-Theme-Park
    write-file /Users/runner/work/Seven-Theme-Park/Seven-Theme-Park/build/Build/Intermediates.noindex/ParkEmpire.build/Release-iphoneos/ParkEmpire.build/Objects-normal/arm64/ParkEmpire.LinkFileList

WriteAuxiliaryFile /Users/runner/work/Seven-Theme-Park/Seven-Theme-Park/build/Build/Intermediates.noindex/ParkEmpire.build/Release-iphoneos/ParkEmpire.build/Objects-normal/arm64/ParkEmpire-OutputFileMap.json (in target 'ParkEmpire' from project 'ParkEmpire')
    cd /Users/runner/work/Seven-Theme-Park/Seven-Theme-Park
    write-file /Users/runner/work/Seven-Theme-Park/Seven-Theme-Park/build/Build/Intermediates.noindex/ParkEmpire.build/Release-iphoneos/ParkEmpire.build/Objects-normal/arm64/ParkEmpire-OutputFileMap.json

WriteAuxiliaryFile /Users/runner/work/Seven-Theme-Park/Seven-Theme-Park/build/Build/Intermediates.noindex/GoogleMobileAds.build/Release-iphoneos/GoogleMobileAdsTarget.build/Objects-normal/arm64/GoogleMobileAdsTarget_const_extract_protocols.json (in target 'GoogleMobileAdsTarget' from project 'GoogleMobileAds')
    cd /Users/runner/work/Seven-Theme-Park/Seven-Theme-Park/build/SourcePackages/checkouts/swift-package-manager-google-mobile-ads
    write-file /Users/runner/work/Seven-Theme-Park/Seven-Theme-Park/build/Build/Intermediates.noindex/GoogleMobileAds.build/Release-iphoneos/GoogleMobileAdsTarget.build/Objects-normal/arm64/GoogleMobileAdsTarget_const_extract_protocols.json

WriteAuxiliaryFile /Users/runner/work/Seven-Theme-Park/Seven-Theme-Park/build/Build/Intermediates.noindex/GoogleMobileAds.build/Release-iphoneos/GoogleMobileAdsTarget.build/Objects-normal/arm64/GoogleMobileAdsTarget.SwiftFileList (in target 'GoogleMobileAdsTarget' from project 'GoogleMobileAds')
    cd /Users/runner/work/Seven-Theme-Park/Seven-Theme-Park/build/SourcePackages/checkouts/swift-package-manager-google-mobile-ads
    write-file /Users/runner/work/Seven-Theme-Park/Seven-Theme-Park/build/Build/Intermediates.noindex/GoogleMobileAds.build/Release-iphoneos/GoogleMobileAdsTarget.build/Objects-normal/arm64/GoogleMobileAdsTarget.SwiftFileList

WriteAuxiliaryFile /Users/runner/work/Seven-Theme-Park/Seven-Theme-Park/build/Build/Intermediates.noindex/GoogleMobileAds.build/Release-iphoneos/GoogleMobileAdsTarget.build/Objects-normal/arm64/GoogleMobileAdsTarget.SwiftConstValuesFileList (in target 'GoogleMobileAdsTarget' from project 'GoogleMobileAds')
    cd /Users/runner/work/Seven-Theme-Park/Seven-Theme-Park/build/SourcePackages/checkouts/swift-package-manager-google-mobile-ads
    write-file /Users/runner/work/Seven-Theme-Park/Seven-Theme-Park/build/Build/Intermediates.noindex/GoogleMobileAds.build/Release-iphoneos/GoogleMobileAdsTarget.build/Objects-normal/arm64/GoogleMobileAdsTarget.SwiftConstValuesFileList

WriteAuxiliaryFile /Users/runner/work/Seven-Theme-Park/Seven-Theme-Park/build/Build/Intermediates.noindex/GoogleMobileAds.build/Release-iphoneos/GoogleMobileAdsTarget.build/Objects-normal/arm64/GoogleMobileAdsTarget.LinkFileList (in target 'GoogleMobileAdsTarget' from project 'GoogleMobileAds')
    cd /Users/runner/work/Seven-Theme-Park/Seven-Theme-Park/build/SourcePackages/checkouts/swift-package-manager-google-mobile-ads
    write-file /Users/runner/work/Seven-Theme-Park/Seven-Theme-Park/build/Build/Intermediates.noindex/GoogleMobileAds.build/Release-iphoneos/GoogleMobileAdsTarget.build/Objects-normal/arm64/GoogleMobileAdsTarget.LinkFileList

WriteAuxiliaryFile /Users/runner/work/Seven-Theme-Park/Seven-Theme-Park/build/Build/Intermediates.noindex/GoogleMobileAds.build/Release-iphoneos/GoogleMobileAdsTarget.build/Objects-normal/arm64/GoogleMobileAdsTarget-OutputFileMap.json (in target 'GoogleMobileAdsTarget' from project 'GoogleMobileAds')
    cd /Users/runner/work/Seven-Theme-Park/Seven-Theme-Park/build/SourcePackages/checkouts/swift-package-manager-google-mobile-ads
    write-file /Users/runner/work/Seven-Theme-Park/Seven-Theme-Park/build/Build/Intermediates.noindex/GoogleMobileAds.build/Release-iphoneos/GoogleMobileAdsTarget.build/Objects-normal/arm64/GoogleMobileAdsTarget-OutputFileMap.json

WriteAuxiliaryFile /Users/runner/work/Seven-Theme-Park/Seven-Theme-Park/build/Build/Intermediates.noindex/GoogleMobileAds.build/Release-iphoneos/GoogleMobileAdsTarget.build/GoogleMobileAdsTarget.modulemap (in target 'GoogleMobileAdsTarget' from project 'GoogleMobileAds')
    cd /Users/runner/work/Seven-Theme-Park/Seven-Theme-Park/build/SourcePackages/checkouts/swift-package-manager-google-mobile-ads
    write-file /Users/runner/work/Seven-Theme-Park/Seven-Theme-Park/build/Build/Intermediates.noindex/GoogleMobileAds.build/Release-iphoneos/GoogleMobileAdsTarget.build/GoogleMobileAdsTarget.modulemap

WriteAuxiliaryFile /Users/runner/work/Seven-Theme-Park/Seven-Theme-Park/build/Build/Intermediates.noindex/GoogleMobileAds.build/Release-iphoneos/GoogleMobileAdsTarget.build/GoogleMobileAdsTarget.DependencyStaticMetadataFileList (in target 'GoogleMobileAdsTarget' from project 'GoogleMobileAds')
    cd /Users/runner/work/Seven-Theme-Park/Seven-Theme-Park/build/SourcePackages/checkouts/swift-package-manager-google-mobile-ads
    write-file /Users/runner/work/Seven-Theme-Park/Seven-Theme-Park/build/Build/Intermediates.noindex/GoogleMobileAds.build/Release-iphoneos/GoogleMobileAdsTarget.build/GoogleMobileAdsTarget.DependencyStaticMetadataFileList

WriteAuxiliaryFile /Users/runner/work/Seven-Theme-Park/Seven-Theme-Park/build/Build/Intermediates.noindex/GoogleMobileAds.build/Release-iphoneos/GoogleMobileAdsTarget.build/GoogleMobileAdsTarget.DependencyMetadataFileList (in target 'GoogleMobileAdsTarget' from project 'GoogleMobileAds')
    cd /Users/runner/work/Seven-Theme-Park/Seven-Theme-Park/build/SourcePackages/checkouts/swift-package-manager-google-mobile-ads
    write-file /Users/runner/work/Seven-Theme-Park/Seven-Theme-Park/build/Build/Intermediates.noindex/GoogleMobileAds.build/Release-iphoneos/GoogleMobileAdsTarget.build/GoogleMobileAdsTarget.DependencyMetadataFileList

Copy /Users/runner/work/Seven-Theme-Park/Seven-Theme-Park/build/Build/Intermediates.noindex/GeneratedModuleMaps-iphoneos/GoogleMobileAdsTarget.modulemap /Users/runner/work/Seven-Theme-Park/Seven-Theme-Park/build/Build/Intermediates.noindex/GoogleMobileAds.build/Release-iphoneos/GoogleMobileAdsTarget.build/GoogleMobileAdsTarget.modulemap (in target 'GoogleMobileAdsTarget' from project 'GoogleMobileAds')
    cd /Users/runner/work/Seven-Theme-Park/Seven-Theme-Park/build/SourcePackages/checkouts/swift-package-manager-google-mobile-ads
    builtin-copy -exclude .DS_Store -exclude CVS -exclude .svn -exclude .git -exclude .hg -strip-unsigned-binaries -strip-deterministic -strip-tool /Applications/Xcode_26.3.app/Contents/Developer/Toolchains/XcodeDefault.xctoolchain/usr/bin/strip -resolve-src-symlinks /Users/runner/work/Seven-Theme-Park/Seven-Theme-Park/build/Build/Intermediates.noindex/GoogleMobileAds.build/Release-iphoneos/GoogleMobileAdsTarget.build/GoogleMobileAdsTarget.modulemap /Users/runner/work/Seven-Theme-Park/Seven-Theme-Park/build/Build/Intermediates.noindex/GeneratedModuleMaps-iphoneos

MkDir /Users/runner/work/Seven-Theme-Park/Seven-Theme-Park/build/Build/Products/Release-iphoneos/ParkEmpire.app/Frameworks (in target 'ParkEmpire' from project 'ParkEmpire')
    cd /Users/runner/work/Seven-Theme-Park/Seven-Theme-Park
    /bin/mkdir -p /Users/runner/work/Seven-Theme-Park/Seven-Theme-Park/build/Build/Products/Release-iphoneos/ParkEmpire.app/Frameworks

MkDir /Users/runner/work/Seven-Theme-Park/Seven-Theme-Park/build/Build/Products/Release-iphoneos/ParkEmpire.app (in target 'ParkEmpire' from project 'ParkEmpire')
    cd /Users/runner/work/Seven-Theme-Park/Seven-Theme-Park
    /bin/mkdir -p /Users/runner/work/Seven-Theme-Park/Seven-Theme-Park/build/Build/Products/Release-iphoneos/ParkEmpire.app

SwiftDriver GoogleMobileAdsTarget normal arm64 com.apple.xcode.tools.swift.compiler (in target 'GoogleMobileAdsTarget' from project 'GoogleMobileAds')
    cd /Users/runner/work/Seven-Theme-Park/Seven-Theme-Park/ParkEmpire.xcodeproj
    builtin-SwiftDriver -- /Applications/Xcode_26.3.app/Contents/Developer/Toolchains/XcodeDefault.xctoolchain/usr/bin/swiftc -module-name GoogleMobileAdsTarget -O -whole-module-optimization -enforce-exclusivity\=checked @/Users/runner/work/Seven-Theme-Park/Seven-Theme-Park/build/Build/Intermediates.noindex/GoogleMobileAds.build/Release-iphoneos/GoogleMobileAdsTarget.build/Objects-normal/arm64/GoogleMobileAdsTarget.SwiftFileList -DSWIFT_PACKAGE -DSWIFT_MODULE_RESOURCE_BUNDLE_UNAVAILABLE -Xcc -fmodule-map-file\=/Users/runner/work/Seven-Theme-Park/Seven-Theme-Park/build/Build/Intermediates.noindex/GeneratedModuleMaps-iphoneos/UserMessagingPlatformTarget.modulemap -DXcode -plugin-path /Applications/Xcode_26.3.app/Contents/Developer/Toolchains/XcodeDefault.xctoolchain/usr/lib/swift/host/plugins/testing -enable-experimental-feature DebugDescriptionMacro -sdk /Applications/Xcode_26.3.app/Contents/Developer/Platforms/iPhoneOS.platform/Developer/SDKs/iPhoneOS26.2.sdk -target arm64-apple-ios12.0 -g -module-cache-path /Users/runner/work/Seven-Theme-Park/Seven-Theme-Park/build/ModuleCache.noindex -Xfrontend -serialize-debugging-options -suppress-warnings -swift-version 5 -I /Users/runner/work/Seven-Theme-Park/Seven-Theme-Park/build/Build/Products/Release-iphoneos -Isystem /Applications/Xcode_26.3.app/Contents/Developer/Platforms/iPhoneOS.platform/Developer/usr/lib -F /Users/runner/work/Seven-Theme-Park/Seven-Theme-Park/build/Build/Products/Release-iphoneos/PackageFrameworks -F /Users/runner/work/Seven-Theme-Park/Seven-Theme-Park/build/Build/Products/Release-iphoneos -F /Applications/Xcode_26.3.app/Contents/Developer/Platforms/iPhoneOS.platform/Developer/Library/Frameworks -F /Applications/Xcode_26.3.app/Contents/Developer/Platforms/iPhoneOS.platform/Developer/SDKs/iPhoneOS26.2.sdk/Developer/Library/Frameworks -parse-as-library -c -num-threads 3 -Xcc -ivfsstatcache -Xcc /Users/runner/work/Seven-Theme-Park/Seven-Theme-Park/build/SDKStatCaches.noindex/iphoneos26.2-23C57-dc75598d0054f22ec865fa860f139d722dd23b4ebda140f7210d155ff1243552.sdkstatcache -output-file-map /Users/runner/work/Seven-Theme-Park/Seven-Theme-Park/build/Build/Intermediates.noindex/GoogleMobileAds.build/Release-iphoneos/GoogleMobileAdsTarget.build/Objects-normal/arm64/GoogleMobileAdsTarget-OutputFileMap.json -use-frontend-parseable-output -save-temps -no-color-diagnostics -explicit-module-build -module-cache-path /Users/runner/work/Seven-Theme-Park/Seven-Theme-Park/build/Build/Intermediates.noindex/SwiftExplicitPrecompiledModules -clang-scanner-module-cache-path /Users/runner/work/Seven-Theme-Park/Seven-Theme-Park/build/ModuleCache.noindex -sdk-module-cache-path /Users/runner/work/Seven-Theme-Park/Seven-Theme-Park/build/ModuleCache.noindex -serialize-diagnostics -emit-dependencies -emit-module -emit-module-path /Users/runner/work/Seven-Theme-Park/Seven-Theme-Park/build/Build/Intermediates.noindex/GoogleMobileAds.build/Release-iphoneos/GoogleMobileAdsTarget.build/Objects-normal/arm64/GoogleMobileAdsTarget.swiftmodule -validate-clang-modules-once -clang-build-session-file /Users/runner/work/Seven-Theme-Park/Seven-Theme-Park/build/ModuleCache.noindex/Session.modulevalidation -Xcc -I/Users/runner/work/Seven-Theme-Park/Seven-Theme-Park/build/Build/Intermediates.noindex/GoogleMobileAds.build/Release-iphoneos/GoogleMobileAdsTarget.build/swift-overrides.hmap -emit-const-values -Xfrontend -const-gather-protocols-file -Xfrontend /Users/runner/work/Seven-Theme-Park/Seven-Theme-Park/build/Build/Intermediates.noindex/GoogleMobileAds.build/Release-iphoneos/GoogleMobileAdsTarget.build/Objects-normal/arm64/GoogleMobileAdsTarget_const_extract_protocols.json -Xcc -I/Users/runner/work/Seven-Theme-Park/Seven-Theme-Park/build/SourcePackages/checkouts/swift-package-manager-google-user-messaging-platform/UserMessagingPlatformTarget/include -Xcc -I/Users/runner/work/Seven-Theme-Park/Seven-Theme-Park/build/Build/Products/Release-iphoneos/include -Xcc -I/Users/runner/work/Seven-Theme-Park/Seven-Theme-Park/build/Build/Intermediates.noindex/GoogleMobileAds.build/Release-iphoneos/GoogleMobileAdsTarget.build/DerivedSources-normal/arm64 -Xcc -I/Users/runner/work/Seven-Theme-Park/Seven-Theme-Park/build/Build/Intermediates.noindex/GoogleMobileAds.build/Release-iphoneos/GoogleMobileAdsTarget.build/DerivedSources/arm64 -Xcc -I/Users/runner/work/Seven-Theme-Park/Seven-Theme-Park/build/Build/Intermediates.noindex/GoogleMobileAds.build/Release-iphoneos/GoogleMobileAdsTarget.build/DerivedSources -Xcc -DSWIFT_PACKAGE -emit-objc-header -emit-objc-header-path /Users/runner/work/Seven-Theme-Park/Seven-Theme-Park/build/Build/Intermediates.noindex/GoogleMobileAds.build/Release-iphoneos/GoogleMobileAdsTarget.build/Objects-normal/arm64/GoogleMobileAdsTarget-Swift.h -working-directory /Users/runner/work/Seven-Theme-Park/Seven-Theme-Park/ParkEmpire.xcodeproj -no-emit-module-separately-wmo

ScanDependencies /Users/runner/work/Seven-Theme-Park/Seven-Theme-Park/build/Build/Intermediates.noindex/GoogleUserMessagingPlatform.build/Release-iphoneos/UserMessagingPlatformTarget.build/Objects-normal/arm64/placeholder.o /Users/runner/work/Seven-Theme-Park/Seven-Theme-Park/build/SourcePackages/checkouts/swift-package-manager-google-user-messaging-platform/UserMessagingPlatformTarget/placeholder.m normal arm64 objective-c com.apple.compilers.llvm.clang.1_0.compiler (in target 'UserMessagingPlatformTarget' from project 'GoogleUserMessagingPlatform')
    cd /Users/runner/work/Seven-Theme-Park/Seven-Theme-Park/ParkEmpire.xcodeproj
    
    Using response file: /Users/runner/work/Seven-Theme-Park/Seven-Theme-Park/build/Build/Intermediates.noindex/GoogleUserMessagingPlatform.build/Release-iphoneos/UserMessagingPlatformTarget.build/Objects-normal/arm64/e6072d4f65d7061329687fe24e3d63a7-common-args.resp
    
    builtin-ScanDependencies -o /Users/runner/work/Seven-Theme-Park/Seven-Theme-Park/build/Build/Intermediates.noindex/GoogleUserMessagingPlatform.build/Release-iphoneos/UserMessagingPlatformTarget.build/Objects-normal/arm64/placeholder.o.scan -- /Applications/Xcode_26.3.app/Contents/Developer/Toolchains/XcodeDefault.xctoolchain/usr/bin/clang -x objective-c -ivfsstatcache /Users/runner/work/Seven-Theme-Park/Seven-Theme-Park/build/SDKStatCaches.noindex/iphoneos26.2-23C57-dc75598d0054f22ec865fa860f139d722dd23b4ebda140f7210d155ff1243552.sdkstatcache -fmessage-length\=0 -fdiagnostics-show-note-include-stack -fmacro-backtrace-limit\=0 -fno-color-diagnostics -fmodules-prune-interval\=86400 -fmodules-prune-after\=345600 -fbuild-session-file\=/Users/runner/work/Seven-Theme-Park/Seven-Theme-Park/build/ModuleCache.noindex/Session.modulevalidation -fmodules-validate-once-per-build-session -Wnon-modular-include-in-framework-module -Werror\=non-modular-include-in-framework-module -Wno-trigraphs -Wno-missing-field-initializers -Wno-missing-prototypes -Wno-return-type -Wno-implicit-atomic-properties -Wno-objc-interface-ivars -Wno-arc-repeated-use-of-weak -Wno-missing-braces -Wparentheses -Wswitch -Wno-unused-function -Wno-unused-label -Wno-unused-parameter -Wno-unused-variable -Wunused-value -Wno-empty-body -Wno-uninitialized -Wno-unknown-pragmas -w -Wno-shadow -Wno-four-char-constants -Wno-conversion -Wno-constant-conversion -Wno-int-conversion -Wno-bool-conversion -Wno-enum-conversion -Wno-float-conversion -Wno-non-literal-null-conversion -Wno-objc-literal-conversion -Wshorten-64-to-32 -Wpointer-sign -Wno-newline-eof -Wno-selector -Wno-strict-selector-match -Wno-undeclared-selector -Wno-deprecated-implementations -Wno-implicit-fallthrough -fstrict-aliasing -Wprotocol -Wdeprecated-declarations -Wno-sign-conversion -Wno-infinite-recursion -Wno-comma -Wno-block-capture-autoreleasing -Wno-strict-prototypes -Wno-semicolon-before-method-body @/Users/runner/work/Seven-Theme-Park/Seven-Theme-Park/build/Build/Intermediates.noindex/GoogleUserMessagingPlatform.build/Release-iphoneos/UserMessagingPlatformTarget.build/Objects-normal/arm64/e6072d4f65d7061329687fe24e3d63a7-common-args.resp -MMD -MT dependencies -MF /Users/runner/work/Seven-Theme-Park/Seven-Theme-Park/build/Build/Intermediates.noindex/GoogleUserMessagingPlatform.build/Release-iphoneos/UserMessagingPlatformTarget.build/Objects-normal/arm64/placeholder.d --serialize-diagnostics /Users/runner/work/Seven-Theme-Park/Seven-Theme-Park/build/Build/Intermediates.noindex/GoogleUserMessagingPlatform.build/Release-iphoneos/UserMessagingPlatformTarget.build/Objects-normal/arm64/placeholder.dia -c /Users/runner/work/Seven-Theme-Park/Seven-Theme-Park/build/SourcePackages/checkouts/swift-package-manager-google-user-messaging-platform/UserMessagingPlatformTarget/placeholder.m -o /Users/runner/work/Seven-Theme-Park/Seven-Theme-Park/build/Build/Intermediates.noindex/GoogleUserMessagingPlatform.build/Release-iphoneos/UserMessagingPlatformTarget.build/Objects-normal/arm64/placeholder.o

CompileC /Users/runner/work/Seven-Theme-Park/Seven-Theme-Park/build/Build/Intermediates.noindex/GoogleUserMessagingPlatform.build/Release-iphoneos/UserMessagingPlatformTarget.build/Objects-normal/arm64/placeholder.o /Users/runner/work/Seven-Theme-Park/Seven-Theme-Park/build/SourcePackages/checkouts/swift-package-manager-google-user-messaging-platform/UserMessagingPlatformTarget/placeholder.m normal arm64 objective-c com.apple.compilers.llvm.clang.1_0.compiler (in target 'UserMessagingPlatformTarget' from project 'GoogleUserMessagingPlatform')
    cd /Users/runner/work/Seven-Theme-Park/Seven-Theme-Park/ParkEmpire.xcodeproj
    
    Using response file: /Users/runner/work/Seven-Theme-Park/Seven-Theme-Park/build/Build/Intermediates.noindex/GoogleUserMessagingPlatform.build/Release-iphoneos/UserMessagingPlatformTarget.build/Objects-normal/arm64/e6072d4f65d7061329687fe24e3d63a7-common-args.resp
    
    /Applications/Xcode_26.3.app/Contents/Developer/Toolchains/XcodeDefault.xctoolchain/usr/bin/clang -x objective-c -ivfsstatcache /Users/runner/work/Seven-Theme-Park/Seven-Theme-Park/build/SDKStatCaches.noindex/iphoneos26.2-23C57-dc75598d0054f22ec865fa860f139d722dd23b4ebda140f7210d155ff1243552.sdkstatcache -fmessage-length\=0 -fdiagnostics-show-note-include-stack -fmacro-backtrace-limit\=0 -fno-color-diagnostics -fmodules-prune-interval\=86400 -fmodules-prune-after\=345600 -fbuild-session-file\=/Users/runner/work/Seven-Theme-Park/Seven-Theme-Park/build/ModuleCache.noindex/Session.modulevalidation -fmodules-validate-once-per-build-session -Wnon-modular-include-in-framework-module -Werror\=non-modular-include-in-framework-module -Wno-trigraphs -Wno-missing-field-initializers -Wno-missing-prototypes -Wno-return-type -Wno-implicit-atomic-properties -Wno-objc-interface-ivars -Wno-arc-repeated-use-of-weak -Wno-missing-braces -Wparentheses -Wswitch -Wno-unused-function -Wno-unused-label -Wno-unused-parameter -Wno-unused-variable -Wunused-value -Wno-empty-body -Wno-uninitialized -Wno-unknown-pragmas -w -Wno-shadow -Wno-four-char-constants -Wno-conversion -Wno-constant-conversion -Wno-int-conversion -Wno-bool-conversion -Wno-enum-conversion -Wno-float-conversion -Wno-non-literal-null-conversion -Wno-objc-literal-conversion -Wshorten-64-to-32 -Wpointer-sign -Wno-newline-eof -Wno-selector -Wno-strict-selector-match -Wno-undeclared-selector -Wno-deprecated-implementations -Wno-implicit-fallthrough -fstrict-aliasing -Wprotocol -Wdeprecated-declarations -Wno-sign-conversion -Wno-infinite-recursion -Wno-comma -Wno-block-capture-autoreleasing -Wno-strict-prototypes -Wno-semicolon-before-method-body @/Users/runner/work/Seven-Theme-Park/Seven-Theme-Park/build/Build/Intermediates.noindex/GoogleUserMessagingPlatform.build/Release-iphoneos/UserMessagingPlatformTarget.build/Objects-normal/arm64/e6072d4f65d7061329687fe24e3d63a7-common-args.resp -MMD -MT dependencies -MF /Users/runner/work/Seven-Theme-Park/Seven-Theme-Park/build/Build/Intermediates.noindex/GoogleUserMessagingPlatform.build/Release-iphoneos/UserMessagingPlatformTarget.build/Objects-normal/arm64/placeholder.d --serialize-diagnostics /Users/runner/work/Seven-Theme-Park/Seven-Theme-Park/build/Build/Intermediates.noindex/GoogleUserMessagingPlatform.build/Release-iphoneos/UserMessagingPlatformTarget.build/Objects-normal/arm64/placeholder.dia -c /Users/runner/work/Seven-Theme-Park/Seven-Theme-Park/build/SourcePackages/checkouts/swift-package-manager-google-user-messaging-platform/UserMessagingPlatformTarget/placeholder.m -o /Users/runner/work/Seven-Theme-Park/Seven-Theme-Park/build/Build/Intermediates.noindex/GoogleUserMessagingPlatform.build/Release-iphoneos/UserMessagingPlatformTarget.build/Objects-normal/arm64/placeholder.o

SwiftDriver\ Compilation GoogleMobileAdsTarget normal arm64 com.apple.xcode.tools.swift.compiler (in target 'GoogleMobileAdsTarget' from project 'GoogleMobileAds')
    cd /Users/runner/work/Seven-Theme-Park/Seven-Theme-Park/ParkEmpire.xcodeproj
    builtin-Swift-Compilation -- /Applications/Xcode_26.3.app/Contents/Developer/Toolchains/XcodeDefault.xctoolchain/usr/bin/swiftc -module-name GoogleMobileAdsTarget -O -whole-module-optimization -enforce-exclusivity\=checked @/Users/runner/work/Seven-Theme-Park/Seven-Theme-Park/build/Build/Intermediates.noindex/GoogleMobileAds.build/Release-iphoneos/GoogleMobileAdsTarget.build/Objects-normal/arm64/GoogleMobileAdsTarget.SwiftFileList -DSWIFT_PACKAGE -DSWIFT_MODULE_RESOURCE_BUNDLE_UNAVAILABLE -Xcc -fmodule-map-file\=/Users/runner/work/Seven-Theme-Park/Seven-Theme-Park/build/Build/Intermediates.noindex/GeneratedModuleMaps-iphoneos/UserMessagingPlatformTarget.modulemap -DXcode -plugin-path /Applications/Xcode_26.3.app/Contents/Developer/Toolchains/XcodeDefault.xctoolchain/usr/lib/swift/host/plugins/testing -enable-experimental-feature DebugDescriptionMacro -sdk /Applications/Xcode_26.3.app/Contents/Developer/Platforms/iPhoneOS.platform/Developer/SDKs/iPhoneOS26.2.sdk -target arm64-apple-ios12.0 -g -module-cache-path /Users/runner/work/Seven-Theme-Park/Seven-Theme-Park/build/ModuleCache.noindex -Xfrontend -serialize-debugging-options -suppress-warnings -swift-version 5 -I /Users/runner/work/Seven-Theme-Park/Seven-Theme-Park/build/Build/Products/Release-iphoneos -Isystem /Applications/Xcode_26.3.app/Contents/Developer/Platforms/iPhoneOS.platform/Developer/usr/lib -F /Users/runner/work/Seven-Theme-Park/Seven-Theme-Park/build/Build/Products/Release-iphoneos/PackageFrameworks -F /Users/runner/work/Seven-Theme-Park/Seven-Theme-Park/build/Build/Products/Release-iphoneos -F /Applications/Xcode_26.3.app/Contents/Developer/Platforms/iPhoneOS.platform/Developer/Library/Frameworks -F /Applications/Xcode_26.3.app/Contents/Developer/Platforms/iPhoneOS.platform/Developer/SDKs/iPhoneOS26.2.sdk/Developer/Library/Frameworks -parse-as-library -c -num-threads 3 -Xcc -ivfsstatcache -Xcc /Users/runner/work/Seven-Theme-Park/Seven-Theme-Park/build/SDKStatCaches.noindex/iphoneos26.2-23C57-dc75598d0054f22ec865fa860f139d722dd23b4ebda140f7210d155ff1243552.sdkstatcache -output-file-map /Users/runner/work/Seven-Theme-Park/Seven-Theme-Park/build/Build/Intermediates.noindex/GoogleMobileAds.build/Release-iphoneos/GoogleMobileAdsTarget.build/Objects-normal/arm64/GoogleMobileAdsTarget-OutputFileMap.json -use-frontend-parseable-output -save-temps -no-color-diagnostics -explicit-module-build -module-cache-path /Users/runner/work/Seven-Theme-Park/Seven-Theme-Park/build/Build/Intermediates.noindex/SwiftExplicitPrecompiledModules -clang-scanner-module-cache-path /Users/runner/work/Seven-Theme-Park/Seven-Theme-Park/build/ModuleCache.noindex -sdk-module-cache-path /Users/runner/work/Seven-Theme-Park/Seven-Theme-Park/build/ModuleCache.noindex -serialize-diagnostics -emit-dependencies -emit-module -emit-module-path /Users/runner/work/Seven-Theme-Park/Seven-Theme-Park/build/Build/Intermediates.noindex/GoogleMobileAds.build/Release-iphoneos/GoogleMobileAdsTarget.build/Objects-normal/arm64/GoogleMobileAdsTarget.swiftmodule -validate-clang-modules-once -clang-build-session-file /Users/runner/work/Seven-Theme-Park/Seven-Theme-Park/build/ModuleCache.noindex/Session.modulevalidation -Xcc -I/Users/runner/work/Seven-Theme-Park/Seven-Theme-Park/build/Build/Intermediates.noindex/GoogleMobileAds.build/Release-iphoneos/GoogleMobileAdsTarget.build/swift-overrides.hmap -emit-const-values -Xfrontend -const-gather-protocols-file -Xfrontend /Users/runner/work/Seven-Theme-Park/Seven-Theme-Park/build/Build/Intermediates.noindex/GoogleMobileAds.build/Release-iphoneos/GoogleMobileAdsTarget.build/Objects-normal/arm64/GoogleMobileAdsTarget_const_extract_protocols.json -Xcc -I/Users/runner/work/Seven-Theme-Park/Seven-Theme-Park/build/SourcePackages/checkouts/swift-package-manager-google-user-messaging-platform/UserMessagingPlatformTarget/include -Xcc -I/Users/runner/work/Seven-Theme-Park/Seven-Theme-Park/build/Build/Products/Release-iphoneos/include -Xcc -I/Users/runner/work/Seven-Theme-Park/Seven-Theme-Park/build/Build/Intermediates.noindex/GoogleMobileAds.build/Release-iphoneos/GoogleMobileAdsTarget.build/DerivedSources-normal/arm64 -Xcc -I/Users/runner/work/Seven-Theme-Park/Seven-Theme-Park/build/Build/Intermediates.noindex/GoogleMobileAds.build/Release-iphoneos/GoogleMobileAdsTarget.build/DerivedSources/arm64 -Xcc -I/Users/runner/work/Seven-Theme-Park/Seven-Theme-Park/build/Build/Intermediates.noindex/GoogleMobileAds.build/Release-iphoneos/GoogleMobileAdsTarget.build/DerivedSources -Xcc -DSWIFT_PACKAGE -emit-objc-header -emit-objc-header-path /Users/runner/work/Seven-Theme-Park/Seven-Theme-Park/build/Build/Intermediates.noindex/GoogleMobileAds.build/Release-iphoneos/GoogleMobileAdsTarget.build/Objects-normal/arm64/GoogleMobileAdsTarget-Swift.h -working-directory /Users/runner/work/Seven-Theme-Park/Seven-Theme-Park/ParkEmpire.xcodeproj -no-emit-module-separately-wmo

SwiftExplicitDependencyGeneratePcm arm64 /Users/runner/work/Seven-Theme-Park/Seven-Theme-Park/build/ModuleCache.noindex/SwiftShims-5115ELHQ83B2OWM9XUA95Z891.pcm

SwiftExplicitDependencyGeneratePcm arm64 /Users/runner/work/Seven-Theme-Park/Seven-Theme-Park/build/ModuleCache.noindex/_SwiftConcurrencyShims-9HYBE5HC4I945ZO10N8HX8ZHN.pcm

Ld /Users/runner/work/Seven-Theme-Park/Seven-Theme-Park/build/Build/Products/Release-iphoneos/UserMessagingPlatformTarget.o normal (in target 'UserMessagingPlatformTarget' from project 'GoogleUserMessagingPlatform')
    cd /Users/runner/work/Seven-Theme-Park/Seven-Theme-Park/build/SourcePackages/checkouts/swift-package-manager-google-user-messaging-platform
    /Applications/Xcode_26.3.app/Contents/Developer/Toolchains/XcodeDefault.xctoolchain/usr/bin/clang -Xlinker -reproducible -target arm64-apple-ios12.0 -r -isysroot /Applications/Xcode_26.3.app/Contents/Developer/Platforms/iPhoneOS.platform/Developer/SDKs/iPhoneOS26.2.sdk -Os -w -L/Users/runner/work/Seven-Theme-Park/Seven-Theme-Park/build/Build/Intermediates.noindex/EagerLinkingTBDs/Release-iphoneos -L/Users/runner/work/Seven-Theme-Park/Seven-Theme-Park/build/Build/Products/Release-iphoneos -L/Applications/Xcode_26.3.app/Contents/Developer/Platforms/iPhoneOS.platform/Developer/usr/lib -F/Users/runner/work/Seven-Theme-Park/Seven-Theme-Park/build/Build/Intermediates.noindex/EagerLinkingTBDs/Release-iphoneos -F/Users/runner/work/Seven-Theme-Park/Seven-Theme-Park/build/Build/Products/Release-iphoneos -iframework /Applications/Xcode_26.3.app/Contents/Developer/Platforms/iPhoneOS.platform/Developer/Library/Frameworks -iframework /Applications/Xcode_26.3.app/Contents/Developer/Platforms/iPhoneOS.platform/Developer/SDKs/iPhoneOS26.2.sdk/Developer/Library/Frameworks -filelist /Users/runner/work/Seven-Theme-Park/Seven-Theme-Park/build/Build/Intermediates.noindex/GoogleUserMessagingPlatform.build/Release-iphoneos/UserMessagingPlatformTarget.build/Objects-normal/arm64/UserMessagingPlatformTarget.LinkFileList -nostdlib -Xlinker -object_path_lto -Xlinker /Users/runner/work/Seven-Theme-Park/Seven-Theme-Park/build/Build/Intermediates.noindex/GoogleUserMessagingPlatform.build/Release-iphoneos/UserMessagingPlatformTarget.build/Objects-normal/arm64/UserMessagingPlatformTarget_lto.o -Xlinker -dependency_info -Xlinker /Users/runner/work/Seven-Theme-Park/Seven-Theme-Park/build/Build/Intermediates.noindex/GoogleUserMessagingPlatform.build/Release-iphoneos/UserMessagingPlatformTarget.build/Objects-normal/arm64/UserMessagingPlatformTarget_dependency_info.dat -fobjc-arc -fobjc-link-runtime -o /Users/runner/work/Seven-Theme-Park/Seven-Theme-Park/build/Build/Products/Release-iphoneos/UserMessagingPlatformTarget.o

SwiftCompile normal arm64 Compiling\ placeholder.swift /Users/runner/work/Seven-Theme-Park/Seven-Theme-Park/build/SourcePackages/checkouts/swift-package-manager-google-mobile-ads/GoogleMobileAdsTarget/placeholder.swift /Applications/Xcode_26.3.app/Contents/Developer/Toolchains/XcodeDefault.xctoolchain/usr/lib/swift/iphoneos/prebuilt-modules/26.2/Swift.swiftmodule/arm64e-apple-ios.swiftmodule /Applications/Xcode_26.3.app/Contents/Developer/Toolchains/XcodeDefault.xctoolchain/usr/lib/swift/iphoneos/prebuilt-modules/26.2/_StringProcessing.swiftmodule/arm64e-apple-ios.swiftmodule /Applications/Xcode_26.3.app/Contents/Developer/Toolchains/XcodeDefault.xctoolchain/usr/lib/swift/iphoneos/prebuilt-modules/26.2/_Concurrency.swiftmodule/arm64e-apple-ios.swiftmodule /Users/runner/work/Seven-Theme-Park/Seven-Theme-Park/build/ModuleCache.noindex/_SwiftConcurrencyShims-9HYBE5HC4I945ZO10N8HX8ZHN.pcm /Users/runner/work/Seven-Theme-Park/Seven-Theme-Park/build/ModuleCache.noindex/SwiftShims-5115ELHQ83B2OWM9XUA95Z891.pcm /Users/runner/work/Seven-Theme-Park/Seven-Theme-Park/build/Build/Intermediates.noindex/GoogleMobileAds.build/Release-iphoneos/GoogleMobileAdsTarget.build/Objects-normal/arm64/GoogleMobileAdsTarget-dependencies-1.json (in target 'GoogleMobileAdsTarget' from project 'GoogleMobileAds')
SwiftCompile normal arm64 /Users/runner/work/Seven-Theme-Park/Seven-Theme-Park/build/SourcePackages/checkouts/swift-package-manager-google-mobile-ads/GoogleMobileAdsTarget/placeholder.swift (in target 'GoogleMobileAdsTarget' from project 'GoogleMobileAds')
    cd /Users/runner/work/Seven-Theme-Park/Seven-Theme-Park/ParkEmpire.xcodeproj
    

RegisterExecutionPolicyException /Users/runner/work/Seven-Theme-Park/Seven-Theme-Park/build/Build/Products/Release-iphoneos/UserMessagingPlatformTarget.o (in target 'UserMessagingPlatformTarget' from project 'GoogleUserMessagingPlatform')
    cd /Users/runner/work/Seven-Theme-Park/Seven-Theme-Park/build/SourcePackages/checkouts/swift-package-manager-google-user-messaging-platform
    builtin-RegisterExecutionPolicyException /Users/runner/work/Seven-Theme-Park/Seven-Theme-Park/build/Build/Products/Release-iphoneos/UserMessagingPlatformTarget.o

SwiftDriverJobDiscovery normal arm64 Compiling placeholder.swift (in target 'GoogleMobileAdsTarget' from project 'GoogleMobileAds')

SwiftDriver\ Compilation\ Requirements GoogleMobileAdsTarget normal arm64 com.apple.xcode.tools.swift.compiler (in target 'GoogleMobileAdsTarget' from project 'GoogleMobileAds')
    cd /Users/runner/work/Seven-Theme-Park/Seven-Theme-Park/ParkEmpire.xcodeproj
    builtin-Swift-Compilation-Requirements -- /Applications/Xcode_26.3.app/Contents/Developer/Toolchains/XcodeDefault.xctoolchain/usr/bin/swiftc -module-name GoogleMobileAdsTarget -O -whole-module-optimization -enforce-exclusivity\=checked @/Users/runner/work/Seven-Theme-Park/Seven-Theme-Park/build/Build/Intermediates.noindex/GoogleMobileAds.build/Release-iphoneos/GoogleMobileAdsTarget.build/Objects-normal/arm64/GoogleMobileAdsTarget.SwiftFileList -DSWIFT_PACKAGE -DSWIFT_MODULE_RESOURCE_BUNDLE_UNAVAILABLE -Xcc -fmodule-map-file\=/Users/runner/work/Seven-Theme-Park/Seven-Theme-Park/build/Build/Intermediates.noindex/GeneratedModuleMaps-iphoneos/UserMessagingPlatformTarget.modulemap -DXcode -plugin-path /Applications/Xcode_26.3.app/Contents/Developer/Toolchains/XcodeDefault.xctoolchain/usr/lib/swift/host/plugins/testing -enable-experimental-feature DebugDescriptionMacro -sdk /Applications/Xcode_26.3.app/Contents/Developer/Platforms/iPhoneOS.platform/Developer/SDKs/iPhoneOS26.2.sdk -target arm64-apple-ios12.0 -g -module-cache-path /Users/runner/work/Seven-Theme-Park/Seven-Theme-Park/build/ModuleCache.noindex -Xfrontend -serialize-debugging-options -suppress-warnings -swift-version 5 -I /Users/runner/work/Seven-Theme-Park/Seven-Theme-Park/build/Build/Products/Release-iphoneos -Isystem /Applications/Xcode_26.3.app/Contents/Developer/Platforms/iPhoneOS.platform/Developer/usr/lib -F /Users/runner/work/Seven-Theme-Park/Seven-Theme-Park/build/Build/Products/Release-iphoneos/PackageFrameworks -F /Users/runner/work/Seven-Theme-Park/Seven-Theme-Park/build/Build/Products/Release-iphoneos -F /Applications/Xcode_26.3.app/Contents/Developer/Platforms/iPhoneOS.platform/Developer/Library/Frameworks -F /Applications/Xcode_26.3.app/Contents/Developer/Platforms/iPhoneOS.platform/Developer/SDKs/iPhoneOS26.2.sdk/Developer/Library/Frameworks -parse-as-library -c -num-threads 3 -Xcc -ivfsstatcache -Xcc /Users/runner/work/Seven-Theme-Park/Seven-Theme-Park/build/SDKStatCaches.noindex/iphoneos26.2-23C57-dc75598d0054f22ec865fa860f139d722dd23b4ebda140f7210d155ff1243552.sdkstatcache -output-file-map /Users/runner/work/Seven-Theme-Park/Seven-Theme-Park/build/Build/Intermediates.noindex/GoogleMobileAds.build/Release-iphoneos/GoogleMobileAdsTarget.build/Objects-normal/arm64/GoogleMobileAdsTarget-OutputFileMap.json -use-frontend-parseable-output -save-temps -no-color-diagnostics -explicit-module-build -module-cache-path /Users/runner/work/Seven-Theme-Park/Seven-Theme-Park/build/Build/Intermediates.noindex/SwiftExplicitPrecompiledModules -clang-scanner-module-cache-path /Users/runner/work/Seven-Theme-Park/Seven-Theme-Park/build/ModuleCache.noindex -sdk-module-cache-path /Users/runner/work/Seven-Theme-Park/Seven-Theme-Park/build/ModuleCache.noindex -serialize-diagnostics -emit-dependencies -emit-module -emit-module-path /Users/runner/work/Seven-Theme-Park/Seven-Theme-Park/build/Build/Intermediates.noindex/GoogleMobileAds.build/Release-iphoneos/GoogleMobileAdsTarget.build/Objects-normal/arm64/GoogleMobileAdsTarget.swiftmodule -validate-clang-modules-once -clang-build-session-file /Users/runner/work/Seven-Theme-Park/Seven-Theme-Park/build/ModuleCache.noindex/Session.modulevalidation -Xcc -I/Users/runner/work/Seven-Theme-Park/Seven-Theme-Park/build/Build/Intermediates.noindex/GoogleMobileAds.build/Release-iphoneos/GoogleMobileAdsTarget.build/swift-overrides.hmap -emit-const-values -Xfrontend -const-gather-protocols-file -Xfrontend /Users/runner/work/Seven-Theme-Park/Seven-Theme-Park/build/Build/Intermediates.noindex/GoogleMobileAds.build/Release-iphoneos/GoogleMobileAdsTarget.build/Objects-normal/arm64/GoogleMobileAdsTarget_const_extract_protocols.json -Xcc -I/Users/runner/work/Seven-Theme-Park/Seven-Theme-Park/build/SourcePackages/checkouts/swift-package-manager-google-user-messaging-platform/UserMessagingPlatformTarget/include -Xcc -I/Users/runner/work/Seven-Theme-Park/Seven-Theme-Park/build/Build/Products/Release-iphoneos/include -Xcc -I/Users/runner/work/Seven-Theme-Park/Seven-Theme-Park/build/Build/Intermediates.noindex/GoogleMobileAds.build/Release-iphoneos/GoogleMobileAdsTarget.build/DerivedSources-normal/arm64 -Xcc -I/Users/runner/work/Seven-Theme-Park/Seven-Theme-Park/build/Build/Intermediates.noindex/GoogleMobileAds.build/Release-iphoneos/GoogleMobileAdsTarget.build/DerivedSources/arm64 -Xcc -I/Users/runner/work/Seven-Theme-Park/Seven-Theme-Park/build/Build/Intermediates.noindex/GoogleMobileAds.build/Release-iphoneos/GoogleMobileAdsTarget.build/DerivedSources -Xcc -DSWIFT_PACKAGE -emit-objc-header -emit-objc-header-path /Users/runner/work/Seven-Theme-Park/Seven-Theme-Park/build/Build/Intermediates.noindex/GoogleMobileAds.build/Release-iphoneos/GoogleMobileAdsTarget.build/Objects-normal/arm64/GoogleMobileAdsTarget-Swift.h -working-directory /Users/runner/work/Seven-Theme-Park/Seven-Theme-Park/ParkEmpire.xcodeproj -no-emit-module-separately-wmo

SwiftMergeGeneratedHeaders /Users/runner/work/Seven-Theme-Park/Seven-Theme-Park/build/Build/Intermediates.noindex/GeneratedModuleMaps-iphoneos/GoogleMobileAdsTarget-Swift.h /Users/runner/work/Seven-Theme-Park/Seven-Theme-Park/build/Build/Intermediates.noindex/GoogleMobileAds.build/Release-iphoneos/GoogleMobileAdsTarget.build/Objects-normal/arm64/GoogleMobileAdsTarget-Swift.h (in target 'GoogleMobileAdsTarget' from project 'GoogleMobileAds')
    cd /Users/runner/work/Seven-Theme-Park/Seven-Theme-Park/build/SourcePackages/checkouts/swift-package-manager-google-mobile-ads
    builtin-swiftHeaderTool -arch arm64 /Users/runner/work/Seven-Theme-Park/Seven-Theme-Park/build/Build/Intermediates.noindex/GoogleMobileAds.build/Release-iphoneos/GoogleMobileAdsTarget.build/Objects-normal/arm64/GoogleMobileAdsTarget-Swift.h -o /Users/runner/work/Seven-Theme-Park/Seven-Theme-Park/build/Build/Intermediates.noindex/GeneratedModuleMaps-iphoneos/GoogleMobileAdsTarget-Swift.h

Copy /Users/runner/work/Seven-Theme-Park/Seven-Theme-Park/build/Build/Products/Release-iphoneos/GoogleMobileAdsTarget.swiftmodule/arm64-apple-ios.swiftdoc /Users/runner/work/Seven-Theme-Park/Seven-Theme-Park/build/Build/Intermediates.noindex/GoogleMobileAds.build/Release-iphoneos/GoogleMobileAdsTarget.build/Objects-normal/arm64/GoogleMobileAdsTarget.swiftdoc (in target 'GoogleMobileAdsTarget' from project 'GoogleMobileAds')
    cd /Users/runner/work/Seven-Theme-Park/Seven-Theme-Park/build/SourcePackages/checkouts/swift-package-manager-google-mobile-ads
    builtin-copy -exclude .DS_Store -exclude CVS -exclude .svn -exclude .git -exclude .hg -strip-unsigned-binaries -strip-deterministic -strip-tool /Applications/Xcode_26.3.app/Contents/Developer/Toolchains/XcodeDefault.xctoolchain/usr/bin/strip -resolve-src-symlinks -rename /Users/runner/work/Seven-Theme-Park/Seven-Theme-Park/build/Build/Intermediates.noindex/GoogleMobileAds.build/Release-iphoneos/GoogleMobileAdsTarget.build/Objects-normal/arm64/GoogleMobileAdsTarget.swiftdoc /Users/runner/work/Seven-Theme-Park/Seven-Theme-Park/build/Build/Products/Release-iphoneos/GoogleMobileAdsTarget.swiftmodule/arm64-apple-ios.swiftdoc

Copy /Users/runner/work/Seven-Theme-Park/Seven-Theme-Park/build/Build/Products/Release-iphoneos/GoogleMobileAdsTarget.swiftmodule/arm64-apple-ios.swiftmodule /Users/runner/work/Seven-Theme-Park/Seven-Theme-Park/build/Build/Intermediates.noindex/GoogleMobileAds.build/Release-iphoneos/GoogleMobileAdsTarget.build/Objects-normal/arm64/GoogleMobileAdsTarget.swiftmodule (in target 'GoogleMobileAdsTarget' from project 'GoogleMobileAds')
    cd /Users/runner/work/Seven-Theme-Park/Seven-Theme-Park/build/SourcePackages/checkouts/swift-package-manager-google-mobile-ads
    builtin-copy -exclude .DS_Store -exclude CVS -exclude .svn -exclude .git -exclude .hg -strip-unsigned-binaries -strip-deterministic -strip-tool /Applications/Xcode_26.3.app/Contents/Developer/Toolchains/XcodeDefault.xctoolchain/usr/bin/strip -resolve-src-symlinks -rename /Users/runner/work/Seven-Theme-Park/Seven-Theme-Park/build/Build/Intermediates.noindex/GoogleMobileAds.build/Release-iphoneos/GoogleMobileAdsTarget.build/Objects-normal/arm64/GoogleMobileAdsTarget.swiftmodule /Users/runner/work/Seven-Theme-Park/Seven-Theme-Park/build/Build/Products/Release-iphoneos/GoogleMobileAdsTarget.swiftmodule/arm64-apple-ios.swiftmodule

Copy /Users/runner/work/Seven-Theme-Park/Seven-Theme-Park/build/Build/Products/Release-iphoneos/GoogleMobileAdsTarget.swiftmodule/arm64-apple-ios.abi.json /Users/runner/work/Seven-Theme-Park/Seven-Theme-Park/build/Build/Intermediates.noindex/GoogleMobileAds.build/Release-iphoneos/GoogleMobileAdsTarget.build/Objects-normal/arm64/GoogleMobileAdsTarget.abi.json (in target 'GoogleMobileAdsTarget' from project 'GoogleMobileAds')
    cd /Users/runner/work/Seven-Theme-Park/Seven-Theme-Park/build/SourcePackages/checkouts/swift-package-manager-google-mobile-ads
    builtin-copy -exclude .DS_Store -exclude CVS -exclude .svn -exclude .git -exclude .hg -strip-unsigned-binaries -strip-deterministic -strip-tool /Applications/Xcode_26.3.app/Contents/Developer/Toolchains/XcodeDefault.xctoolchain/usr/bin/strip -resolve-src-symlinks -rename /Users/runner/work/Seven-Theme-Park/Seven-Theme-Park/build/Build/Intermediates.noindex/GoogleMobileAds.build/Release-iphoneos/GoogleMobileAdsTarget.build/Objects-normal/arm64/GoogleMobileAdsTarget.abi.json /Users/runner/work/Seven-Theme-Park/Seven-Theme-Park/build/Build/Products/Release-iphoneos/GoogleMobileAdsTarget.swiftmodule/arm64-apple-ios.abi.json

Copy /Users/runner/work/Seven-Theme-Park/Seven-Theme-Park/build/Build/Products/Release-iphoneos/GoogleMobileAdsTarget.swiftmodule/Project/arm64-apple-ios.swiftsourceinfo /Users/runner/work/Seven-Theme-Park/Seven-Theme-Park/build/Build/Intermediates.noindex/GoogleMobileAds.build/Release-iphoneos/GoogleMobileAdsTarget.build/Objects-normal/arm64/GoogleMobileAdsTarget.swiftsourceinfo (in target 'GoogleMobileAdsTarget' from project 'GoogleMobileAds')
    cd /Users/runner/work/Seven-Theme-Park/Seven-Theme-Park/build/SourcePackages/checkouts/swift-package-manager-google-mobile-ads
    builtin-copy -exclude .DS_Store -exclude CVS -exclude .svn -exclude .git -exclude .hg -strip-unsigned-binaries -strip-deterministic -strip-tool /Applications/Xcode_26.3.app/Contents/Developer/Toolchains/XcodeDefault.xctoolchain/usr/bin/strip -resolve-src-symlinks -rename /Users/runner/work/Seven-Theme-Park/Seven-Theme-Park/build/Build/Intermediates.noindex/GoogleMobileAds.build/Release-iphoneos/GoogleMobileAdsTarget.build/Objects-normal/arm64/GoogleMobileAdsTarget.swiftsourceinfo /Users/runner/work/Seven-Theme-Park/Seven-Theme-Park/build/Build/Products/Release-iphoneos/GoogleMobileAdsTarget.swiftmodule/Project/arm64-apple-ios.swiftsourceinfo

Ld /Users/runner/work/Seven-Theme-Park/Seven-Theme-Park/build/Build/Products/Release-iphoneos/GoogleMobileAdsTarget.o normal (in target 'GoogleMobileAdsTarget' from project 'GoogleMobileAds')
    cd /Users/runner/work/Seven-Theme-Park/Seven-Theme-Park/build/SourcePackages/checkouts/swift-package-manager-google-mobile-ads
    /Applications/Xcode_26.3.app/Contents/Developer/Toolchains/XcodeDefault.xctoolchain/usr/bin/clang -Xlinker -reproducible -target arm64-apple-ios12.0 -r -isysroot /Applications/Xcode_26.3.app/Contents/Developer/Platforms/iPhoneOS.platform/Developer/SDKs/iPhoneOS26.2.sdk -Os -w -L/Users/runner/work/Seven-Theme-Park/Seven-Theme-Park/build/Build/Intermediates.noindex/EagerLinkingTBDs/Release-iphoneos -L/Users/runner/work/Seven-Theme-Park/Seven-Theme-Park/build/Build/Products/Release-iphoneos -L/Applications/Xcode_26.3.app/Contents/Developer/Platforms/iPhoneOS.platform/Developer/usr/lib -F/Users/runner/work/Seven-Theme-Park/Seven-Theme-Park/build/Build/Intermediates.noindex/EagerLinkingTBDs/Release-iphoneos -F/Users/runner/work/Seven-Theme-Park/Seven-Theme-Park/build/Build/Products/Release-iphoneos/PackageFrameworks -F/Users/runner/work/Seven-Theme-Park/Seven-Theme-Park/build/Build/Products/Release-iphoneos -iframework /Applications/Xcode_26.3.app/Contents/Developer/Platforms/iPhoneOS.platform/Developer/Library/Frameworks -iframework /Applications/Xcode_26.3.app/Contents/Developer/Platforms/iPhoneOS.platform/Developer/SDKs/iPhoneOS26.2.sdk/Developer/Library/Frameworks -filelist /Users/runner/work/Seven-Theme-Park/Seven-Theme-Park/build/Build/Intermediates.noindex/GoogleMobileAds.build/Release-iphoneos/GoogleMobileAdsTarget.build/Objects-normal/arm64/GoogleMobileAdsTarget.LinkFileList -nostdlib -Xlinker -object_path_lto -Xlinker /Users/runner/work/Seven-Theme-Park/Seven-Theme-Park/build/Build/Intermediates.noindex/GoogleMobileAds.build/Release-iphoneos/GoogleMobileAdsTarget.build/Objects-normal/arm64/GoogleMobileAdsTarget_lto.o -Xlinker -dependency_info -Xlinker /Users/runner/work/Seven-Theme-Park/Seven-Theme-Park/build/Build/Intermediates.noindex/GoogleMobileAds.build/Release-iphoneos/GoogleMobileAdsTarget.build/Objects-normal/arm64/GoogleMobileAdsTarget_dependency_info.dat -fobjc-link-runtime -L/Applications/Xcode_26.3.app/Contents/Developer/Toolchains/XcodeDefault.xctoolchain/usr/lib/swift/iphoneos -L/usr/lib/swift -Xlinker -add_ast_path -Xlinker /Users/runner/work/Seven-Theme-Park/Seven-Theme-Park/build/Build/Intermediates.noindex/GoogleMobileAds.build/Release-iphoneos/GoogleMobileAdsTarget.build/Objects-normal/arm64/GoogleMobileAdsTarget.swiftmodule @/Users/runner/work/Seven-Theme-Park/Seven-Theme-Park/build/Build/Intermediates.noindex/GoogleMobileAds.build/Release-iphoneos/GoogleMobileAdsTarget.build/Objects-normal/arm64/GoogleMobileAdsTarget-linker-args.resp -o /Users/runner/work/Seven-Theme-Park/Seven-Theme-Park/build/Build/Products/Release-iphoneos/GoogleMobileAdsTarget.o

MkDir /Users/runner/work/Seven-Theme-Park/Seven-Theme-Park/build/Build/Intermediates.noindex/ParkEmpire.build/Release-iphoneos/ParkEmpire.build/assetcatalog_output/thinned (in target 'ParkEmpire' from project 'ParkEmpire')
    cd /Users/runner/work/Seven-Theme-Park/Seven-Theme-Park
    /bin/mkdir -p /Users/runner/work/Seven-Theme-Park/Seven-Theme-Park/build/Build/Intermediates.noindex/ParkEmpire.build/Release-iphoneos/ParkEmpire.build/assetcatalog_output/thinned

MkDir /Users/runner/work/Seven-Theme-Park/Seven-Theme-Park/build/Build/Intermediates.noindex/ParkEmpire.build/Release-iphoneos/ParkEmpire.build/assetcatalog_output/unthinned (in target 'ParkEmpire' from project 'ParkEmpire')
    cd /Users/runner/work/Seven-Theme-Park/Seven-Theme-Park
    /bin/mkdir -p /Users/runner/work/Seven-Theme-Park/Seven-Theme-Park/build/Build/Intermediates.noindex/ParkEmpire.build/Release-iphoneos/ParkEmpire.build/assetcatalog_output/unthinned

GenerateAssetSymbols /Users/runner/work/Seven-Theme-Park/Seven-Theme-Park/ParkEmpire/Assets.xcassets (in target 'ParkEmpire' from project 'ParkEmpire')
    cd /Users/runner/work/Seven-Theme-Park/Seven-Theme-Park
    /Applications/Xcode_26.3.app/Contents/Developer/usr/bin/actool /Users/runner/work/Seven-Theme-Park/Seven-Theme-Park/ParkEmpire/Assets.xcassets --compile /Users/runner/work/Seven-Theme-Park/Seven-Theme-Park/build/Build/Products/Release-iphoneos/ParkEmpire.app --output-format human-readable-text --notices --warnings --export-dependency-info /Users/runner/work/Seven-Theme-Park/Seven-Theme-Park/build/Build/Intermediates.noindex/ParkEmpire.build/Release-iphoneos/ParkEmpire.build/assetcatalog_dependencies --output-partial-info-plist /Users/runner/work/Seven-Theme-Park/Seven-Theme-Park/build/Build/Intermediates.noindex/ParkEmpire.build/Release-iphoneos/ParkEmpire.build/assetcatalog_generated_info.plist --app-icon AppIcon --accent-color AccentColor --compress-pngs --enable-on-demand-resources YES --development-region en --target-device iphone --target-device ipad --minimum-deployment-target 15.0 --platform iphoneos --bundle-identifier com.wickedstudios.wonderlot.7X49UN26T8 --generate-swift-asset-symbol-extensions NO --generate-swift-asset-symbols /Users/runner/work/Seven-Theme-Park/Seven-Theme-Park/build/Build/Intermediates.noindex/ParkEmpire.build/Release-iphoneos/ParkEmpire.build/DerivedSources/GeneratedAssetSymbols.swift --generate-objc-asset-symbols /Users/runner/work/Seven-Theme-Park/Seven-Theme-Park/build/Build/Intermediates.noindex/ParkEmpire.build/Release-iphoneos/ParkEmpire.build/DerivedSources/GeneratedAssetSymbols.h --generate-asset-symbol-index /Users/runner/work/Seven-Theme-Park/Seven-Theme-Park/build/Build/Intermediates.noindex/ParkEmpire.build/Release-iphoneos/ParkEmpire.build/DerivedSources/GeneratedAssetSymbols-Index.plist
/* com.apple.actool.compilation-results */
/Users/runner/work/Seven-Theme-Park/Seven-Theme-Park/build/Build/Intermediates.noindex/ParkEmpire.build/Release-iphoneos/ParkEmpire.build/DerivedSources/GeneratedAssetSymbols-Index.plist
/Users/runner/work/Seven-Theme-Park/Seven-Theme-Park/build/Build/Intermediates.noindex/ParkEmpire.build/Release-iphoneos/ParkEmpire.build/DerivedSources/GeneratedAssetSymbols.h
/Users/runner/work/Seven-Theme-Park/Seven-Theme-Park/build/Build/Intermediates.noindex/ParkEmpire.build/Release-iphoneos/ParkEmpire.build/DerivedSources/GeneratedAssetSymbols.swift


CompileAssetCatalogVariant thinned /Users/runner/work/Seven-Theme-Park/Seven-Theme-Park/build/Build/Products/Release-iphoneos/ParkEmpire.app /Users/runner/work/Seven-Theme-Park/Seven-Theme-Park/ParkEmpire/Assets.xcassets (in target 'ParkEmpire' from project 'ParkEmpire')
    cd /Users/runner/work/Seven-Theme-Park/Seven-Theme-Park
    /Applications/Xcode_26.3.app/Contents/Developer/usr/bin/actool /Users/runner/work/Seven-Theme-Park/Seven-Theme-Park/ParkEmpire/Assets.xcassets --compile /Users/runner/work/Seven-Theme-Park/Seven-Theme-Park/build/Build/Intermediates.noindex/ParkEmpire.build/Release-iphoneos/ParkEmpire.build/assetcatalog_output/thinned --output-format human-readable-text --notices --warnings --export-dependency-info /Users/runner/work/Seven-Theme-Park/Seven-Theme-Park/build/Build/Intermediates.noindex/ParkEmpire.build/Release-iphoneos/ParkEmpire.build/assetcatalog_dependencies_thinned --output-partial-info-plist /Users/runner/work/Seven-Theme-Park/Seven-Theme-Park/build/Build/Intermediates.noindex/ParkEmpire.build/Release-iphoneos/ParkEmpire.build/assetcatalog_generated_info.plist_thinned --app-icon AppIcon --accent-color AccentColor --compress-pngs --enable-on-demand-resources YES --development-region en --target-device iphone --target-device ipad --minimum-deployment-target 15.0 --platform iphoneos
/* com.apple.actool.compilation-results */
/Users/runner/work/Seven-Theme-Park/Seven-Theme-Park/build/Build/Intermediates.noindex/ParkEmpire.build/Release-iphoneos/ParkEmpire.build/assetcatalog_generated_info.plist_thinned
/Users/runner/work/Seven-Theme-Park/Seven-Theme-Park/build/Build/Intermediates.noindex/ParkEmpire.build/Release-iphoneos/ParkEmpire.build/assetcatalog_output/thinned/AppIcon60x60@2x.png
/Users/runner/work/Seven-Theme-Park/Seven-Theme-Park/build/Build/Intermediates.noindex/ParkEmpire.build/Release-iphoneos/ParkEmpire.build/assetcatalog_output/thinned/AppIcon76x76@2x~ipad.png
/Users/runner/work/Seven-Theme-Park/Seven-Theme-Park/build/Build/Intermediates.noindex/ParkEmpire.build/Release-iphoneos/ParkEmpire.build/assetcatalog_output/thinned/Assets.car


ExtractAppIntentsMetadata (in target 'GoogleMobileAdsTarget' from project 'GoogleMobileAds')
    cd /Users/runner/work/Seven-Theme-Park/Seven-Theme-Park/build/SourcePackages/checkouts/swift-package-manager-google-mobile-ads
    /Applications/Xcode_26.3.app/Contents/Developer/Toolchains/XcodeDefault.xctoolchain/usr/bin/appintentsmetadataprocessor --toolchain-dir /var/run/com.apple.security.cryptexd/mnt/com.apple.MobileAsset.MetalToolchain-v17.3.7003.10.4NSjso/Metal.xctoolchain --module-name GoogleMobileAdsTarget --sdk-root /Applications/Xcode_26.3.app/Contents/Developer/Platforms/iPhoneOS.platform/Developer/SDKs/iPhoneOS26.2.sdk --xcode-version 17C529 --platform-family iOS --deployment-target 12.0 --bundle-identifier swift-package-manager-google-mobile-ads.GoogleMobileAdsTarget --output /Users/runner/work/Seven-Theme-Park/Seven-Theme-Park/build/Build/Products/Release-iphoneos/GoogleMobileAdsTarget.appintents --target-triple arm64-apple-ios12.0 --binary-file /Users/runner/work/Seven-Theme-Park/Seven-Theme-Park/build/Build/Products/Release-iphoneos/GoogleMobileAdsTarget.o --dependency-file /Users/runner/work/Seven-Theme-Park/Seven-Theme-Park/build/Build/Intermediates.noindex/GoogleMobileAds.build/Release-iphoneos/GoogleMobileAdsTarget.build/Objects-normal/arm64/GoogleMobileAdsTarget_dependency_info.dat --stringsdata-file /Users/runner/work/Seven-Theme-Park/Seven-Theme-Park/build/Build/Intermediates.noindex/GoogleMobileAds.build/Release-iphoneos/GoogleMobileAdsTarget.build/Objects-normal/arm64/ExtractedAppShortcutsMetadata.stringsdata --source-file-list /Users/runner/work/Seven-Theme-Park/Seven-Theme-Park/build/Build/Intermediates.noindex/GoogleMobileAds.build/Release-iphoneos/GoogleMobileAdsTarget.build/Objects-normal/arm64/GoogleMobileAdsTarget.SwiftFileList --metadata-file-list /Users/runner/work/Seven-Theme-Park/Seven-Theme-Park/build/Build/Intermediates.noindex/GoogleMobileAds.build/Release-iphoneos/GoogleMobileAdsTarget.build/GoogleMobileAdsTarget.DependencyMetadataFileList --static-metadata-file-list /Users/runner/work/Seven-Theme-Park/Seven-Theme-Park/build/Build/Intermediates.noindex/GoogleMobileAds.build/Release-iphoneos/GoogleMobileAdsTarget.build/GoogleMobileAdsTarget.DependencyStaticMetadataFileList --swift-const-vals-list /Users/runner/work/Seven-Theme-Park/Seven-Theme-Park/build/Build/Intermediates.noindex/GoogleMobileAds.build/Release-iphoneos/GoogleMobileAdsTarget.build/Objects-normal/arm64/GoogleMobileAdsTarget.SwiftConstValuesFileList --force --compile-time-extraction --deployment-aware-processing --validate-assistant-intents --no-app-shortcuts-localization
2026-09-17 03:45:33.827 appintentsmetadataprocessor[3516:14062] Starting appintentsmetadataprocessor export
2026-09-17 03:45:34.304 appintentsmetadataprocessor[3516:14062] Extracted no relevant App Intents symbols, skipping writing output

SwiftDriver ParkEmpire normal arm64 com.apple.xcode.tools.swift.compiler (in target 'ParkEmpire' from project 'ParkEmpire')
    cd /Users/runner/work/Seven-Theme-Park/Seven-Theme-Park
    builtin-SwiftDriver -- /Applications/Xcode_26.3.app/Contents/Developer/Toolchains/XcodeDefault.xctoolchain/usr/bin/swiftc -module-name ParkEmpire -O -whole-module-optimization -enforce-exclusivity\=checked @/Users/runner/work/Seven-Theme-Park/Seven-Theme-Park/build/Build/Intermediates.noindex/ParkEmpire.build/Release-iphoneos/ParkEmpire.build/Objects-normal/arm64/ParkEmpire.SwiftFileList -Xcc -fmodule-map-file\=/Users/runner/work/Seven-Theme-Park/Seven-Theme-Park/build/Build/Intermediates.noindex/GeneratedModuleMaps-iphoneos/UserMessagingPlatformTarget.modulemap -enable-bare-slash-regex -enable-experimental-feature DebugDescriptionMacro -sdk /Applications/Xcode_26.3.app/Contents/Developer/Platforms/iPhoneOS.platform/Developer/SDKs/iPhoneOS26.2.sdk -target arm64-apple-ios15.0 -g -module-cache-path /Users/runner/work/Seven-Theme-Park/Seven-Theme-Park/build/ModuleCache.noindex -Xfrontend -serialize-debugging-options -swift-version 5 -I /Users/runner/work/Seven-Theme-Park/Seven-Theme-Park/build/Build/Products/Release-iphoneos -F /Users/runner/work/Seven-Theme-Park/Seven-Theme-Park/build/Build/Products/Release-iphoneos/PackageFrameworks -F /Users/runner/work/Seven-Theme-Park/Seven-Theme-Park/build/Build/Products/Release-iphoneos/PackageFrameworks -F /Users/runner/work/Seven-Theme-Park/Seven-Theme-Park/build/Build/Products/Release-iphoneos -emit-localized-strings -emit-localized-strings-path /Users/runner/work/Seven-Theme-Park/Seven-Theme-Park/build/Build/Intermediates.noindex/ParkEmpire.build/Release-iphoneos/ParkEmpire.build/Objects-normal/arm64 -c -num-threads 3 -Xcc -ivfsstatcache -Xcc /Users/runner/work/Seven-Theme-Park/Seven-Theme-Park/build/SDKStatCaches.noindex/iphoneos26.2-23C57-dc75598d0054f22ec865fa860f139d722dd23b4ebda140f7210d155ff1243552.sdkstatcache -output-file-map /Users/runner/work/Seven-Theme-Park/Seven-Theme-Park/build/Build/Intermediates.noindex/ParkEmpire.build/Release-iphoneos/ParkEmpire.build/Objects-normal/arm64/ParkEmpire-OutputFileMap.json -use-frontend-parseable-output -save-temps -no-color-diagnostics -explicit-module-build -module-cache-path /Users/runner/work/Seven-Theme-Park/Seven-Theme-Park/build/Build/Intermediates.noindex/SwiftExplicitPrecompiledModules -clang-scanner-module-cache-path /Users/runner/work/Seven-Theme-Park/Seven-Theme-Park/build/ModuleCache.noindex -sdk-module-cache-path /Users/runner/work/Seven-Theme-Park/Seven-Theme-Park/build/ModuleCache.noindex -serialize-diagnostics -emit-dependencies -emit-module -emit-module-path /Users/runner/work/Seven-Theme-Park/Seven-Theme-Park/build/Build/Intermediates.noindex/ParkEmpire.build/Release-iphoneos/ParkEmpire.build/Objects-normal/arm64/ParkEmpire.swiftmodule -validate-clang-modules-once -clang-build-session-file /Users/runner/work/Seven-Theme-Park/Seven-Theme-Park/build/ModuleCache.noindex/Session.modulevalidation -Xcc -I/Users/runner/work/Seven-Theme-Park/Seven-Theme-Park/build/Build/Intermediates.noindex/ParkEmpire.build/Release-iphoneos/ParkEmpire.build/swift-overrides.hmap -emit-const-values -Xfrontend -const-gather-protocols-file -Xfrontend /Users/runner/work/Seven-Theme-Park/Seven-Theme-Park/build/Build/Intermediates.noindex/ParkEmpire.build/Release-iphoneos/ParkEmpire.build/Objects-normal/arm64/ParkEmpire_const_extract_protocols.json -Xcc -iquote -Xcc /Users/runner/work/Seven-Theme-Park/Seven-Theme-Park/build/Build/Intermediates.noindex/ParkEmpire.build/Release-iphoneos/ParkEmpire.build/ParkEmpire-generated-files.hmap -Xcc -I/Users/runner/work/Seven-Theme-Park/Seven-Theme-Park/build/Build/Intermediates.noindex/ParkEmpire.build/Release-iphoneos/ParkEmpire.build/ParkEmpire-own-target-headers.hmap -Xcc -I/Users/runner/work/Seven-Theme-Park/Seven-Theme-Park/build/Build/Intermediates.noindex/ParkEmpire.build/Release-iphoneos/ParkEmpire.build/ParkEmpire-all-non-framework-target-headers.hmap -Xcc -ivfsoverlay -Xcc /Users/runner/work/Seven-Theme-Park/Seven-Theme-Park/build/Build/Intermediates.noindex/ParkEmpire.build/Release-iphoneos/ParkEmpire-29670ae6b33e365cba363b65a636c35e-VFS-iphoneos/all-product-headers.yaml -Xcc -iquote -Xcc /Users/runner/work/Seven-Theme-Park/Seven-Theme-Park/build/Build/Intermediates.noindex/ParkEmpire.build/Release-iphoneos/ParkEmpire.build/ParkEmpire-project-headers.hmap -Xcc -I/Users/runner/work/Seven-Theme-Park/Seven-Theme-Park/build/SourcePackages/checkouts/swift-package-manager-google-user-messaging-platform/UserMessagingPlatformTarget/include -Xcc -I/Users/runner/work/Seven-Theme-Park/Seven-Theme-Park/build/Build/Products/Release-iphoneos/include -Xcc -I/Users/runner/work/Seven-Theme-Park/Seven-Theme-Park/build/Build/Intermediates.noindex/ParkEmpire.build/Release-iphoneos/ParkEmpire.build/DerivedSources-normal/arm64 -Xcc -I/Users/runner/work/Seven-Theme-Park/Seven-Theme-Park/build/Build/Intermediates.noindex/ParkEmpire.build/Release-iphoneos/ParkEmpire.build/DerivedSources/arm64 -Xcc -I/Users/runner/work/Seven-Theme-Park/Seven-Theme-Park/build/Build/Intermediates.noindex/ParkEmpire.build/Release-iphoneos/ParkEmpire.build/DerivedSources -emit-objc-header -emit-objc-header-path /Users/runner/work/Seven-Theme-Park/Seven-Theme-Park/build/Build/Intermediates.noindex/ParkEmpire.build/Release-iphoneos/ParkEmpire.build/Objects-normal/arm64/ParkEmpire-Swift.h -working-directory /Users/runner/work/Seven-Theme-Park/Seven-Theme-Park -no-emit-module-separately-wmo

RegisterExecutionPolicyException /Users/runner/work/Seven-Theme-Park/Seven-Theme-Park/build/Build/Products/Release-iphoneos/GoogleMobileAdsTarget.o (in target 'GoogleMobileAdsTarget' from project 'GoogleMobileAds')
    cd /Users/runner/work/Seven-Theme-Park/Seven-Theme-Park/build/SourcePackages/checkouts/swift-package-manager-google-mobile-ads
    builtin-RegisterExecutionPolicyException /Users/runner/work/Seven-Theme-Park/Seven-Theme-Park/build/Build/Products/Release-iphoneos/GoogleMobileAdsTarget.o

CpResource /Users/runner/work/Seven-Theme-Park/Seven-Theme-Park/build/Build/Products/Release-iphoneos/ParkEmpire.app/PrivacyInfo.xcprivacy /Users/runner/work/Seven-Theme-Park/Seven-Theme-Park/ParkEmpire/PrivacyInfo.xcprivacy (in target 'ParkEmpire' from project 'ParkEmpire')
    cd /Users/runner/work/Seven-Theme-Park/Seven-Theme-Park
    builtin-copy -exclude .DS_Store -exclude CVS -exclude .svn -exclude .git -exclude .hg -resolve-src-symlinks /Users/runner/work/Seven-Theme-Park/Seven-Theme-Park/ParkEmpire/PrivacyInfo.xcprivacy /Users/runner/work/Seven-Theme-Park/Seven-Theme-Park/build/Build/Products/Release-iphoneos/ParkEmpire.app

Copy /Users/runner/work/Seven-Theme-Park/Seven-Theme-Park/build/Build/Products/Release-iphoneos/ParkEmpire.app/Frameworks/UserMessagingPlatform.framework /Users/runner/work/Seven-Theme-Park/Seven-Theme-Park/build/SourcePackages/artifacts/swift-package-manager-google-user-messaging-platform/UserMessagingPlatform/UserMessagingPlatform.xcframework/ios-arm64/UserMessagingPlatform.framework (in target 'ParkEmpire' from project 'ParkEmpire')
    cd /Users/runner/work/Seven-Theme-Park/Seven-Theme-Park
    builtin-copy -exclude .DS_Store -exclude CVS -exclude .svn -exclude .git -exclude .hg -exclude Headers -exclude PrivateHeaders -exclude Modules -exclude \*.tbd -bitcode-strip all -bitcode-strip-tool /Applications/Xcode_26.3.app/Contents/Developer/Toolchains/XcodeDefault.xctoolchain/usr/bin/bitcode_strip -resolve-src-symlinks -remove-static-executable /Users/runner/work/Seven-Theme-Park/Seven-Theme-Park/build/SourcePackages/artifacts/swift-package-manager-google-user-messaging-platform/UserMessagingPlatform/UserMessagingPlatform.xcframework/ios-arm64/UserMessagingPlatform.framework /Users/runner/work/Seven-Theme-Park/Seven-Theme-Park/build/Build/Products/Release-iphoneos/ParkEmpire.app/Frameworks
note: Injecting stub binary into codeless framework (in target 'ParkEmpire' from project 'ParkEmpire')
    /Applications/Xcode_26.3.app/Contents/Developer/Toolchains/XcodeDefault.xctoolchain/usr/bin/clang -isysroot /Applications/Xcode_26.3.app/Contents/Developer/Platforms/iPhoneOS.platform/Developer/SDKs/iPhoneOS26.2.sdk -x c -c /dev/null -target arm64-apple-ios100.0 -o /private/var/folders/nj/vtw8zd2j31d1gdrtntc5y4600000gn/T/swbuild.tmp.5puokdgf/Data.noindex/arm64-apple.o
    /Applications/Xcode_26.3.app/Contents/Developer/Toolchains/XcodeDefault.xctoolchain/usr/bin/clang -isysroot /Applications/Xcode_26.3.app/Contents/Developer/Platforms/iPhoneOS.platform/Developer/SDKs/iPhoneOS26.2.sdk -dynamiclib -Xlinker -adhoc_codesign -target arm64-apple-ios100.0 -o /private/var/folders/nj/vtw8zd2j31d1gdrtntc5y4600000gn/T/swbuild.tmp.5puokdgf/Data.noindex/arm64-apple /private/var/folders/nj/vtw8zd2j31d1gdrtntc5y4600000gn/T/swbuild.tmp.5puokdgf/Data.noindex/arm64-apple.o
    /Applications/Xcode_26.3.app/Contents/Developer/Toolchains/XcodeDefault.xctoolchain/usr/bin/lipo -create -output /Users/runner/work/Seven-Theme-Park/Seven-Theme-Park/build/Build/Products/Release-iphoneos/ParkEmpire.app/Frameworks/UserMessagingPlatform.framework/UserMessagingPlatform /private/var/folders/nj/vtw8zd2j31d1gdrtntc5y4600000gn/T/swbuild.tmp.5puokdgf/Data.noindex/arm64-apple

Copy /Users/runner/work/Seven-Theme-Park/Seven-Theme-Park/build/Build/Products/Release-iphoneos/ParkEmpire.app/Frameworks/GoogleMobileAds.framework /Users/runner/work/Seven-Theme-Park/Seven-Theme-Park/build/SourcePackages/artifacts/swift-package-manager-google-mobile-ads/GoogleMobileAds/GoogleMobileAds.xcframework/ios-arm64/GoogleMobileAds.framework (in target 'ParkEmpire' from project 'ParkEmpire')
    cd /Users/runner/work/Seven-Theme-Park/Seven-Theme-Park
    builtin-copy -exclude .DS_Store -exclude CVS -exclude .svn -exclude .git -exclude .hg -exclude Headers -exclude PrivateHeaders -exclude Modules -exclude \*.tbd -bitcode-strip all -bitcode-strip-tool /Applications/Xcode_26.3.app/Contents/Developer/Toolchains/XcodeDefault.xctoolchain/usr/bin/bitcode_strip -resolve-src-symlinks -remove-static-executable /Users/runner/work/Seven-Theme-Park/Seven-Theme-Park/build/SourcePackages/artifacts/swift-package-manager-google-mobile-ads/GoogleMobileAds/GoogleMobileAds.xcframework/ios-arm64/GoogleMobileAds.framework /Users/runner/work/Seven-Theme-Park/Seven-Theme-Park/build/Build/Products/Release-iphoneos/ParkEmpire.app/Frameworks
note: Injecting stub binary into codeless framework (in target 'ParkEmpire' from project 'ParkEmpire')
    /Applications/Xcode_26.3.app/Contents/Developer/Toolchains/XcodeDefault.xctoolchain/usr/bin/clang -isysroot /Applications/Xcode_26.3.app/Contents/Developer/Platforms/iPhoneOS.platform/Developer/SDKs/iPhoneOS26.2.sdk -x c -c /dev/null -target arm64-apple-ios100.0 -o /private/var/folders/nj/vtw8zd2j31d1gdrtntc5y4600000gn/T/swbuild.tmp.QjeYdTOc/Data.noindex/arm64-apple.o
    /Applications/Xcode_26.3.app/Contents/Developer/Toolchains/XcodeDefault.xctoolchain/usr/bin/clang -isysroot /Applications/Xcode_26.3.app/Contents/Developer/Platforms/iPhoneOS.platform/Developer/SDKs/iPhoneOS26.2.sdk -dynamiclib -Xlinker -adhoc_codesign -target arm64-apple-ios100.0 -o /private/var/folders/nj/vtw8zd2j31d1gdrtntc5y4600000gn/T/swbuild.tmp.QjeYdTOc/Data.noindex/arm64-apple /private/var/folders/nj/vtw8zd2j31d1gdrtntc5y4600000gn/T/swbuild.tmp.QjeYdTOc/Data.noindex/arm64-apple.o
    /Applications/Xcode_26.3.app/Contents/Developer/Toolchains/XcodeDefault.xctoolchain/usr/bin/lipo -create -output /Users/runner/work/Seven-Theme-Park/Seven-Theme-Park/build/Build/Products/Release-iphoneos/ParkEmpire.app/Frameworks/GoogleMobileAds.framework/GoogleMobileAds /private/var/folders/nj/vtw8zd2j31d1gdrtntc5y4600000gn/T/swbuild.tmp.QjeYdTOc/Data.noindex/arm64-apple

SwiftDriver\ Compilation ParkEmpire normal arm64 com.apple.xcode.tools.swift.compiler (in target 'ParkEmpire' from project 'ParkEmpire')
    cd /Users/runner/work/Seven-Theme-Park/Seven-Theme-Park
    builtin-Swift-Compilation -- /Applications/Xcode_26.3.app/Contents/Developer/Toolchains/XcodeDefault.xctoolchain/usr/bin/swiftc -module-name ParkEmpire -O -whole-module-optimization -enforce-exclusivity\=checked @/Users/runner/work/Seven-Theme-Park/Seven-Theme-Park/build/Build/Intermediates.noindex/ParkEmpire.build/Release-iphoneos/ParkEmpire.build/Objects-normal/arm64/ParkEmpire.SwiftFileList -Xcc -fmodule-map-file\=/Users/runner/work/Seven-Theme-Park/Seven-Theme-Park/build/Build/Intermediates.noindex/GeneratedModuleMaps-iphoneos/UserMessagingPlatformTarget.modulemap -enable-bare-slash-regex -enable-experimental-feature DebugDescriptionMacro -sdk /Applications/Xcode_26.3.app/Contents/Developer/Platforms/iPhoneOS.platform/Developer/SDKs/iPhoneOS26.2.sdk -target arm64-apple-ios15.0 -g -module-cache-path /Users/runner/work/Seven-Theme-Park/Seven-Theme-Park/build/ModuleCache.noindex -Xfrontend -serialize-debugging-options -swift-version 5 -I /Users/runner/work/Seven-Theme-Park/Seven-Theme-Park/build/Build/Products/Release-iphoneos -F /Users/runner/work/Seven-Theme-Park/Seven-Theme-Park/build/Build/Products/Release-iphoneos/PackageFrameworks -F /Users/runner/work/Seven-Theme-Park/Seven-Theme-Park/build/Build/Products/Release-iphoneos/PackageFrameworks -F /Users/runner/work/Seven-Theme-Park/Seven-Theme-Park/build/Build/Products/Release-iphoneos -emit-localized-strings -emit-localized-strings-path /Users/runner/work/Seven-Theme-Park/Seven-Theme-Park/build/Build/Intermediates.noindex/ParkEmpire.build/Release-iphoneos/ParkEmpire.build/Objects-normal/arm64 -c -num-threads 3 -Xcc -ivfsstatcache -Xcc /Users/runner/work/Seven-Theme-Park/Seven-Theme-Park/build/SDKStatCaches.noindex/iphoneos26.2-23C57-dc75598d0054f22ec865fa860f139d722dd23b4ebda140f7210d155ff1243552.sdkstatcache -output-file-map /Users/runner/work/Seven-Theme-Park/Seven-Theme-Park/build/Build/Intermediates.noindex/ParkEmpire.build/Release-iphoneos/ParkEmpire.build/Objects-normal/arm64/ParkEmpire-OutputFileMap.json -use-frontend-parseable-output -save-temps -no-color-diagnostics -explicit-module-build -module-cache-path /Users/runner/work/Seven-Theme-Park/Seven-Theme-Park/build/Build/Intermediates.noindex/SwiftExplicitPrecompiledModules -clang-scanner-module-cache-path /Users/runner/work/Seven-Theme-Park/Seven-Theme-Park/build/ModuleCache.noindex -sdk-module-cache-path /Users/runner/work/Seven-Theme-Park/Seven-Theme-Park/build/ModuleCache.noindex -serialize-diagnostics -emit-dependencies -emit-module -emit-module-path /Users/runner/work/Seven-Theme-Park/Seven-Theme-Park/build/Build/Intermediates.noindex/ParkEmpire.build/Release-iphoneos/ParkEmpire.build/Objects-normal/arm64/ParkEmpire.swiftmodule -validate-clang-modules-once -clang-build-session-file /Users/runner/work/Seven-Theme-Park/Seven-Theme-Park/build/ModuleCache.noindex/Session.modulevalidation -Xcc -I/Users/runner/work/Seven-Theme-Park/Seven-Theme-Park/build/Build/Intermediates.noindex/ParkEmpire.build/Release-iphoneos/ParkEmpire.build/swift-overrides.hmap -emit-const-values -Xfrontend -const-gather-protocols-file -Xfrontend /Users/runner/work/Seven-Theme-Park/Seven-Theme-Park/build/Build/Intermediates.noindex/ParkEmpire.build/Release-iphoneos/ParkEmpire.build/Objects-normal/arm64/ParkEmpire_const_extract_protocols.json -Xcc -iquote -Xcc /Users/runner/work/Seven-Theme-Park/Seven-Theme-Park/build/Build/Intermediates.noindex/ParkEmpire.build/Release-iphoneos/ParkEmpire.build/ParkEmpire-generated-files.hmap -Xcc -I/Users/runner/work/Seven-Theme-Park/Seven-Theme-Park/build/Build/Intermediates.noindex/ParkEmpire.build/Release-iphoneos/ParkEmpire.build/ParkEmpire-own-target-headers.hmap -Xcc -I/Users/runner/work/Seven-Theme-Park/Seven-Theme-Park/build/Build/Intermediates.noindex/ParkEmpire.build/Release-iphoneos/ParkEmpire.build/ParkEmpire-all-non-framework-target-headers.hmap -Xcc -ivfsoverlay -Xcc /Users/runner/work/Seven-Theme-Park/Seven-Theme-Park/build/Build/Intermediates.noindex/ParkEmpire.build/Release-iphoneos/ParkEmpire-29670ae6b33e365cba363b65a636c35e-VFS-iphoneos/all-product-headers.yaml -Xcc -iquote -Xcc /Users/runner/work/Seven-Theme-Park/Seven-Theme-Park/build/Build/Intermediates.noindex/ParkEmpire.build/Release-iphoneos/ParkEmpire.build/ParkEmpire-project-headers.hmap -Xcc -I/Users/runner/work/Seven-Theme-Park/Seven-Theme-Park/build/SourcePackages/checkouts/swift-package-manager-google-user-messaging-platform/UserMessagingPlatformTarget/include -Xcc -I/Users/runner/work/Seven-Theme-Park/Seven-Theme-Park/build/Build/Products/Release-iphoneos/include -Xcc -I/Users/runner/work/Seven-Theme-Park/Seven-Theme-Park/build/Build/Intermediates.noindex/ParkEmpire.build/Release-iphoneos/ParkEmpire.build/DerivedSources-normal/arm64 -Xcc -I/Users/runner/work/Seven-Theme-Park/Seven-Theme-Park/build/Build/Intermediates.noindex/ParkEmpire.build/Release-iphoneos/ParkEmpire.build/DerivedSources/arm64 -Xcc -I/Users/runner/work/Seven-Theme-Park/Seven-Theme-Park/build/Build/Intermediates.noindex/ParkEmpire.build/Release-iphoneos/ParkEmpire.build/DerivedSources -emit-objc-header -emit-objc-header-path /Users/runner/work/Seven-Theme-Park/Seven-Theme-Park/build/Build/Intermediates.noindex/ParkEmpire.build/Release-iphoneos/ParkEmpire.build/Objects-normal/arm64/ParkEmpire-Swift.h -working-directory /Users/runner/work/Seven-Theme-Park/Seven-Theme-Park -no-emit-module-separately-wmo

SwiftExplicitDependencyGeneratePcm arm64 /Users/runner/work/Seven-Theme-Park/Seven-Theme-Park/build/ModuleCache.noindex/SwiftShims-2B6L4Z8LYH2D8BUCYEEGKEJM5.pcm

SwiftExplicitDependencyGeneratePcm arm64 /Users/runner/work/Seven-Theme-Park/Seven-Theme-Park/build/ModuleCache.noindex/ptrcheck-6N3DIKYT7N0MEPSYAFM9IP609.pcm

SwiftExplicitDependencyGeneratePcm arm64 /Users/runner/work/Seven-Theme-Park/Seven-Theme-Park/build/ModuleCache.noindex/_Builtin_float-3LJDXGVJQXI9KJV28Y4OU9A8J.pcm

SwiftExplicitDependencyGeneratePcm arm64 /Users/runner/work/Seven-Theme-Park/Seven-Theme-Park/build/ModuleCache.noindex/_SwiftConcurrencyShims-D1UESG3ESJHMDU8AAOXQQRYEY.pcm

SwiftExplicitDependencyGeneratePcm arm64 /Users/runner/work/Seven-Theme-Park/Seven-Theme-Park/build/ModuleCache.noindex/_Builtin_stdbool-7BPGKPHTPE6R5A4CCS16H5NTH.pcm

SwiftExplicitDependencyGeneratePcm arm64 /Users/runner/work/Seven-Theme-Park/Seven-Theme-Park/build/ModuleCache.noindex/_AvailabilityInternal-7F8SXX679TTRPZLPOM6F7O58S.pcm

SwiftExplicitDependencyGeneratePcm arm64 /Users/runner/work/Seven-Theme-Park/Seven-Theme-Park/build/ModuleCache.noindex/DeveloperToolsSupport-D451WU9VOBT48T9ZP6GFZOO1R.pcm

SwiftExplicitDependencyGeneratePcm arm64 /Users/runner/work/Seven-Theme-Park/Seven-Theme-Park/build/ModuleCache.noindex/_Builtin_stddef-1XKJFGNSO6H5OI6P006FRG1U8.pcm

SwiftExplicitDependencyGeneratePcm arm64 /Users/runner/work/Seven-Theme-Park/Seven-Theme-Park/build/ModuleCache.noindex/_DarwinFoundation1-3JBTL2XTK1MDLZZW02ID9UQJO.pcm

SwiftExplicitDependencyGeneratePcm arm64 /Users/runner/work/Seven-Theme-Park/Seven-Theme-Park/build/ModuleCache.noindex/ptrauth-EQW9V2RC5F56SMQJR9ADEE355.pcm

SwiftExplicitDependencyGeneratePcm arm64 /Users/runner/work/Seven-Theme-Park/Seven-Theme-Park/build/ModuleCache.noindex/_Builtin_stdarg-6YKD07CLV6A61JRB9SYVNC0QK.pcm

SwiftExplicitDependencyGeneratePcm arm64 /Users/runner/work/Seven-Theme-Park/Seven-Theme-Park/build/ModuleCache.noindex/_Builtin_limits-1VZIWDYB23F3TSRQBG1EBX8RT.pcm

SwiftExplicitDependencyGeneratePcm arm64 /Users/runner/work/Seven-Theme-Park/Seven-Theme-Park/build/ModuleCache.noindex/_DarwinFoundation2-5GOCI2FBP6V52Y5L8PAMQVOC1.pcm

SwiftExplicitDependencyGeneratePcm arm64 /Users/runner/work/Seven-Theme-Park/Seven-Theme-Park/build/ModuleCache.noindex/sys_types-8MQ8PONZ2JSHE1AJNLNLFRMFQ.pcm

SwiftExplicitDependencyGeneratePcm arm64 /Users/runner/work/Seven-Theme-Park/Seven-Theme-Park/build/ModuleCache.noindex/_Builtin_stdint-27DGC3UAT7DA8YTJPLWVHCM3X.pcm

SwiftExplicitDependencyGeneratePcm arm64 /Users/runner/work/Seven-Theme-Park/Seven-Theme-Park/build/ModuleCache.noindex/_Builtin_tgmath-5SY2UNNHU3GTKC1SL2T8ZAOTW.pcm

SwiftExplicitDependencyGeneratePcm arm64 /Users/runner/work/Seven-Theme-Park/Seven-Theme-Park/build/ModuleCache.noindex/_DarwinFoundation3-511QNBLF9FQG47N9EKG1RAIB8.pcm

SwiftExplicitDependencyGeneratePcm arm64 /Users/runner/work/Seven-Theme-Park/Seven-Theme-Park/build/ModuleCache.noindex/_Builtin_stdatomic-5HZQMHJ4PDIC5NOM95CNTFF.pcm

SwiftExplicitDependencyGeneratePcm arm64 /Users/runner/work/Seven-Theme-Park/Seven-Theme-Park/build/ModuleCache.noindex/_Builtin_intrinsics-1J57EQTZAJWXUQ8MJLVCGU03.pcm

SwiftExplicitDependencyGeneratePcm arm64 /Users/runner/work/Seven-Theme-Park/Seven-Theme-Park/build/ModuleCache.noindex/_Builtin_inttypes-7LCOB64DXKER7YHJWPOGN99VJ.pcm

SwiftExplicitDependencyGeneratePcm arm64 /Users/runner/work/Seven-Theme-Park/Seven-Theme-Park/build/ModuleCache.noindex/Darwin-PIZ5MO1F3V517NCLWF2VHJKZ.pcm

SwiftExplicitDependencyGeneratePcm arm64 /Users/runner/work/Seven-Theme-Park/Seven-Theme-Park/build/ModuleCache.noindex/simd-5VU87T52YJNQF13W3N53VEC4N.pcm

SwiftExplicitDependencyGeneratePcm arm64 /Users/runner/work/Seven-Theme-Park/Seven-Theme-Park/build/ModuleCache.noindex/MachO-5IJSFRASJW0XZR7ZM5OAP3W1X.pcm

SwiftExplicitDependencyGeneratePcm arm64 /Users/runner/work/Seven-Theme-Park/Seven-Theme-Park/build/ModuleCache.noindex/ObjectiveC-7QI9HV24G02225OI74IB2YAUP.pcm

SwiftExplicitDependencyGeneratePcm arm64 /Users/runner/work/Seven-Theme-Park/Seven-Theme-Park/build/ModuleCache.noindex/os_object-7MZXXO44IFFJX4SCWEM4ZPVOP.pcm

SwiftExplicitDependencyGeneratePcm arm64 /Users/runner/work/Seven-Theme-Park/Seven-Theme-Park/build/ModuleCache.noindex/os_workgroup-A3CP59DPNBGPXQAA5HQ8XFSSE.pcm

SwiftExplicitDependencyGeneratePcm arm64 /Users/runner/work/Seven-Theme-Park/Seven-Theme-Park/build/ModuleCache.noindex/Dispatch-AVK6MDJOPQJHSZ2MDHLEVF0TA.pcm

SwiftExplicitDependencyGeneratePcm arm64 /Users/runner/work/Seven-Theme-Park/Seven-Theme-Park/build/ModuleCache.noindex/dnssd-6CP2LZELZ8NYFG6ZH50QEM7ZT.pcm

SwiftExplicitDependencyGeneratePcm arm64 /Users/runner/work/Seven-Theme-Park/Seven-Theme-Park/build/ModuleCache.noindex/XPC-2K9PWW4J82U06DNCY0YX9G9B9.pcm

SwiftExplicitDependencyGeneratePcm arm64 /Users/runner/work/Seven-Theme-Park/Seven-Theme-Park/build/ModuleCache.noindex/CoreFoundation-14C4ETUP5XT467F4MVIWUL70V.pcm

SwiftExplicitDependencyGeneratePcm arm64 /Users/runner/work/Seven-Theme-Park/Seven-Theme-Park/build/ModuleCache.noindex/Spatial-4RIUC8HAUMAJJPXWZ3YLMU3VP.pcm

SwiftExplicitDependencyGeneratePcm arm64 /Users/runner/work/Seven-Theme-Park/Seven-Theme-Park/build/ModuleCache.noindex/os-CGLDPX3WVJETBHT9V43KQD8FR.pcm

SwiftExplicitDependencyGeneratePcm arm64 /Users/runner/work/Seven-Theme-Park/Seven-Theme-Park/build/ModuleCache.noindex/CoreGraphics-6T0RF939UIDK788QCHXRDWELQ.pcm

SwiftExplicitDependencyGeneratePcm arm64 /Users/runner/work/Seven-Theme-Park/Seven-Theme-Park/build/ModuleCache.noindex/Security-3FS8AXQ7U40UQZDJ5J1LGJZYG.pcm

SwiftExplicitDependencyGeneratePcm arm64 /Users/runner/work/Seven-Theme-Park/Seven-Theme-Park/build/ModuleCache.noindex/CFNetwork-AHI4B9D2OQEVWVODKFRFNQESK.pcm

SwiftExplicitDependencyGeneratePcm arm64 /Users/runner/work/Seven-Theme-Park/Seven-Theme-Park/build/ModuleCache.noindex/ImageIO-A0A7JAOLK8BOULFI7XOZ3884S.pcm

SwiftExplicitDependencyGeneratePcm arm64 /Users/runner/work/Seven-Theme-Park/Seven-Theme-Park/build/ModuleCache.noindex/CoreText-4XD6UEK25CJ4YUT95DSFCGV92.pcm

SwiftExplicitDependencyGeneratePcm arm64 /Users/runner/work/Seven-Theme-Park/Seven-Theme-Park/build/ModuleCache.noindex/Foundation-EAKUJO8ROJ070WGHZ0M7LRQKW.pcm

SwiftExplicitDependencyGeneratePcm arm64 /Users/runner/work/Seven-Theme-Park/Seven-Theme-Park/build/ModuleCache.noindex/UIUtilities-EH1ZXBP5OFUQVFKIXMQPT344P.pcm

SwiftExplicitDependencyGeneratePcm arm64 /Users/runner/work/Seven-Theme-Park/Seven-Theme-Park/build/ModuleCache.noindex/Accessibility-8KDXE77PHG8NX4701ZPTUPG3C.pcm

SwiftExplicitDependencyGeneratePcm arm64 /Users/runner/work/Seven-Theme-Park/Seven-Theme-Park/build/ModuleCache.noindex/ModelIO-A6U2LX4SICHR7C1OGZGI5PGY.pcm

SwiftExplicitDependencyGeneratePcm arm64 /Users/runner/work/Seven-Theme-Park/Seven-Theme-Park/build/ModuleCache.noindex/OSLog-4X7PE1ZPO32MJGK1IV9GKXLSB.pcm

SwiftExplicitDependencyGeneratePcm arm64 /Users/runner/work/Seven-Theme-Park/Seven-Theme-Park/build/ModuleCache.noindex/AppTrackingTransparency-4ADY3CQAL8FS9GYLN4GYSC3QN.pcm

SwiftExplicitDependencyGeneratePcm arm64 /Users/runner/work/Seven-Theme-Park/Seven-Theme-Park/build/ModuleCache.noindex/UniformTypeIdentifiers-ATKUT2O0OX31Y7XHQ421TO9WH.pcm

SwiftExplicitDependencyGeneratePcm arm64 /Users/runner/work/Seven-Theme-Park/Seven-Theme-Park/build/ModuleCache.noindex/IOSurface-81A7UY0MG9HQ025CGCF5GCT9F.pcm

SwiftExplicitDependencyGeneratePcm arm64 /Users/runner/work/Seven-Theme-Park/Seven-Theme-Park/build/ModuleCache.noindex/Network-8GWA06MBNHTDZLD8KPNCTTQI6.pcm

SwiftExplicitDependencyGeneratePcm arm64 /Users/runner/work/Seven-Theme-Park/Seven-Theme-Park/build/ModuleCache.noindex/Symbols-ER48Q2YS68U2W6Z545V7SP0CL.pcm

SwiftExplicitDependencyGeneratePcm arm64 /Users/runner/work/Seven-Theme-Park/Seven-Theme-Park/build/ModuleCache.noindex/Metal-A8PGWYF0Q6KPCDGQYRRSRS5JH.pcm

SwiftExplicitDependencyGeneratePcm arm64 /Users/runner/work/Seven-Theme-Park/Seven-Theme-Park/build/ModuleCache.noindex/FileProvider-2F8XSJK7JI7PSVY2OJ2Q5HR01.pcm

SwiftExplicitDependencyGeneratePcm arm64 /Users/runner/work/Seven-Theme-Park/Seven-Theme-Park/build/ModuleCache.noindex/CoreTransferable-C5HZF5HB9VF4AJF1P8GSPZOIQ.pcm

SwiftExplicitDependencyGeneratePcm arm64 /Users/runner/work/Seven-Theme-Park/Seven-Theme-Park/build/ModuleCache.noindex/DataDetection-694XIW2U1IS7UM71E02IQXEOM.pcm

SwiftExplicitDependencyGeneratePcm arm64 /Users/runner/work/Seven-Theme-Park/Seven-Theme-Park/build/ModuleCache.noindex/OpenGLES-49VHXOJS20FTKZ3KDS9DTKMTG.pcm

SwiftExplicitDependencyGeneratePcm arm64 /Users/runner/work/Seven-Theme-Park/Seven-Theme-Park/build/ModuleCache.noindex/CoreData-4NQ8ULISB2JXQG1VXVGNDTYAY.pcm

SwiftExplicitDependencyGeneratePcm arm64 /Users/runner/work/Seven-Theme-Park/Seven-Theme-Park/build/ModuleCache.noindex/UserNotifications-F2S7IOML2FAYLOWF7QSDB3R3S.pcm

SwiftExplicitDependencyGeneratePcm arm64 /Users/runner/work/Seven-Theme-Park/Seven-Theme-Park/build/ModuleCache.noindex/CoreVideo-BFWJQIDZJXAIOPGOSGWUXRQST.pcm

SwiftExplicitDependencyGeneratePcm arm64 /Users/runner/work/Seven-Theme-Park/Seven-Theme-Park/build/ModuleCache.noindex/CoreImage-6RJAJC908IF7NI1AWIUDZNSZ8.pcm

SwiftExplicitDependencyGeneratePcm arm64 /Users/runner/work/Seven-Theme-Park/Seven-Theme-Park/build/ModuleCache.noindex/QuartzCore-2RKOC51ZG60JX5IP7AJGZ7VOW.pcm

SwiftExplicitDependencyGeneratePcm arm64 /Users/runner/work/Seven-Theme-Park/Seven-Theme-Park/build/ModuleCache.noindex/SwiftUICore-8NRT5724HT1I6B9URWI35M4CI.pcm

SwiftExplicitDependencyGeneratePcm arm64 /Users/runner/work/Seven-Theme-Park/Seven-Theme-Park/build/ModuleCache.noindex/UIKit-BVWW5K5AIDP85R8VYOCAGWBJ4.pcm

SwiftExplicitDependencyGeneratePcm arm64 /Users/runner/work/Seven-Theme-Park/Seven-Theme-Park/build/ModuleCache.noindex/SwiftUI-CUBCRWNSUCZ20321GYYFSVYCR.pcm

SwiftExplicitDependencyGeneratePcm arm64 /Users/runner/work/Seven-Theme-Park/Seven-Theme-Park/build/ModuleCache.noindex/GLKit-RWHQQGV80CIAPK16STUFM1J3.pcm

SwiftExplicitDependencyGeneratePcm arm64 /Users/runner/work/Seven-Theme-Park/Seven-Theme-Park/build/ModuleCache.noindex/WebKit-7QD0WK90U2NL4RZ6XM7NQKNXQ.pcm

SwiftExplicitDependencyGeneratePcm arm64 /Users/runner/work/Seven-Theme-Park/Seven-Theme-Park/build/ModuleCache.noindex/SpriteKit-CA5QHARTKKAV0D6SD89FZZVPU.pcm

SwiftExplicitDependencyGeneratePcm arm64 /Users/runner/work/Seven-Theme-Park/Seven-Theme-Park/build/Build/Intermediates.noindex/SwiftExplicitPrecompiledModules/GoogleMobileAds-E9IHS8I2U2MW01AGIXH5XXLK2.pcm

SwiftCompile normal arm64 Compiling\ AppInfo.swift,\ AppRouter.swift,\ ParkEmpireApp.swift,\ RootView.swift,\ AdBoostEffects.swift,\ BoostCenter.swift,\ RewardedAdCenter.swift,\ AchievementDefinition.swift,\ AttractionDefinition.swift,\ Balance.swift,\ BuildableDefinition.swift,\ BuildingAppearance.swift,\ CarParkDefinition.swift,\ CoasterElementDefinition.swift,\ CurrencyFormatter.swift,\ FacilityDefinition.swift,\ GameContent.swift,\ GameMode.swift,\ GuestAppearance.swift,\ GuestNames.swift,\ GuestPrize.swift,\ MapCatalogue.swift,\ SceneryDefinition.swift,\ StaffDefinition.swift,\ ThoughtCatalog.swift,\ TrialContent.swift,\ TutorialContent.swift,\ UpgradeDefinition.swift,\ ParkPerks.swift,\ PerkContent.swift,\ DisplaySettings.swift,\ Attraction.swift,\ Facility.swift,\ Guest.swift,\ SceneryItem.swift,\ Staff.swift,\ TrackElement.swift,\ AchievementSystem.swift,\ AttractionSystem.swift,\ CleanlinessSystem.swift,\ CriticSystem.swift,\ DemandSystem.swift,\ EconomySystem.swift,\ FacilitySystem.swift,\ GuestAISystem.swift,\ InspectionSystem.swift,\ MaintenanceSystem.swift,\ MovementSystem.swift,\ PathfindingSystem.swift,\ PromotionSystem.swift,\ RatingSystem.swift,\ StaffSystem.swift,\ TourBusSystem.swift,\ TrialSystem.swift,\ TroublemakerSystem.swift,\ FacilityAppeal.swift,\ GuestEconomics.swift,\ Locomotion.swift,\ SeededGenerator.swift,\ SimMath.swift,\ SimulationEngine.swift,\ Economy.swift,\ FinanceSeries.swift,\ GameState.swift,\ GameState+Building.swift,\ ParkAlert.swift,\ ParkEvent.swift,\ ParkStatistics.swift,\ SimulationClock.swift,\ Snapshots.swift,\ TimedModifier.swift,\ TrialSnapshot.swift,\ GridCoord.swift,\ MapLayout.swift,\ ParkMap.swift,\ PlacementValidator.swift,\ Tile.swift,\ TrackNetwork.swift,\ DemoPark.swift,\ GameController.swift,\ MapEditorModel.swift,\ TutorialDirector.swift,\ CustomMapStore.swift,\ LenientDecoding.swift,\ PerkStore.swift,\ SaveGame.swift,\ SaveGameService.swift,\ TrialProgressStore.swift,\ BuildingArtwork.swift,\ BuildingArtwork+GameBooths.swift,\ BuildingArtwork+MiniGolf.swift,\ BuildingArtwork+Scenery.swift,\ BuildingNode.swift,\ CoasterElementArtwork.swift,\ GuestArtwork.swift,\ MapArtwork.swift,\ ParkPalette.swift,\ ParkScene.swift,\ PathMotion.swift,\ PersonArtwork.swift,\ SpriteFactory.swift,\ StaffArtwork.swift,\ TerrainArtwork.swift,\ AchievementsView.swift,\ CelebrationView.swift,\ BoostsView.swift,\ BuildMenuView.swift,\ Compatibility.swift,\ Components.swift,\ Theme.swift,\ EventCardView.swift,\ FinanceCanvasChart.swift,\ FinanceChartPalette.swift,\ FinanceChartView.swift,\ FinanceMarksChart.swift,\ FinanceView.swift,\ AlertListView.swift,\ HUDView.swift,\ SpeedControlView.swift,\ AttractionInspectorView.swift,\ FacilityInspectorView.swift,\ GuestInspectorView.swift,\ InspectorHostView.swift,\ StaffInspectorView.swift,\ UpgradeRowView.swift,\ ManagementView.swift,\ MapEditorView.swift,\ MapPickerView.swift,\ StaffView.swift,\ PerkTreeView.swift,\ TrialLadderView.swift,\ TrialResultView.swift,\ TrialTrackerView.swift,\ TutorialTipView.swift,\ AboutView.swift,\ DemoParkBackdrop.swift,\ DisplaySettingsView.swift,\ GameView.swift,\ MainMenuView.swift,\ ParkSettingsView.swift,\ TaglineView.swift,\ GeneratedAssetSymbols.swift /Users/runner/work/Seven-Theme-Park/Seven-Theme-Park/ParkEmpire/App/AppInfo.swift /Users/runner/work/Seven-Theme-Park/Seven-Theme-Park/ParkEmpire/App/AppRouter.swift /Users/runner/work/Seven-Theme-Park/Seven-Theme-Park/ParkEmpire/App/ParkEmpireApp.swift /Users/runner/work/Seven-Theme-Park/Seven-Theme-Park/ParkEmpire/App/RootView.swift /Users/runner/work/Seven-Theme-Park/Seven-Theme-Park/ParkEmpire/Game/Boosts/AdBoostEffects.swift /Users/runner/work/Seven-Theme-Park/Seven-Theme-Park/ParkEmpire/Game/Boosts/BoostCenter.swift /Users/runner/work/Seven-Theme-Park/Seven-Theme-Park/ParkEmpire/Game/Boosts/RewardedAdCenter.swift /Users/runner/work/Seven-Theme-Park/Seven-Theme-Park/ParkEmpire/Game/Data/AchievementDefinition.swift /Users/runner/work/Seven-Theme-Park/Seven-Theme-Park/ParkEmpire/Game/Data/AttractionDefinition.swift /Users/runner/work/Seven-Theme-Park/Seven-Theme-Park/ParkEmpire/Game/Data/Balance.swift /Users/runner/work/Seven-Theme-Park/Seven-Theme-Park/ParkEmpire/Game/Data/BuildableDefinition.swift /Users/runner/work/Seven-Theme-Park/Seven-Theme-Park/ParkEmpire/Game/Data/BuildingAppearance.swift /Users/runner/work/Seven-Theme-Park/Seven-Theme-Park/ParkEmpire/Game/Data/CarParkDefinition.swift /Users/runner/work/Seven-Theme-Park/Seven-Theme-Park/ParkEmpire/Game/Data/CoasterElementDefinition.swift /Users/runner/work/Seven-Theme-Park/Seven-Theme-Park/ParkEmpire/Game/Data/CurrencyFormatter.swift /Users/runner/work/Seven-Theme-Park/Seven-Theme-Park/ParkEmpire/Game/Data/FacilityDefinition.swift /Users/runner/work/Seven-Theme-Park/Seven-Theme-Park/ParkEmpire/Game/Data/GameContent.swift /Users/runner/work/Seven-Theme-Park/Seven-Theme-Park/ParkEmpire/Game/Data/GameMode.swift /Users/runner/work/Seven-Theme-Park/Seven-Theme-Park/ParkEmpire/Game/Data/GuestAppearance.swift /Users/runner/work/Seven-Theme-Park/Seven-Theme-Park/ParkEmpire/Game/Data/GuestNames.swift /Users/runner/work/Seven-Theme-Park/Seven-Theme-Park/ParkEmpire/Game/Data/GuestPrize.swift /Users/runner/work/Seven-Theme-Park/Seven-Theme-Park/ParkEmpire/Game/Data/MapCatalogue.swift /Users/runner/work/Seven-Theme-Park/Seven-Theme-Park/ParkEmpire/Game/Data/SceneryDefinition.swift /Users/runner/work/Seven-Theme-Park/Seven-Theme-Park/ParkEmpire/Game/Data/StaffDefinition.swift /Users/runner/work/Seven-Theme-Park/Seven-Theme-Park/ParkEmpire/Game/Data/ThoughtCatalog.swift /Users/runner/work/Seven-Theme-Park/Seven-Theme-Park/ParkEmpire/Game/Data/TrialContent.swift /Users/runner/work/Seven-Theme-Park/Seven-Theme-Park/ParkEmpire/Game/Data/TutorialContent.swift /Users/runner/work/Seven-Theme-Park/Seven-Theme-Park/ParkEmpire/Game/Data/UpgradeDefinition.swift /Users/runner/work/Seven-Theme-Park/Seven-Theme-Park/ParkEmpire/Game/Perks/ParkPerks.swift /Users/runner/work/Seven-Theme-Park/Seven-Theme-Park/ParkEmpire/Game/Perks/PerkContent.swift /Users/runner/work/Seven-Theme-Park/Seven-Theme-Park/ParkEmpire/Game/Settings/DisplaySettings.swift /Users/runner/work/Seven-Theme-Park/Seven-Theme-Park/ParkEmpire/Game/Simulation/Entities/Attraction.swift /Users/runner/work/Seven-Theme-Park/Seven-Theme-Park/ParkEmpire/Game/Simulation/Entities/Facility.swift /Users/runner/work/Seven-Theme-Park/Seven-Theme-Park/ParkEmpire/Game/Simulation/Entities/Guest.swift /Users/runner/work/Seven-Theme-Park/Seven-Theme-Park/ParkEmpire/Game/Simulation/Entities/SceneryItem.swift /Users/runner/work/Seven-Theme-Park/Seven-Theme-Park/ParkEmpire/Game/Simulation/Entities/Staff.swift /Users/runner/work/Seven-Theme-Park/Seven-Theme-Park/ParkEmpire/Game/Simulation/Entities/TrackElement.swift /Users/runner/work/Seven-Theme-Park/Seven-Theme-Park/ParkEmpire/Game/Simulation/Systems/AchievementSystem.swift /Users/runner/work/Seven-Theme-Park/Seven-Theme-Park/ParkEmpire/Game/Simulation/Systems/AttractionSystem.swift /Users/runner/work/Seven-Theme-Park/Seven-Theme-Park/ParkEmpire/Game/Simulation/Systems/CleanlinessSystem.swift /Users/runner/work/Seven-Theme-Park/Seven-Theme-Park/ParkEmpire/Game/Simulation/Systems/CriticSystem.swift /Users/runner/work/Seven-Theme-Park/Seven-Theme-Park/ParkEmpire/Game/Simulation/Systems/DemandSystem.swift /Users/runner/work/Seven-Theme-Park/Seven-Theme-Park/ParkEmpire/Game/Simulation/Systems/EconomySystem.swift /Users/runner/work/Seven-Theme-Park/Seven-Theme-Park/ParkEmpire/Game/Simulation/Systems/FacilitySystem.swift /Users/runner/work/Seven-Theme-Park/Seven-Theme-Park/ParkEmpire/Game/Simulation/Systems/GuestAISystem.swift /Users/runner/work/Seven-Theme-Park/Seven-Theme-Park/ParkEmpire/Game/Simulation/Systems/InspectionSystem.swift /Users/runner/work/Seven-Theme-Park/Seven-Theme-Park/ParkEmpire/Game/Simulation/Systems/MaintenanceSystem.swift /Users/runner/work/Seven-Theme-Park/Seven-Theme-Park/ParkEmpire/Game/Simulation/Systems/MovementSystem.swift /Users/runner/work/Seven-Theme-Park/Seven-Theme-Park/ParkEmpire/Game/Simulation/Systems/PathfindingSystem.swift /Users/runner/work/Seven-Theme-Park/Seven-Theme-Park/ParkEmpire/Game/Simulation/Systems/PromotionSystem.swift /Users/runner/work/Seven-Theme-Park/Seven-Theme-Park/ParkEmpire/Game/Simulation/Systems/RatingSystem.swift /Users/runner/work/Seven-Theme-Park/Seven-Theme-Park/ParkEmpire/Game/Simulation/Systems/StaffSystem.swift /Users/runner/work/Seven-Theme-Park/Seven-Theme-Park/ParkEmpire/Game/Simulation/Systems/TourBusSystem.swift /Users/runner/work/Seven-Theme-Park/Seven-Theme-Park/ParkEmpire/Game/Simulation/Systems/TrialSystem.swift /Users/runner/work/Seven-Theme-Park/Seven-Theme-Park/ParkEmpire/Game/Simulation/Systems/TroublemakerSystem.swift /Users/runner/work/Seven-Theme-Park/Seven-Theme-Park/ParkEmpire/Game/Simulation/FacilityAppeal.swift /Users/runner/work/Seven-Theme-Park/Seven-Theme-Park/ParkEmpire/Game/Simulation/GuestEconomics.swift /Users/runner/work/Seven-Theme-Park/Seven-Theme-Park/ParkEmpire/Game/Simulation/Locomotion.swift /Users/runner/work/Seven-Theme-Park/Seven-Theme-Park/ParkEmpire/Game/Simulation/SeededGenerator.swift /Users/runner/work/Seven-Theme-Park/Seven-Theme-Park/ParkEmpire/Game/Simulation/SimMath.swift /Users/runner/work/Seven-Theme-Park/Seven-Theme-Park/ParkEmpire/Game/Simulation/SimulationEngine.swift /Users/runner/work/Seven-Theme-Park/Seven-Theme-Park/ParkEmpire/Game/State/Economy.swift /Users/runner/work/Seven-Theme-Park/Seven-Theme-Park/ParkEmpire/Game/State/FinanceSeries.swift /Users/runner/work/Seven-Theme-Park/Seven-Theme-Park/ParkEmpire/Game/State/GameState.swift /Users/runner/work/Seven-Theme-Park/Seven-Theme-Park/ParkEmpire/Game/State/GameState+Building.swift /Users/runner/work/Seven-Theme-Park/Seven-Theme-Park/ParkEmpire/Game/State/ParkAlert.swift /Users/runner/work/Seven-Theme-Park/Seven-Theme-Park/ParkEmpire/Game/State/ParkEvent.swift /Users/runner/work/Seven-Theme-Park/Seven-Theme-Park/ParkEmpire/Game/State/ParkStatistics.swift /Users/runner/work/Seven-Theme-Park/Seven-Theme-Park/ParkEmpire/Game/State/SimulationClock.swift /Users/runner/work/Seven-Theme-Park/Seven-Theme-Park/ParkEmpire/Game/State/Snapshots.swift /Users/runner/work/Seven-Theme-Park/Seven-Theme-Park/ParkEmpire/Game/State/TimedModifier.swift /Users/runner/work/Seven-Theme-Park/Seven-Theme-Park/ParkEmpire/Game/State/TrialSnapshot.swift /Users/runner/work/Seven-Theme-Park/Seven-Theme-Park/ParkEmpire/Game/World/GridCoord.swift /Users/runner/work/Seven-Theme-Park/Seven-Theme-Park/ParkEmpire/Game/World/MapLayout.swift /Users/runner/work/Seven-Theme-Park/Seven-Theme-Park/ParkEmpire/Game/World/ParkMap.swift /Users/runner/work/Seven-Theme-Park/Seven-Theme-Park/ParkEmpire/Game/World/PlacementValidator.swift /Users/runner/work/Seven-Theme-Park/Seven-Theme-Park/ParkEmpire/Game/World/Tile.swift /Users/runner/work/Seven-Theme-Park/Seven-Theme-Park/ParkEmpire/Game/World/TrackNetwork.swift /Users/runner/work/Seven-Theme-Park/Seven-Theme-Park/ParkEmpire/Game/DemoPark.swift /Users/runner/work/Seven-Theme-Park/Seven-Theme-Park/ParkEmpire/Game/GameController.swift /Users/runner/work/Seven-Theme-Park/Seven-Theme-Park/ParkEmpire/Game/MapEditorModel.swift /Users/runner/work/Seven-Theme-Park/Seven-Theme-Park/ParkEmpire/Game/TutorialDirector.swift /Users/runner/work/Seven-Theme-Park/Seven-Theme-Park/ParkEmpire/Persistence/CustomMapStore.swift /Users/runner/work/Seven-Theme-Park/Seven-Theme-Park/ParkEmpire/Persistence/LenientDecoding.swift /Users/runner/work/Seven-Theme-Park/Seven-Theme-Park/ParkEmpire/Persistence/PerkStore.swift /Users/runner/work/Seven-Theme-Park/Seven-Theme-Park/ParkEmpire/Persistence/SaveGame.swift /Users/runner/work/Seven-Theme-Park/Seven-Theme-Park/ParkEmpire/Persistence/SaveGameService.swift /Users/runner/work/Seven-Theme-Park/Seven-Theme-Park/ParkEmpire/Persistence/TrialProgressStore.swift /Users/runner/work/Seven-Theme-Park/Seven-Theme-Park/ParkEmpire/Rendering/BuildingArtwork.swift /Users/runner/work/Seven-Theme-Park/Seven-Theme-Park/ParkEmpire/Rendering/BuildingArtwork+GameBooths.swift /Users/runner/work/Seven-Theme-Park/Seven-Theme-Park/ParkEmpire/Rendering/BuildingArtwork+MiniGolf.swift /Users/runner/work/Seven-Theme-Park/Seven-Theme-Park/ParkEmpire/Rendering/BuildingArtwork+Scenery.swift /Users/runner/work/Seven-Theme-Park/Seven-Theme-Park/ParkEmpire/Rendering/BuildingNode.swift /Users/runner/work/Seven-Theme-Park/Seven-Theme-Park/ParkEmpire/Rendering/CoasterElementArtwork.swift /Users/runner/work/Seven-Theme-Park/Seven-Theme-Park/ParkEmpire/Rendering/GuestArtwork.swift /Users/runner/work/Seven-Theme-Park/Seven-Theme-Park/ParkEmpire/Rendering/MapArtwork.swift /Users/runner/work/Seven-Theme-Park/Seven-Theme-Park/ParkEmpire/Rendering/ParkPalette.swift /Users/runner/work/Seven-Theme-Park/Seven-Theme-Park/ParkEmpire/Rendering/ParkScene.swift /Users/runner/work/Seven-Theme-Park/Seven-Theme-Park/ParkEmpire/Rendering/PathMotion.swift /Users/runner/work/Seven-Theme-Park/Seven-Theme-Park/ParkEmpire/Rendering/PersonArtwork.swift /Users/runner/work/Seven-Theme-Park/Seven-Theme-Park/ParkEmpire/Rendering/SpriteFactory.swift /Users/runner/work/Seven-Theme-Park/Seven-Theme-Park/ParkEmpire/Rendering/StaffArtwork.swift /Users/runner/work/Seven-Theme-Park/Seven-Theme-Park/ParkEmpire/Rendering/TerrainArtwork.swift /Users/runner/work/Seven-Theme-Park/Seven-Theme-Park/ParkEmpire/UI/Achievements/AchievementsView.swift /Users/runner/work/Seven-Theme-Park/Seven-Theme-Park/ParkEmpire/UI/Achievements/CelebrationView.swift /Users/runner/work/Seven-Theme-Park/Seven-Theme-Park/ParkEmpire/UI/Boosts/BoostsView.swift /Users/runner/work/Seven-Theme-Park/Seven-Theme-Park/ParkEmpire/UI/BuildMenu/BuildMenuView.swift /Users/runner/work/Seven-Theme-Park/Seven-Theme-Park/ParkEmpire/UI/Common/Compatibility.swift /Users/runner/work/Seven-Theme-Park/Seven-Theme-Park/ParkEmpire/UI/Common/Components.swift /Users/runner/work/Seven-Theme-Park/Seven-Theme-Park/ParkEmpire/UI/Common/Theme.swift /Users/runner/work/Seven-Theme-Park/Seven-Theme-Park/ParkEmpire/UI/Events/EventCardView.swift /Users/runner/work/Seven-Theme-Park/Seven-Theme-Park/ParkEmpire/UI/Finance/FinanceCanvasChart.swift /Users/runner/work/Seven-Theme-Park/Seven-Theme-Park/ParkEmpire/UI/Finance/FinanceChartPalette.swift /Users/runner/work/Seven-Theme-Park/Seven-Theme-Park/ParkEmpire/UI/Finance/FinanceChartView.swift /Users/runner/work/Seven-Theme-Park/Seven-Theme-Park/ParkEmpire/UI/Finance/FinanceMarksChart.swift /Users/runner/work/Seven-Theme-Park/Seven-Theme-Park/ParkEmpire/UI/Finance/FinanceView.swift /Users/runner/work/Seven-Theme-Park/Seven-Theme-Park/ParkEmpire/UI/HUD/AlertListView.swift /Users/runner/work/Seven-Theme-Park/Seven-Theme-Park/ParkEmpire/UI/HUD/HUDView.swift /Users/runner/work/Seven-Theme-Park/Seven-Theme-Park/ParkEmpire/UI/HUD/SpeedControlView.swift /Users/runner/work/Seven-Theme-Park/Seven-Theme-Park/ParkEmpire/UI/Inspector/AttractionInspectorView.swift /Users/runner/work/Seven-Theme-Park/Seven-Theme-Park/ParkEmpire/UI/Inspector/FacilityInspectorView.swift /Users/runner/work/Seven-Theme-Park/Seven-Theme-Park/ParkEmpire/UI/Inspector/GuestInspectorView.swift /Users/runner/work/Seven-Theme-Park/Seven-Theme-Park/ParkEmpire/UI/Inspector/InspectorHostView.swift /Users/runner/work/Seven-Theme-Park/Seven-Theme-Park/ParkEmpire/UI/Inspector/StaffInspectorView.swift /Users/runner/work/Seven-Theme-Park/Seven-Theme-Park/ParkEmpire/UI/Inspector/UpgradeRowView.swift /Users/runner/work/Seven-Theme-Park/Seven-Theme-Park/ParkEmpire/UI/Management/ManagementView.swift /Users/runner/work/Seven-Theme-Park/Seven-Theme-Park/ParkEmpire/UI/Maps/MapEditorView.swift /Users/runner/work/Seven-Theme-Park/Seven-Theme-Park/ParkEmpire/UI/Maps/MapPickerView.swift /Users/runner/work/Seven-Theme-Park/Seven-Theme-Park/ParkEmpire/UI/Staff/StaffView.swift /Users/runner/work/Seven-Theme-Park/Seven-Theme-Park/ParkEmpire/UI/Trials/PerkTreeView.swift /Users/runner/work/Seven-Theme-Park/Seven-Theme-Park/ParkEmpire/UI/Trials/TrialLadderView.swift /Users/runner/work/Seven-Theme-Park/Seven-Theme-Park/ParkEmpire/UI/Trials/TrialResultView.swift /Users/runner/work/Seven-Theme-Park/Seven-Theme-Park/ParkEmpire/UI/Trials/TrialTrackerView.swift /Users/runner/work/Seven-Theme-Park/Seven-Theme-Park/ParkEmpire/UI/Tutorial/TutorialTipView.swift /Users/runner/work/Seven-Theme-Park/Seven-Theme-Park/ParkEmpire/UI/AboutView.swift /Users/runner/work/Seven-Theme-Park/Seven-Theme-Park/ParkEmpire/UI/DemoParkBackdrop.swift /Users/runner/work/Seven-Theme-Park/Seven-Theme-Park/ParkEmpire/UI/DisplaySettingsView.swift /Users/runner/work/Seven-Theme-Park/Seven-Theme-Park/ParkEmpire/UI/GameView.swift /Users/runner/work/Seven-Theme-Park/Seven-Theme-Park/ParkEmpire/UI/MainMenuView.swift /Users/runner/work/Seven-Theme-Park/Seven-Theme-Park/ParkEmpire/UI/ParkSettingsView.swift /Users/runner/work/Seven-Theme-Park/Seven-Theme-Park/ParkEmpire/UI/TaglineView.swift /Users/runner/work/Seven-Theme-Park/Seven-Theme-Park/build/Build/Intermediates.noindex/ParkEmpire.build/Release-iphoneos/ParkEmpire.build/DerivedSources/GeneratedAssetSymbols.swift /Applications/Xcode_26.3.app/Contents/Developer/Toolchains/XcodeDefault.xctoolchain/usr/lib/swift/iphoneos/prebuilt-modules/26.2/CoreText.swiftmodule/arm64e-apple-ios.swiftmodule /Applications/Xcode_26.3.app/Contents/Developer/Toolchains/XcodeDefault.xctoolchain/usr/lib/swift/iphoneos/prebuilt-modules/26.2/UIKit.swiftmodule/arm64e-apple-ios.swiftmodule /Applications/Xcode_26.3.app/Contents/Developer/Toolchains/XcodeDefault.xctoolchain/usr/lib/swift/iphoneos/prebuilt-modules/26.2/CoreFoundation.swiftmodule/arm64e-apple-ios.swiftmodule /Applications/Xcode_26.3.app/Contents/Developer/Toolchains/XcodeDefault.xctoolchain/usr/lib/swift/iphoneos/prebuilt-modules/26.2/SpriteKit.swiftmodule/arm64e-apple-ios.swiftmodule /Applications/Xcode_26.3.app/Contents/Developer/Toolchains/XcodeDefault.xctoolchain/usr/lib/swift/iphoneos/prebuilt-modules/26.2/Darwin.swiftmodule/arm64e-apple-ios.swiftmodule /Applications/Xcode_26.3.app/Contents/Developer/Toolchains/XcodeDefault.xctoolchain/usr/lib/swift/iphoneos/prebuilt-modules/26.2/Charts.swiftmodule/arm64e-apple-ios.swiftmodule /Applications/Xcode_26.3.app/Contents/Developer/Toolchains/XcodeDefault.xctoolchain/usr/lib/swift/iphoneos/prebuilt-modules/26.2/_DarwinFoundation2.swiftmodule/arm64e-apple-ios.swiftmodule /Applications/Xcode_26.3.app/Contents/Developer/Toolchains/XcodeDefault.xctoolchain/usr/lib/swift/iphoneos/prebuilt-modules/26.2/CoreImage.swiftmodule/arm64e-apple-ios.swiftmodule /Applications/Xcode_26.3.app/Contents/Developer/Toolchains/XcodeDefault.xctoolchain/usr/lib/swift/iphoneos/prebuilt-modules/26.2/OSLog.swiftmodule/arm64e-apple-ios.swiftmodule /Applications/Xcode_26.3.app/Contents/Developer/Toolchains/XcodeDefault.xctoolchain/usr/lib/swift/iphoneos/prebuilt-modules/26.2/FileProvider.swiftmodule/arm64e-apple-ios.swiftmodule /Applications/Xcode_26.3.app/Contents/Developer/Toolchains/XcodeDefault.xctoolchain/usr/lib/swift/iphoneos/prebuilt-modules/26.2/CoreVideo.swiftmodule/arm64e-apple-ios.swiftmodule /Applications/Xcode_26.3.app/Contents/Developer/Toolchains/XcodeDefault.xctoolchain/usr/lib/swift/iphoneos/prebuilt-modules/26.2/Dispatch.swiftmodule/arm64e-apple-ios.swiftmodule /Applications/Xcode_26.3.app/Contents/Developer/Toolchains/XcodeDefault.xctoolchain/usr/lib/swift/iphoneos/prebuilt-modules/26.2/DataDetection.swiftmodule/arm64e-apple-ios.swiftmodule /Applications/Xcode_26.3.app/Contents/Developer/Toolchains/XcodeDefault.xctoolchain/usr/lib/swift/iphoneos/prebuilt-modules/26.2/SwiftUI.swiftmodule/arm64e-apple-ios.swiftmodule /Applications/Xcode_26.3.app/Contents/Developer/Toolchains/XcodeDefault.xctoolchain/usr/lib/swift/iphoneos/prebuilt-modules/26.2/_DarwinFoundation1.swiftmodule/arm64e-apple-ios.swiftmodule /Applications/Xcode_26.3.app/Contents/Developer/Toolchains/XcodeDefault.xctoolchain/usr/lib/swift/iphoneos/prebuilt-modules/26.2/_Concurrency.swiftmodule/arm64e-apple-ios.swiftmodule /Applications/Xcode_26.3.app/Contents/Developer/Toolchains/XcodeDefault.xctoolchain/usr/lib/swift/iphoneos/prebuilt-modules/26.2/Network.swiftmodule/arm64e-apple-ios.swiftmodule /Applications/Xcode_26.3.app/Contents/Developer/Toolchains/XcodeDefault.xctoolchain/usr/lib/swift/iphoneos/prebuilt-modules/26.2/Metal.swiftmodule/arm64e-apple-ios.swiftmodule /Applications/Xcode_26.3.app/Contents/Developer/Toolchains/XcodeDefault.xctoolchain/usr/lib/swift/iphoneos/prebuilt-modules/26.2/GLKit.swiftmodule/arm64e-apple-ios.swiftmodule /Applications/Xcode_26.3.app/Contents/Developer/Toolchains/XcodeDefault.xctoolchain/usr/lib/swift/iphoneos/prebuilt-modules/26.2/QuartzCore.swiftmodule/arm64e-apple-ios.swiftmodule /Applications/Xcode_26.3.app/Contents/Developer/Toolchains/XcodeDefault.xctoolchain/usr/lib/swift/iphoneos/prebuilt-modules/26.2/Swift.swiftmodule/arm64e-apple-ios.swiftmodule /Applications/Xcode_26.3.app/Contents/Developer/Toolchains/XcodeDefault.xctoolchain/usr/lib/swift/iphoneos/prebuilt-modules/26.2/XPC.swiftmodule/arm64e-apple-ios.swiftmodule /Applications/Xcode_26.3.app/Contents/Developer/Toolchains/XcodeDefault.xctoolchain/usr/lib/swift/iphoneos/prebuilt-modules/26.2/ObjectiveC.swiftmodule/arm64e-apple-ios.swiftmodule /Applications/Xcode_26.3.app/Contents/Developer/Toolchains/XcodeDefault.xctoolchain/usr/lib/swift/iphoneos/prebuilt-modules/26.2/UniformTypeIdentifiers.swiftmodule/arm64e-apple-ios.swiftmodule /Applications/Xcode_26.3.app/Contents/Developer/Toolchains/XcodeDefault.xctoolchain/usr/lib/swift/iphoneos/prebuilt-modules/26.2/Observation.swiftmodule/arm64e-apple-ios.swiftmodule /Applications/Xcode_26.3.app/Contents/Developer/Toolchains/XcodeDefault.xctoolchain/usr/lib/swift/iphoneos/prebuilt-modules/26.2/CoreTransferable.swiftmodule/arm64e-apple-ios.swiftmodule /Applications/Xcode_26.3.app/Contents/Developer/Toolchains/XcodeDefault.xctoolchain/usr/lib/swift/iphoneos/prebuilt-modules/26.2/CoreData.swiftmodule/arm64e-apple-ios.swiftmodule /Applications/Xcode_26.3.app/Contents/Developer/Toolchains/XcodeDefault.xctoolchain/usr/lib/swift/iphoneos/prebuilt-modules/26.2/DeveloperToolsSupport.swiftmodule/arm64e-apple-ios.swiftmodule /Applications/Xcode_26.3.app/Contents/Developer/Toolchains/XcodeDefault.xctoolchain/usr/lib/swift/iphoneos/prebuilt-modules/26.2/os.swiftmodule/arm64e-apple-ios.swiftmodule /Applications/Xcode_26.3.app/Contents/Developer/Toolchains/XcodeDefault.xctoolchain/usr/lib/swift/iphoneos/prebuilt-modules/26.2/Spatial.swiftmodule/arm64e-apple-ios.swiftmodule /Applications/Xcode_26.3.app/Contents/Developer/Toolchains/XcodeDefault.xctoolchain/usr/lib/swift/iphoneos/prebuilt-modules/26.2/_DarwinFoundation3.swiftmodule/arm64e-apple-ios.swiftmodule /Applications/Xcode_26.3.app/Contents/Developer/Toolchains/XcodeDefault.xctoolchain/usr/lib/swift/iphoneos/prebuilt-modules/26.2/Distributed.swiftmodule/arm64e-apple-ios.swiftmodule /Applications/Xcode_26.3.app/Contents/Developer/Toolchains/XcodeDefault.xctoolchain/usr/lib/swift/iphoneos/prebuilt-modules/26.2/_StringProcessing.swiftmodule/arm64e-apple-ios.swiftmodule /Applications/Xcode_26.3.app/Contents/Developer/Toolchains/XcodeDefault.xctoolchain/usr/lib/swift/iphoneos/prebuilt-modules/26.2/CoreGraphics.swiftmodule/arm64e-apple-ios.swiftmodule /Applications/Xcode_26.3.app/Contents/Developer/Toolchains/XcodeDefault.xctoolchain/usr/lib/swift/iphoneos/prebuilt-modules/26.2/System.swiftmodule/arm64e-apple-ios.swiftmodule /Applications/Xcode_26.3.app/Contents/Developer/Toolchains/XcodeDefault.xctoolchain/usr/lib/swift/iphoneos/prebuilt-modules/26.2/WebKit.swiftmodule/arm64e-apple-ios.swiftmodule /Applications/Xcode_26.3.app/Contents/Developer/Toolchains/XcodeDefault.xctoolchain/usr/lib/swift/iphoneos/prebuilt-modules/26.2/SwiftUICore.swiftmodule/arm64e-apple-ios.swiftmodule /Applications/Xcode_26.3.app/Contents/Developer/Toolchains/XcodeDefault.xctoolchain/usr/lib/swift/iphoneos/prebuilt-modules/26.2/Combine.swiftmodule/arm64e-apple-ios.swiftmodule /Applications/Xcode_26.3.app/Contents/Developer/Toolchains/XcodeDefault.xctoolchain/usr/lib/swift/iphoneos/prebuilt-modules/26.2/simd.swiftmodule/arm64e-apple-ios.swiftmodule /Applications/Xcode_26.3.app/Contents/Developer/Toolchains/XcodeDefault.xctoolchain/usr/lib/swift/iphoneos/prebuilt-modules/26.2/_SpriteKit_SwiftUI.swiftmodule/arm64e-apple-ios.swiftmodule /Applications/Xcode_26.3.app/Contents/Developer/Toolchains/XcodeDefault.xctoolchain/usr/lib/swift/iphoneos/prebuilt-modules/26.2/Accessibility.swiftmodule/arm64e-apple-ios.swiftmodule /Applications/Xcode_26.3.app/Contents/Developer/Toolchains/XcodeDefault.xctoolchain/usr/lib/swift/iphoneos/prebuilt-modules/26.2/ModelIO.swiftmodule/arm64e-apple-ios.swiftmodule /Applications/Xcode_26.3.app/Contents/Developer/Toolchains/XcodeDefault.xctoolchain/usr/lib/swift/iphoneos/prebuilt-modules/26.2/Symbols.swiftmodule/arm64e-apple-ios.swiftmodule /Applications/Xcode_26.3.app/Contents/Developer/Toolchains/XcodeDefault.xctoolchain/usr/lib/swift/iphoneos/prebuilt-modules/26.2/_Builtin_float.swiftmodule/arm64e-apple-ios.swiftmodule /Applications/Xcode_26.3.app/Contents/Developer/Toolchains/XcodeDefault.xctoolchain/usr/lib/swift/iphoneos/prebuilt-modules/26.2/Foundation.swiftmodule/arm64e-apple-ios.swiftmodule /Users/runner/work/Seven-Theme-Park/Seven-Theme-Park/build/ModuleCache.noindex/_DarwinFoundation1-3JBTL2XTK1MDLZZW02ID9UQJO.pcm /Users/runner/work/Seven-Theme-Park/Seven-Theme-Park/build/ModuleCache.noindex/SpriteKit-CA5QHARTKKAV0D6SD89FZZVPU.pcm /Users/runner/work/Seven-Theme-Park/Seven-Theme-Park/build/ModuleCache.noindex/DataDetection-694XIW2U1IS7UM71E02IQXEOM.pcm /Users/runner/work/Seven-Theme-Park/Seven-Theme-Park/build/ModuleCache.noindex/MachO-5IJSFRASJW0XZR7ZM5OAP3W1X.pcm /Users/runner/work/Seven-Theme-Park/Seven-Theme-Park/build/ModuleCache.noindex/ptrcheck-6N3DIKYT7N0MEPSYAFM9IP609.pcm /Users/runner/work/Seven-Theme-Park/Seven-Theme-Park/build/ModuleCache.noindex/_Builtin_stdint-27DGC3UAT7DA8YTJPLWVHCM3X.pcm /Users/runner/work/Seven-Theme-Park/Seven-Theme-Park/build/ModuleCache.noindex/SwiftUI-CUBCRWNSUCZ20321GYYFSVYCR.pcm /Users/runner/work/Seven-Theme-Park/Seven-Theme-Park/build/ModuleCache.noindex/Symbols-ER48Q2YS68U2W6Z545V7SP0CL.pcm /Users/runner/work/Seven-Theme-Park/Seven-Theme-Park/build/ModuleCache.noindex/Accessibility-8KDXE77PHG8NX4701ZPTUPG3C.pcm /Users/runner/work/Seven-Theme-Park/Seven-Theme-Park/build/ModuleCache.noindex/_Builtin_limits-1VZIWDYB23F3TSRQBG1EBX8RT.pcm /Users/runner/work/Seven-Theme-Park/Seven-Theme-Park/build/ModuleCache.noindex/UIKit-BVWW5K5AIDP85R8VYOCAGWBJ4.pcm /Users/runner/work/Seven-Theme-Park/Seven-Theme-Park/build/ModuleCache.noindex/Spatial-4RIUC8HAUMAJJPXWZ3YLMU3VP.pcm /Users/runner/work/Seven-Theme-Park/Seven-Theme-Park/build/ModuleCache.noindex/CoreData-4NQ8ULISB2JXQG1VXVGNDTYAY.pcm /Users/runner/work/Seven-Theme-Park/Seven-Theme-Park/build/ModuleCache.noindex/GLKit-RWHQQGV80CIAPK16STUFM1J3.pcm /Users/runner/work/Seven-Theme-Park/Seven-Theme-Park/build/ModuleCache.noindex/os-CGLDPX3WVJETBHT9V43KQD8FR.pcm /Users/runner/work/Seven-Theme-Park/Seven-Theme-Park/build/ModuleCache.noindex/OSLog-4X7PE1ZPO32MJGK1IV9GKXLSB.pcm /Users/runner/work/Seven-Theme-Park/Seven-Theme-Park/build/ModuleCache.noindex/Metal-A8PGWYF0Q6KPCDGQYRRSRS5JH.pcm /Users/runner/work/Seven-Theme-Park/Seven-Theme-Park/build/ModuleCache.noindex/simd-5VU87T52YJNQF13W3N53VEC4N.pcm /Users/runner/work/Seven-Theme-Park/Seven-Theme-Park/build/ModuleCache.noindex/_DarwinFoundation3-511QNBLF9FQG47N9EKG1RAIB8.pcm /Users/runner/work/Seven-Theme-Park/Seven-Theme-Park/build/ModuleCache.noindex/_Builtin_stdatomic-5HZQMHJ4PDIC5NOM95CNTFF.pcm /Users/runner/work/Seven-Theme-Park/Seven-Theme-Park/build/ModuleCache.noindex/SwiftUICore-8NRT5724HT1I6B9URWI35M4CI.pcm /Users/runner/work/Seven-Theme-Park/Seven-Theme-Park/build/ModuleCache.noindex/os_object-7MZXXO44IFFJX4SCWEM4ZPVOP.pcm /Users/runner/work/Seven-Theme-Park/Seven-Theme-Park/build/ModuleCache.noindex/OpenGLES-49VHXOJS20FTKZ3KDS9DTKMTG.pcm /Users/runner/work/Seven-Theme-Park/Seven-Theme-Park/build/ModuleCache.noindex/_Builtin_stdbool-7BPGKPHTPE6R5A4CCS16H5NTH.pcm /Users/runner/work/Seven-Theme-Park/Seven-Theme-Park/build/ModuleCache.noindex/_Builtin_float-3LJDXGVJQXI9KJV28Y4OU9A8J.pcm /Users/runner/work/Seven-Theme-Park/Seven-Theme-Park/build/ModuleCache.noindex/ModelIO-A6U2LX4SICHR7C1OGZGI5PGY.pcm /Users/runner/work/Seven-Theme-Park/Seven-Theme-Park/build/ModuleCache.noindex/UIUtilities-EH1ZXBP5OFUQVFKIXMQPT344P.pcm /Users/runner/work/Seven-Theme-Park/Seven-Theme-Park/build/ModuleCache.noindex/CoreTransferable-C5HZF5HB9VF4AJF1P8GSPZOIQ.pcm /Users/runner/work/Seven-Theme-Park/Seven-Theme-Park/build/ModuleCache.noindex/_Builtin_inttypes-7LCOB64DXKER7YHJWPOGN99VJ.pcm /Users/runner/work/Seven-Theme-Park/Seven-Theme-Park/build/ModuleCache.noindex/_AvailabilityInternal-7F8SXX679TTRPZLPOM6F7O58S.pcm /Users/runner/work/Seven-Theme-Park/Seven-Theme-Park/build/ModuleCache.noindex/ptrauth-EQW9V2RC5F56SMQJR9ADEE355.pcm /Users/runner/work/Seven-Theme-Park/Seven-Theme-Park/build/Build/Intermediates.noindex/SwiftExplicitPrecompiledModules/GoogleMobileAds-E9IHS8I2U2MW01AGIXH5XXLK2.pcm /Users/runner/work/Seven-Theme-Park/Seven-Theme-Park/build/ModuleCache.noindex/UniformTypeIdentifiers-ATKUT2O0OX31Y7XHQ421TO9WH.pcm /Users/runner/work/Seven-Theme-Park/Seven-Theme-Park/build/ModuleCache.noindex/FileProvider-2F8XSJK7JI7PSVY2OJ2Q5HR01.pcm /Users/runner/work/Seven-Theme-Park/Seven-Theme-Park/build/ModuleCache.noindex/ImageIO-A0A7JAOLK8BOULFI7XOZ3884S.pcm /Users/runner/work/Seven-Theme-Park/Seven-Theme-Park/build/ModuleCache.noindex/ObjectiveC-7QI9HV24G02225OI74IB2YAUP.pcm /Users/runner/work/Seven-Theme-Park/Seven-Theme-Park/build/ModuleCache.noindex/dnssd-6CP2LZELZ8NYFG6ZH50QEM7ZT.pcm /Users/runner/work/Seven-Theme-Park/Seven-Theme-Park/build/ModuleCache.noindex/XPC-2K9PWW4J82U06DNCY0YX9G9B9.pcm /Users/runner/work/Seven-Theme-Park/Seven-Theme-Park/build/ModuleCache.noindex/CoreFoundation-14C4ETUP5XT467F4MVIWUL70V.pcm /Users/runner/work/Seven-Theme-Park/Seven-Theme-Park/build/ModuleCache.noindex/Dispatch-AVK6MDJOPQJHSZ2MDHLEVF0TA.pcm /Users/runner/work/Seven-Theme-Park/Seven-Theme-Park/build/ModuleCache.noindex/AppTrackingTransparency-4ADY3CQAL8FS9GYLN4GYSC3QN.pcm /Users/runner/work/Seven-Theme-Park/Seven-Theme-Park/build/ModuleCache.noindex/_Builtin_stdarg-6YKD07CLV6A61JRB9SYVNC0QK.pcm /Users/runner/work/Seven-Theme-Park/Seven-Theme-Park/build/ModuleCache.noindex/_Builtin_intrinsics-1J57EQTZAJWXUQ8MJLVCGU03.pcm /Users/runner/work/Seven-Theme-Park/Seven-Theme-Park/build/ModuleCache.noindex/Foundation-EAKUJO8ROJ070WGHZ0M7LRQKW.pcm /Users/runner/work/Seven-Theme-Park/Seven-Theme-Park/build/ModuleCache.noindex/_SwiftConcurrencyShims-D1UESG3ESJHMDU8AAOXQQRYEY.pcm /Users/runner/work/Seven-Theme-Park/Seven-Theme-Park/build/ModuleCache.noindex/_DarwinFoundation2-5GOCI2FBP6V52Y5L8PAMQVOC1.pcm /Users/runner/work/Seven-Theme-Park/Seven-Theme-Park/build/ModuleCache.noindex/CoreImage-6RJAJC908IF7NI1AWIUDZNSZ8.pcm /Users/runner/work/Seven-Theme-Park/Seven-Theme-Park/build/ModuleCache.noindex/QuartzCore-2RKOC51ZG60JX5IP7AJGZ7VOW.pcm /Users/runner/work/Seven-Theme-Park/Seven-Theme-Park/build/ModuleCache.noindex/CFNetwork-AHI4B9D2OQEVWVODKFRFNQESK.pcm /Users/runner/work/Seven-Theme-Park/Seven-Theme-Park/build/ModuleCache.noindex/_Builtin_tgmath-5SY2UNNHU3GTKC1SL2T8ZAOTW.pcm /Users/runner/work/Seven-Theme-Park/Seven-Theme-Park/build/ModuleCache.noindex/CoreGraphics-6T0RF939UIDK788QCHXRDWELQ.pcm /Users/runner/work/Seven-Theme-Park/Seven-Theme-Park/build/ModuleCache.noindex/WebKit-7QD0WK90U2NL4RZ6XM7NQKNXQ.pcm /Users/runner/work/Seven-Theme-Park/Seven-Theme-Park/build/ModuleCache.noindex/os_workgroup-A3CP59DPNBGPXQAA5HQ8XFSSE.pcm /Users/runner/work/Seven-Theme-Park/Seven-Theme-Park/build/ModuleCache.noindex/_Builtin_stddef-1XKJFGNSO6H5OI6P006FRG1U8.pcm /Users/runner/work/Seven-Theme-Park/Seven-Theme-Park/build/ModuleCache.noindex/sys_types-8MQ8PONZ2JSHE1AJNLNLFRMFQ.pcm /Users/runner/work/Seven-Theme-Park/Seven-Theme-Park/build/ModuleCache.noindex/CoreText-4XD6UEK25CJ4YUT95DSFCGV92.pcm /Users/runner/work/Seven-Theme-Park/Seven-Theme-Park/build/ModuleCache.noindex/Network-8GWA06MBNHTDZLD8KPNCTTQI6.pcm /Users/runner/work/Seven-Theme-Park/Seven-Theme-Park/build/ModuleCache.noindex/Security-3FS8AXQ7U40UQZDJ5J1LGJZYG.pcm /Users/runner/work/Seven-Theme-Park/Seven-Theme-Park/build/ModuleCache.noindex/DeveloperToolsSupport-D451WU9VOBT48T9ZP6GFZOO1R.pcm /Users/runner/work/Seven-Theme-Park/Seven-Theme-Park/build/ModuleCache.noindex/UserNotifications-F2S7IOML2FAYLOWF7QSDB3R3S.pcm /Users/runner/work/Seven-Theme-Park/Seven-Theme-Park/build/ModuleCache.noindex/Darwin-PIZ5MO1F3V517NCLWF2VHJKZ.pcm /Users/runner/work/Seven-Theme-Park/Seven-Theme-Park/build/ModuleCache.noindex/IOSurface-81A7UY0MG9HQ025CGCF5GCT9F.pcm /Users/runner/work/Seven-Theme-Park/Seven-Theme-Park/build/ModuleCache.noindex/SwiftShims-2B6L4Z8LYH2D8BUCYEEGKEJM5.pcm /Users/runner/work/Seven-Theme-Park/Seven-Theme-Park/build/ModuleCache.noindex/CoreVideo-BFWJQIDZJXAIOPGOSGWUXRQST.pcm /Users/runner/work/Seven-Theme-Park/Seven-Theme-Park/build/Build/Intermediates.noindex/ParkEmpire.build/Release-iphoneos/ParkEmpire.build/Objects-normal/arm64/ParkEmpire-dependencies-1.json (in target 'ParkEmpire' from project 'ParkEmpire')
CompileSwift normal arm64 (in target 'ParkEmpire' from project 'ParkEmpire')
    cd /Users/runner/work/Seven-Theme-Park/Seven-Theme-Park
    
/Users/runner/work/Seven-Theme-Park/Seven-Theme-Park/ParkEmpire/Game/Simulation/Systems/TroublemakerSystem.swift:170:16: warning: value 'guardName' was defined but never used; consider replacing with boolean test
        if let guardName {
           ~~~~^
                         != nil

LinkAssetCatalog /Users/runner/work/Seven-Theme-Park/Seven-Theme-Park/ParkEmpire/Assets.xcassets (in target 'ParkEmpire' from project 'ParkEmpire')
    cd /Users/runner/work/Seven-Theme-Park/Seven-Theme-Park
    builtin-linkAssetCatalog --thinned /Users/runner/work/Seven-Theme-Park/Seven-Theme-Park/build/Build/Intermediates.noindex/ParkEmpire.build/Release-iphoneos/ParkEmpire.build/assetcatalog_output/thinned --thinned-dependencies /Users/runner/work/Seven-Theme-Park/Seven-Theme-Park/build/Build/Intermediates.noindex/ParkEmpire.build/Release-iphoneos/ParkEmpire.build/assetcatalog_dependencies_thinned --thinned-info-plist-content /Users/runner/work/Seven-Theme-Park/Seven-Theme-Park/build/Build/Intermediates.noindex/ParkEmpire.build/Release-iphoneos/ParkEmpire.build/assetcatalog_generated_info.plist_thinned --unthinned /Users/runner/work/Seven-Theme-Park/Seven-Theme-Park/build/Build/Intermediates.noindex/ParkEmpire.build/Release-iphoneos/ParkEmpire.build/assetcatalog_output/unthinned --unthinned-dependencies /Users/runner/work/Seven-Theme-Park/Seven-Theme-Park/build/Build/Intermediates.noindex/ParkEmpire.build/Release-iphoneos/ParkEmpire.build/assetcatalog_dependencies_unthinned --unthinned-info-plist-content /Users/runner/work/Seven-Theme-Park/Seven-Theme-Park/build/Build/Intermediates.noindex/ParkEmpire.build/Release-iphoneos/ParkEmpire.build/assetcatalog_generated_info.plist_unthinned --output /Users/runner/work/Seven-Theme-Park/Seven-Theme-Park/build/Build/Products/Release-iphoneos/ParkEmpire.app --plist-output /Users/runner/work/Seven-Theme-Park/Seven-Theme-Park/build/Build/Intermediates.noindex/ParkEmpire.build/Release-iphoneos/ParkEmpire.build/assetcatalog_generated_info.plist
note: Emplaced /Users/runner/work/Seven-Theme-Park/Seven-Theme-Park/build/Build/Products/Release-iphoneos/ParkEmpire.app/AppIcon60x60@2x.png (in target 'ParkEmpire' from project 'ParkEmpire')
note: Emplaced /Users/runner/work/Seven-Theme-Park/Seven-Theme-Park/build/Build/Products/Release-iphoneos/ParkEmpire.app/Assets.car (in target 'ParkEmpire' from project 'ParkEmpire')
note: Emplaced /Users/runner/work/Seven-Theme-Park/Seven-Theme-Park/build/Build/Products/Release-iphoneos/ParkEmpire.app/AppIcon76x76@2x~ipad.png (in target 'ParkEmpire' from project 'ParkEmpire')

ProcessInfoPlistFile /Users/runner/work/Seven-Theme-Park/Seven-Theme-Park/build/Build/Products/Release-iphoneos/ParkEmpire.app/Info.plist /Users/runner/work/Seven-Theme-Park/Seven-Theme-Park/Config/Info.plist (in target 'ParkEmpire' from project 'ParkEmpire')
    cd /Users/runner/work/Seven-Theme-Park/Seven-Theme-Park
    builtin-infoPlistUtility /Users/runner/work/Seven-Theme-Park/Seven-Theme-Park/Config/Info.plist -producttype com.apple.product-type.application -genpkginfo /Users/runner/work/Seven-Theme-Park/Seven-Theme-Park/build/Build/Products/Release-iphoneos/ParkEmpire.app/PkgInfo -expandbuildsettings -format binary -platform iphoneos -additionalcontentfile /Users/runner/work/Seven-Theme-Park/Seven-Theme-Park/build/Build/Intermediates.noindex/ParkEmpire.build/Release-iphoneos/ParkEmpire.build/assetcatalog_generated_info.plist -scanforprivacyfile /Users/runner/work/Seven-Theme-Park/Seven-Theme-Park/build/Build/Products/Release-iphoneos/ParkEmpire.app/Frameworks/GoogleMobileAds.framework -scanforprivacyfile /Users/runner/work/Seven-Theme-Park/Seven-Theme-Park/build/Build/Products/Release-iphoneos/ParkEmpire.app/Frameworks/UserMessagingPlatform.framework -requiredArchitecture arm64 -o /Users/runner/work/Seven-Theme-Park/Seven-Theme-Park/build/Build/Products/Release-iphoneos/ParkEmpire.app/Info.plist

SwiftDriverJobDiscovery normal arm64 Compiling AppInfo.swift, AppRouter.swift, ParkEmpireApp.swift, RootView.swift, AdBoostEffects.swift, BoostCenter.swift, RewardedAdCenter.swift, AchievementDefinition.swift, AttractionDefinition.swift, Balance.swift, BuildableDefinition.swift, BuildingAppearance.swift, CarParkDefinition.swift, CoasterElementDefinition.swift, CurrencyFormatter.swift, FacilityDefinition.swift, GameContent.swift, GameMode.swift, GuestAppearance.swift, GuestNames.swift, GuestPrize.swift, MapCatalogue.swift, SceneryDefinition.swift, StaffDefinition.swift, ThoughtCatalog.swift, TrialContent.swift, TutorialContent.swift, UpgradeDefinition.swift, ParkPerks.swift, PerkContent.swift, DisplaySettings.swift, Attraction.swift, Facility.swift, Guest.swift, SceneryItem.swift, Staff.swift, TrackElement.swift, AchievementSystem.swift, AttractionSystem.swift, CleanlinessSystem.swift, CriticSystem.swift, DemandSystem.swift, EconomySystem.swift, FacilitySystem.swift, GuestAISystem.swift, InspectionSystem.swift, MaintenanceSystem.swift, MovementSystem.swift, PathfindingSystem.swift, PromotionSystem.swift, RatingSystem.swift, StaffSystem.swift, TourBusSystem.swift, TrialSystem.swift, TroublemakerSystem.swift, FacilityAppeal.swift, GuestEconomics.swift, Locomotion.swift, SeededGenerator.swift, SimMath.swift, SimulationEngine.swift, Economy.swift, FinanceSeries.swift, GameState.swift, GameState+Building.swift, ParkAlert.swift, ParkEvent.swift, ParkStatistics.swift, SimulationClock.swift, Snapshots.swift, TimedModifier.swift, TrialSnapshot.swift, GridCoord.swift, MapLayout.swift, ParkMap.swift, PlacementValidator.swift, Tile.swift, TrackNetwork.swift, DemoPark.swift, GameController.swift, MapEditorModel.swift, TutorialDirector.swift, CustomMapStore.swift, LenientDecoding.swift, PerkStore.swift, SaveGame.swift, SaveGameService.swift, TrialProgressStore.swift, BuildingArtwork.swift, BuildingArtwork+GameBooths.swift, BuildingArtwork+MiniGolf.swift, BuildingArtwork+Scenery.swift, BuildingNode.swift, CoasterElementArtwork.swift, GuestArtwork.swift, MapArtwork.swift, ParkPalette.swift, ParkScene.swift, PathMotion.swift, PersonArtwork.swift, SpriteFactory.swift, StaffArtwork.swift, TerrainArtwork.swift, AchievementsView.swift, CelebrationView.swift, BoostsView.swift, BuildMenuView.swift, Compatibility.swift, Components.swift, Theme.swift, EventCardView.swift, FinanceCanvasChart.swift, FinanceChartPalette.swift, FinanceChartView.swift, FinanceMarksChart.swift, FinanceView.swift, AlertListView.swift, HUDView.swift, SpeedControlView.swift, AttractionInspectorView.swift, FacilityInspectorView.swift, GuestInspectorView.swift, InspectorHostView.swift, StaffInspectorView.swift, UpgradeRowView.swift, ManagementView.swift, MapEditorView.swift, MapPickerView.swift, StaffView.swift, PerkTreeView.swift, TrialLadderView.swift, TrialResultView.swift, TrialTrackerView.swift, TutorialTipView.swift, AboutView.swift, DemoParkBackdrop.swift, DisplaySettingsView.swift, GameView.swift, MainMenuView.swift, ParkSettingsView.swift, TaglineView.swift, GeneratedAssetSymbols.swift (in target 'ParkEmpire' from project 'ParkEmpire')

SwiftDriver\ Compilation\ Requirements ParkEmpire normal arm64 com.apple.xcode.tools.swift.compiler (in target 'ParkEmpire' from project 'ParkEmpire')
    cd /Users/runner/work/Seven-Theme-Park/Seven-Theme-Park
    builtin-Swift-Compilation-Requirements -- /Applications/Xcode_26.3.app/Contents/Developer/Toolchains/XcodeDefault.xctoolchain/usr/bin/swiftc -module-name ParkEmpire -O -whole-module-optimization -enforce-exclusivity\=checked @/Users/runner/work/Seven-Theme-Park/Seven-Theme-Park/build/Build/Intermediates.noindex/ParkEmpire.build/Release-iphoneos/ParkEmpire.build/Objects-normal/arm64/ParkEmpire.SwiftFileList -Xcc -fmodule-map-file\=/Users/runner/work/Seven-Theme-Park/Seven-Theme-Park/build/Build/Intermediates.noindex/GeneratedModuleMaps-iphoneos/UserMessagingPlatformTarget.modulemap -enable-bare-slash-regex -enable-experimental-feature DebugDescriptionMacro -sdk /Applications/Xcode_26.3.app/Contents/Developer/Platforms/iPhoneOS.platform/Developer/SDKs/iPhoneOS26.2.sdk -target arm64-apple-ios15.0 -g -module-cache-path /Users/runner/work/Seven-Theme-Park/Seven-Theme-Park/build/ModuleCache.noindex -Xfrontend -serialize-debugging-options -swift-version 5 -I /Users/runner/work/Seven-Theme-Park/Seven-Theme-Park/build/Build/Products/Release-iphoneos -F /Users/runner/work/Seven-Theme-Park/Seven-Theme-Park/build/Build/Products/Release-iphoneos/PackageFrameworks -F /Users/runner/work/Seven-Theme-Park/Seven-Theme-Park/build/Build/Products/Release-iphoneos/PackageFrameworks -F /Users/runner/work/Seven-Theme-Park/Seven-Theme-Park/build/Build/Products/Release-iphoneos -emit-localized-strings -emit-localized-strings-path /Users/runner/work/Seven-Theme-Park/Seven-Theme-Park/build/Build/Intermediates.noindex/ParkEmpire.build/Release-iphoneos/ParkEmpire.build/Objects-normal/arm64 -c -num-threads 3 -Xcc -ivfsstatcache -Xcc /Users/runner/work/Seven-Theme-Park/Seven-Theme-Park/build/SDKStatCaches.noindex/iphoneos26.2-23C57-dc75598d0054f22ec865fa860f139d722dd23b4ebda140f7210d155ff1243552.sdkstatcache -output-file-map /Users/runner/work/Seven-Theme-Park/Seven-Theme-Park/build/Build/Intermediates.noindex/ParkEmpire.build/Release-iphoneos/ParkEmpire.build/Objects-normal/arm64/ParkEmpire-OutputFileMap.json -use-frontend-parseable-output -save-temps -no-color-diagnostics -explicit-module-build -module-cache-path /Users/runner/work/Seven-Theme-Park/Seven-Theme-Park/build/Build/Intermediates.noindex/SwiftExplicitPrecompiledModules -clang-scanner-module-cache-path /Users/runner/work/Seven-Theme-Park/Seven-Theme-Park/build/ModuleCache.noindex -sdk-module-cache-path /Users/runner/work/Seven-Theme-Park/Seven-Theme-Park/build/ModuleCache.noindex -serialize-diagnostics -emit-dependencies -emit-module -emit-module-path /Users/runner/work/Seven-Theme-Park/Seven-Theme-Park/build/Build/Intermediates.noindex/ParkEmpire.build/Release-iphoneos/ParkEmpire.build/Objects-normal/arm64/ParkEmpire.swiftmodule -validate-clang-modules-once -clang-build-session-file /Users/runner/work/Seven-Theme-Park/Seven-Theme-Park/build/ModuleCache.noindex/Session.modulevalidation -Xcc -I/Users/runner/work/Seven-Theme-Park/Seven-Theme-Park/build/Build/Intermediates.noindex/ParkEmpire.build/Release-iphoneos/ParkEmpire.build/swift-overrides.hmap -emit-const-values -Xfrontend -const-gather-protocols-file -Xfrontend /Users/runner/work/Seven-Theme-Park/Seven-Theme-Park/build/Build/Intermediates.noindex/ParkEmpire.build/Release-iphoneos/ParkEmpire.build/Objects-normal/arm64/ParkEmpire_const_extract_protocols.json -Xcc -iquote -Xcc /Users/runner/work/Seven-Theme-Park/Seven-Theme-Park/build/Build/Intermediates.noindex/ParkEmpire.build/Release-iphoneos/ParkEmpire.build/ParkEmpire-generated-files.hmap -Xcc -I/Users/runner/work/Seven-Theme-Park/Seven-Theme-Park/build/Build/Intermediates.noindex/ParkEmpire.build/Release-iphoneos/ParkEmpire.build/ParkEmpire-own-target-headers.hmap -Xcc -I/Users/runner/work/Seven-Theme-Park/Seven-Theme-Park/build/Build/Intermediates.noindex/ParkEmpire.build/Release-iphoneos/ParkEmpire.build/ParkEmpire-all-non-framework-target-headers.hmap -Xcc -ivfsoverlay -Xcc /Users/runner/work/Seven-Theme-Park/Seven-Theme-Park/build/Build/Intermediates.noindex/ParkEmpire.build/Release-iphoneos/ParkEmpire-29670ae6b33e365cba363b65a636c35e-VFS-iphoneos/all-product-headers.yaml -Xcc -iquote -Xcc /Users/runner/work/Seven-Theme-Park/Seven-Theme-Park/build/Build/Intermediates.noindex/ParkEmpire.build/Release-iphoneos/ParkEmpire.build/ParkEmpire-project-headers.hmap -Xcc -I/Users/runner/work/Seven-Theme-Park/Seven-Theme-Park/build/SourcePackages/checkouts/swift-package-manager-google-user-messaging-platform/UserMessagingPlatformTarget/include -Xcc -I/Users/runner/work/Seven-Theme-Park/Seven-Theme-Park/build/Build/Products/Release-iphoneos/include -Xcc -I/Users/runner/work/Seven-Theme-Park/Seven-Theme-Park/build/Build/Intermediates.noindex/ParkEmpire.build/Release-iphoneos/ParkEmpire.build/DerivedSources-normal/arm64 -Xcc -I/Users/runner/work/Seven-Theme-Park/Seven-Theme-Park/build/Build/Intermediates.noindex/ParkEmpire.build/Release-iphoneos/ParkEmpire.build/DerivedSources/arm64 -Xcc -I/Users/runner/work/Seven-Theme-Park/Seven-Theme-Park/build/Build/Intermediates.noindex/ParkEmpire.build/Release-iphoneos/ParkEmpire.build/DerivedSources -emit-objc-header -emit-objc-header-path /Users/runner/work/Seven-Theme-Park/Seven-Theme-Park/build/Build/Intermediates.noindex/ParkEmpire.build/Release-iphoneos/ParkEmpire.build/Objects-normal/arm64/ParkEmpire-Swift.h -working-directory /Users/runner/work/Seven-Theme-Park/Seven-Theme-Park -no-emit-module-separately-wmo

SwiftMergeGeneratedHeaders /Users/runner/work/Seven-Theme-Park/Seven-Theme-Park/build/Build/Intermediates.noindex/ParkEmpire.build/Release-iphoneos/ParkEmpire.build/DerivedSources/ParkEmpire-Swift.h /Users/runner/work/Seven-Theme-Park/Seven-Theme-Park/build/Build/Intermediates.noindex/ParkEmpire.build/Release-iphoneos/ParkEmpire.build/Objects-normal/arm64/ParkEmpire-Swift.h (in target 'ParkEmpire' from project 'ParkEmpire')
    cd /Users/runner/work/Seven-Theme-Park/Seven-Theme-Park
    builtin-swiftHeaderTool -arch arm64 /Users/runner/work/Seven-Theme-Park/Seven-Theme-Park/build/Build/Intermediates.noindex/ParkEmpire.build/Release-iphoneos/ParkEmpire.build/Objects-normal/arm64/ParkEmpire-Swift.h -o /Users/runner/work/Seven-Theme-Park/Seven-Theme-Park/build/Build/Intermediates.noindex/ParkEmpire.build/Release-iphoneos/ParkEmpire.build/DerivedSources/ParkEmpire-Swift.h

Copy /Users/runner/work/Seven-Theme-Park/Seven-Theme-Park/build/Build/Products/Release-iphoneos/ParkEmpire.swiftmodule/arm64-apple-ios.swiftmodule /Users/runner/work/Seven-Theme-Park/Seven-Theme-Park/build/Build/Intermediates.noindex/ParkEmpire.build/Release-iphoneos/ParkEmpire.build/Objects-normal/arm64/ParkEmpire.swiftmodule (in target 'ParkEmpire' from project 'ParkEmpire')
    cd /Users/runner/work/Seven-Theme-Park/Seven-Theme-Park
    builtin-copy -exclude .DS_Store -exclude CVS -exclude .svn -exclude .git -exclude .hg -resolve-src-symlinks -rename /Users/runner/work/Seven-Theme-Park/Seven-Theme-Park/build/Build/Intermediates.noindex/ParkEmpire.build/Release-iphoneos/ParkEmpire.build/Objects-normal/arm64/ParkEmpire.swiftmodule /Users/runner/work/Seven-Theme-Park/Seven-Theme-Park/build/Build/Products/Release-iphoneos/ParkEmpire.swiftmodule/arm64-apple-ios.swiftmodule

Copy /Users/runner/work/Seven-Theme-Park/Seven-Theme-Park/build/Build/Products/Release-iphoneos/ParkEmpire.swiftmodule/arm64-apple-ios.swiftdoc /Users/runner/work/Seven-Theme-Park/Seven-Theme-Park/build/Build/Intermediates.noindex/ParkEmpire.build/Release-iphoneos/ParkEmpire.build/Objects-normal/arm64/ParkEmpire.swiftdoc (in target 'ParkEmpire' from project 'ParkEmpire')
    cd /Users/runner/work/Seven-Theme-Park/Seven-Theme-Park
    builtin-copy -exclude .DS_Store -exclude CVS -exclude .svn -exclude .git -exclude .hg -resolve-src-symlinks -rename /Users/runner/work/Seven-Theme-Park/Seven-Theme-Park/build/Build/Intermediates.noindex/ParkEmpire.build/Release-iphoneos/ParkEmpire.build/Objects-normal/arm64/ParkEmpire.swiftdoc /Users/runner/work/Seven-Theme-Park/Seven-Theme-Park/build/Build/Products/Release-iphoneos/ParkEmpire.swiftmodule/arm64-apple-ios.swiftdoc

Copy /Users/runner/work/Seven-Theme-Park/Seven-Theme-Park/build/Build/Products/Release-iphoneos/ParkEmpire.swiftmodule/arm64-apple-ios.abi.json /Users/runner/work/Seven-Theme-Park/Seven-Theme-Park/build/Build/Intermediates.noindex/ParkEmpire.build/Release-iphoneos/ParkEmpire.build/Objects-normal/arm64/ParkEmpire.abi.json (in target 'ParkEmpire' from project 'ParkEmpire')
    cd /Users/runner/work/Seven-Theme-Park/Seven-Theme-Park
    builtin-copy -exclude .DS_Store -exclude CVS -exclude .svn -exclude .git -exclude .hg -resolve-src-symlinks -rename /Users/runner/work/Seven-Theme-Park/Seven-Theme-Park/build/Build/Intermediates.noindex/ParkEmpire.build/Release-iphoneos/ParkEmpire.build/Objects-normal/arm64/ParkEmpire.abi.json /Users/runner/work/Seven-Theme-Park/Seven-Theme-Park/build/Build/Products/Release-iphoneos/ParkEmpire.swiftmodule/arm64-apple-ios.abi.json

Copy /Users/runner/work/Seven-Theme-Park/Seven-Theme-Park/build/Build/Products/Release-iphoneos/ParkEmpire.swiftmodule/Project/arm64-apple-ios.swiftsourceinfo /Users/runner/work/Seven-Theme-Park/Seven-Theme-Park/build/Build/Intermediates.noindex/ParkEmpire.build/Release-iphoneos/ParkEmpire.build/Objects-normal/arm64/ParkEmpire.swiftsourceinfo (in target 'ParkEmpire' from project 'ParkEmpire')
    cd /Users/runner/work/Seven-Theme-Park/Seven-Theme-Park
    builtin-copy -exclude .DS_Store -exclude CVS -exclude .svn -exclude .git -exclude .hg -resolve-src-symlinks -rename /Users/runner/work/Seven-Theme-Park/Seven-Theme-Park/build/Build/Intermediates.noindex/ParkEmpire.build/Release-iphoneos/ParkEmpire.build/Objects-normal/arm64/ParkEmpire.swiftsourceinfo /Users/runner/work/Seven-Theme-Park/Seven-Theme-Park/build/Build/Products/Release-iphoneos/ParkEmpire.swiftmodule/Project/arm64-apple-ios.swiftsourceinfo

Ld /Users/runner/work/Seven-Theme-Park/Seven-Theme-Park/build/Build/Products/Release-iphoneos/ParkEmpire.app/ParkEmpire normal (in target 'ParkEmpire' from project 'ParkEmpire')
    cd /Users/runner/work/Seven-Theme-Park/Seven-Theme-Park
    /Applications/Xcode_26.3.app/Contents/Developer/Toolchains/XcodeDefault.xctoolchain/usr/bin/clang -Xlinker -reproducible -target arm64-apple-ios15.0 -isysroot /Applications/Xcode_26.3.app/Contents/Developer/Platforms/iPhoneOS.platform/Developer/SDKs/iPhoneOS26.2.sdk -Os -L/Users/runner/work/Seven-Theme-Park/Seven-Theme-Park/build/Build/Intermediates.noindex/EagerLinkingTBDs/Release-iphoneos -L/Users/runner/work/Seven-Theme-Park/Seven-Theme-Park/build/Build/Products/Release-iphoneos -F/Users/runner/work/Seven-Theme-Park/Seven-Theme-Park/build/Build/Intermediates.noindex/EagerLinkingTBDs/Release-iphoneos -F/Users/runner/work/Seven-Theme-Park/Seven-Theme-Park/build/Build/Products/Release-iphoneos/PackageFrameworks -F/Users/runner/work/Seven-Theme-Park/Seven-Theme-Park/build/Build/Products/Release-iphoneos/PackageFrameworks -F/Users/runner/work/Seven-Theme-Park/Seven-Theme-Park/build/Build/Products/Release-iphoneos -filelist /Users/runner/work/Seven-Theme-Park/Seven-Theme-Park/build/Build/Intermediates.noindex/ParkEmpire.build/Release-iphoneos/ParkEmpire.build/Objects-normal/arm64/ParkEmpire.LinkFileList -Xlinker -rpath -Xlinker /usr/lib/swift -dead_strip -Xlinker -object_path_lto -Xlinker /Users/runner/work/Seven-Theme-Park/Seven-Theme-Park/build/Build/Intermediates.noindex/ParkEmpire.build/Release-iphoneos/ParkEmpire.build/Objects-normal/arm64/ParkEmpire_lto.o -Xlinker -dependency_info -Xlinker /Users/runner/work/Seven-Theme-Park/Seven-Theme-Park/build/Build/Intermediates.noindex/ParkEmpire.build/Release-iphoneos/ParkEmpire.build/Objects-normal/arm64/ParkEmpire_dependency_info.dat -fobjc-link-runtime -L/Applications/Xcode_26.3.app/Contents/Developer/Toolchains/XcodeDefault.xctoolchain/usr/lib/swift/iphoneos -L/usr/lib/swift -Xlinker -add_ast_path -Xlinker /Users/runner/work/Seven-Theme-Park/Seven-Theme-Park/build/Build/Intermediates.noindex/ParkEmpire.build/Release-iphoneos/ParkEmpire.build/Objects-normal/arm64/ParkEmpire.swiftmodule @/Users/runner/work/Seven-Theme-Park/Seven-Theme-Park/build/Build/Intermediates.noindex/ParkEmpire.build/Release-iphoneos/ParkEmpire.build/Objects-normal/arm64/ParkEmpire-linker-args.resp -Wl,-no_warn_duplicate_libraries -Wl,-no_warn_duplicate_libraries -framework WebKit -framework GoogleMobileAds -framework UserMessagingPlatform -o /Users/runner/work/Seven-Theme-Park/Seven-Theme-Park/build/Build/Products/Release-iphoneos/ParkEmpire.app/ParkEmpire -Xlinker -add_ast_path -Xlinker /Users/runner/work/Seven-Theme-Park/Seven-Theme-Park/build/Build/Intermediates.noindex/GoogleMobileAds.build/Release-iphoneos/GoogleMobileAdsTarget.build/Objects-normal/arm64/GoogleMobileAdsTarget.swiftmodule @/Users/runner/work/Seven-Theme-Park/Seven-Theme-Park/build/Build/Intermediates.noindex/GoogleMobileAds.build/Release-iphoneos/GoogleMobileAdsTarget.build/Objects-normal/arm64/GoogleMobileAdsTarget-linker-args.resp

CopySwiftLibs /Users/runner/work/Seven-Theme-Park/Seven-Theme-Park/build/Build/Products/Release-iphoneos/ParkEmpire.app (in target 'ParkEmpire' from project 'ParkEmpire')
    cd /Users/runner/work/Seven-Theme-Park/Seven-Theme-Park
    builtin-swiftStdLibTool --copy --verbose --scan-executable /Users/runner/work/Seven-Theme-Park/Seven-Theme-Park/build/Build/Products/Release-iphoneos/ParkEmpire.app/ParkEmpire --scan-folder /Users/runner/work/Seven-Theme-Park/Seven-Theme-Park/build/Build/Products/Release-iphoneos/ParkEmpire.app/Frameworks --scan-folder /Users/runner/work/Seven-Theme-Park/Seven-Theme-Park/build/Build/Products/Release-iphoneos/ParkEmpire.app/PlugIns --scan-folder /Users/runner/work/Seven-Theme-Park/Seven-Theme-Park/build/Build/Products/Release-iphoneos/ParkEmpire.app/SystemExtensions --scan-folder /Users/runner/work/Seven-Theme-Park/Seven-Theme-Park/build/Build/Products/Release-iphoneos/ParkEmpire.app/Extensions --platform iphoneos --toolchain /var/run/com.apple.security.cryptexd/mnt/com.apple.MobileAsset.MetalToolchain-v17.3.7003.10.4NSjso/Metal.xctoolchain --toolchain /Applications/Xcode_26.3.app/Contents/Developer/Toolchains/XcodeDefault.xctoolchain --destination /Users/runner/work/Seven-Theme-Park/Seven-Theme-Park/build/Build/Products/Release-iphoneos/ParkEmpire.app/Frameworks --strip-bitcode --strip-bitcode-tool /Applications/Xcode_26.3.app/Contents/Developer/Toolchains/XcodeDefault.xctoolchain/usr/bin/bitcode_strip --emit-dependency-info /Users/runner/work/Seven-Theme-Park/Seven-Theme-Park/build/Build/Intermediates.noindex/ParkEmpire.build/Release-iphoneos/ParkEmpire.build/SwiftStdLibToolInputDependencies.dep --filter-for-swift-os --back-deploy-swift-span
Ignoring --strip-bitcode because --sign was not passed

ExtractAppIntentsMetadata (in target 'ParkEmpire' from project 'ParkEmpire')
    cd /Users/runner/work/Seven-Theme-Park/Seven-Theme-Park
    /Applications/Xcode_26.3.app/Contents/Developer/Toolchains/XcodeDefault.xctoolchain/usr/bin/appintentsmetadataprocessor --toolchain-dir /var/run/com.apple.security.cryptexd/mnt/com.apple.MobileAsset.MetalToolchain-v17.3.7003.10.4NSjso/Metal.xctoolchain --module-name ParkEmpire --sdk-root /Applications/Xcode_26.3.app/Contents/Developer/Platforms/iPhoneOS.platform/Developer/SDKs/iPhoneOS26.2.sdk --xcode-version 17C529 --platform-family iOS --deployment-target 15.0 --bundle-identifier com.wickedstudios.wonderlot.7X49UN26T8 --output /Users/runner/work/Seven-Theme-Park/Seven-Theme-Park/build/Build/Products/Release-iphoneos/ParkEmpire.app --target-triple arm64-apple-ios15.0 --binary-file /Users/runner/work/Seven-Theme-Park/Seven-Theme-Park/build/Build/Products/Release-iphoneos/ParkEmpire.app/ParkEmpire --dependency-file /Users/runner/work/Seven-Theme-Park/Seven-Theme-Park/build/Build/Intermediates.noindex/ParkEmpire.build/Release-iphoneos/ParkEmpire.build/Objects-normal/arm64/ParkEmpire_dependency_info.dat --stringsdata-file /Users/runner/work/Seven-Theme-Park/Seven-Theme-Park/build/Build/Intermediates.noindex/ParkEmpire.build/Release-iphoneos/ParkEmpire.build/Objects-normal/arm64/ExtractedAppShortcutsMetadata.stringsdata --source-file-list /Users/runner/work/Seven-Theme-Park/Seven-Theme-Park/build/Build/Intermediates.noindex/ParkEmpire.build/Release-iphoneos/ParkEmpire.build/Objects-normal/arm64/ParkEmpire.SwiftFileList --metadata-file-list /Users/runner/work/Seven-Theme-Park/Seven-Theme-Park/build/Build/Intermediates.noindex/ParkEmpire.build/Release-iphoneos/ParkEmpire.build/ParkEmpire.DependencyMetadataFileList --static-metadata-file-list /Users/runner/work/Seven-Theme-Park/Seven-Theme-Park/build/Build/Intermediates.noindex/ParkEmpire.build/Release-iphoneos/ParkEmpire.build/ParkEmpire.DependencyStaticMetadataFileList --swift-const-vals-list /Users/runner/work/Seven-Theme-Park/Seven-Theme-Park/build/Build/Intermediates.noindex/ParkEmpire.build/Release-iphoneos/ParkEmpire.build/Objects-normal/arm64/ParkEmpire.SwiftConstValuesFileList --compile-time-extraction --deployment-aware-processing --validate-assistant-intents --no-app-shortcuts-localization
2026-09-17 03:47:14.703 appintentsmetadataprocessor[6462:21588] Starting appintentsmetadataprocessor export
2026-09-17 03:47:14.713 appintentsmetadataprocessor[6462:21588] warning: Metadata extraction skipped. No AppIntents.framework dependency found.

GenerateDSYMFile /Users/runner/work/Seven-Theme-Park/Seven-Theme-Park/build/Build/Products/Release-iphoneos/ParkEmpire.app.dSYM /Users/runner/work/Seven-Theme-Park/Seven-Theme-Park/build/Build/Products/Release-iphoneos/ParkEmpire.app/ParkEmpire (in target 'ParkEmpire' from project 'ParkEmpire')
    cd /Users/runner/work/Seven-Theme-Park/Seven-Theme-Park
    /Applications/Xcode_26.3.app/Contents/Developer/Toolchains/XcodeDefault.xctoolchain/usr/bin/dsymutil /Users/runner/work/Seven-Theme-Park/Seven-Theme-Park/build/Build/Products/Release-iphoneos/ParkEmpire.app/ParkEmpire -o /Users/runner/work/Seven-Theme-Park/Seven-Theme-Park/build/Build/Products/Release-iphoneos/ParkEmpire.app.dSYM

AppIntentsSSUTraining (in target 'ParkEmpire' from project 'ParkEmpire')
    cd /Users/runner/work/Seven-Theme-Park/Seven-Theme-Park
    /Applications/Xcode_26.3.app/Contents/Developer/Toolchains/XcodeDefault.xctoolchain/usr/bin/appintentsnltrainingprocessor --infoplist-path /Users/runner/work/Seven-Theme-Park/Seven-Theme-Park/build/Build/Products/Release-iphoneos/ParkEmpire.app/Info.plist --temp-dir-path /Users/runner/work/Seven-Theme-Park/Seven-Theme-Park/build/Build/Intermediates.noindex/ParkEmpire.build/Release-iphoneos/ParkEmpire.build/ssu --bundle-id com.wickedstudios.wonderlot.7X49UN26T8 --product-path /Users/runner/work/Seven-Theme-Park/Seven-Theme-Park/build/Build/Products/Release-iphoneos/ParkEmpire.app --extracted-metadata-path /Users/runner/work/Seven-Theme-Park/Seven-Theme-Park/build/Build/Products/Release-iphoneos/ParkEmpire.app/Metadata.appintents --metadata-file-list /Users/runner/work/Seven-Theme-Park/Seven-Theme-Park/build/Build/Intermediates.noindex/ParkEmpire.build/Release-iphoneos/ParkEmpire.build/ParkEmpire.DependencyMetadataFileList --archive-ssu-assets
2026-09-17 03:47:14.788 appintentsnltrainingprocessor[6464:21590] Parsing options for appintentsnltrainingprocessor
2026-09-17 03:47:14.796 appintentsnltrainingprocessor[6464:21590] No AppShortcuts found - Skipping.

RegisterExecutionPolicyException /Users/runner/work/Seven-Theme-Park/Seven-Theme-Park/build/Build/Products/Release-iphoneos/ParkEmpire.app (in target 'ParkEmpire' from project 'ParkEmpire')
    cd /Users/runner/work/Seven-Theme-Park/Seven-Theme-Park
    builtin-RegisterExecutionPolicyException /Users/runner/work/Seven-Theme-Park/Seven-Theme-Park/build/Build/Products/Release-iphoneos/ParkEmpire.app

Validate /Users/runner/work/Seven-Theme-Park/Seven-Theme-Park/build/Build/Products/Release-iphoneos/ParkEmpire.app (in target 'ParkEmpire' from project 'ParkEmpire')
    cd /Users/runner/work/Seven-Theme-Park/Seven-Theme-Park
    builtin-validationUtility /Users/runner/work/Seven-Theme-Park/Seven-Theme-Park/build/Build/Products/Release-iphoneos/ParkEmpire.app -validate-for-store -shallow-bundle -infoplist-subpath Info.plist

Touch /Users/runner/work/Seven-Theme-Park/Seven-Theme-Park/build/Build/Products/Release-iphoneos/ParkEmpire.app (in target 'ParkEmpire' from project 'ParkEmpire')
    cd /Users/runner/work/Seven-Theme-Park/Seven-Theme-Park
    /usr/bin/touch -c /Users/runner/work/Seven-Theme-Park/Seven-Theme-Park/build/Build/Products/Release-iphoneos/ParkEmpire.app

** BUILD SUCCEEDED **

